,"Austria","Azerbaijan","American Samoa","Albania","Antigua and Barbuda","Algeria","Armenia","Aruba","Angola","Bahamas","Argentina","Afghanistan","Bangladesh","Barbados","Belarus","Bermuda","Benin","Bhutan","Belize","Bolivia","Bosnia and Herzegovina","Belgium","Botswana","Brazil","British Virgin Islands","Brunei Darussalam","Bahrain","Bulgaria","Burkina Faso","Burma","Burundi","Cambodia","Canada","Cape Verde","Cayman Islands","Central African Republic","Cameroon","Chad","Chile","China","Colombia","Congo","Cook Islands","Comoros","Costa Rica","Croatia","Cuba","Cyprus","Czechoslovakia","Czech republic","Democratic Republic of the Congo","Czechia","Denmark","Djibouti","Dominica","Dominican Republic","Ecuador","Egypt","Equatorial Guinea","El Salvador","Eritrea","Estonia","Australia","Ethiopia","Faeroe Islands","Finland","France","French Guiana","French Polynesia","Gabon","Gambia","Georgia","Germany","Ghana","Greece","Gibraltar","Greenland","Grenada","Guam","Guatemala","Guinea","Guinea-Bissau","Guyana","Guadeloupe","Haiti","Honduras","Hong Kong Special Administrative Region (China)","Fiji","Hungary","Iceland","Inde","India","Indonesia","Iran","Iraq","Ireland","Israel","Italy","Falkland Islands (Malvinas)","Ivory Coast","Jamaica","Japan","Jordan","Kiribati","Kosovo","Kuwait","Kyrgyzstan","Laos","Kenya","Latvia","Lebanon","Lesotho","Liberia","Libya","Lithuania","Luxembourg","Macao Special Administrative Region (China)","Kazakhstan","Macedonia","Malawi","Maldives","Mali","Malaysia","Malta","Martinique","Mauritania","Mauritius","Mexico","Moldova","Mongolia","Madagascar","Montenegro","Morocco","Mozambique","Namibia","Nauru","Nepal","Montserrat","Netherlands Antilles","New Caledonia","Netherlands","New Zealand","Nicaragua","North Korea","Norway","Oman","Pakistan","Northern Mariana Islands","Palestinian Territories","Panama","Papua New Guinea","Niue","Paraguay","Peru","Philippines","Nigeria","Poland","Portugal","Puerto Rico","Niger","Qatar","Reunion","Romania","Rwanda","Saint Helena","Saint Kitts and Nevis","Russian Federation & USSR","Saint Lucia","Saint Pierre and Miquelon","Saint Vincent and the Grenadines","Samoa","Sao Tome and Principe","Serbia","Seychelles","Sierra Leone","Singapore","Slovakia","Slovenia","Senegal","Solomon Islands","Somalia","Saudi Arabia","South Africa","South Sudan","South Korea","Sri Lanka","Suriname","Sudan","Swaziland","Sweden","Switzerland","Syria","Taiwan","Tajikistan","Tanzania","Spain","Thailand","Timor-Leste","Togo","Tonga","Trinidad and Tobago","Tunisia","Turkey","Turkmenistan","Turks and Caicos Islands","Uganda","United Arab Emirates","U.S. Pacific Islands","U.S. Territories","Uruguay","Uzbekistan","Vanuatu","United States Virgin Islands","Venezuela","United States of America","Viet Nam","United Kingdom","Wake Island","Western Sahara","Yemen","Yugoslavia","Zimbabwe","Ukraine","Zambia"
"1900-01-01 00:00:00",14.834533,,,0,,0,,,,,0,0,,,,,,,,,,15.0280515,0,0,,,,0.04305,,0,0,,3.6687,,,,,,0.224315,0,0,,,,,,,,11.2594307,,0,,0,,,,,,,,,,3.655988,,,,23.19226,,,,,,55.6673194,,0.0017836,,0,,,,,,,,,,,,2.0389341,,0,3.4004628,0.1421,0,,0,,0.100632,,,,4.94086775,,,,,,,,,,,,,,,,,,,,,0.0154,,,,,0.2638944,,0,0,,0,0,,,0,,,,0.224,0.6379114,,0,0,,0,,,,,,,0.0336,0,0,16.420866,0.021,,0,,,0.014553,,,,9.3131262,,,,,,,,,,,,,,,,0.5743836,,0,,,,0,0.1638756,,,0.0294,,0,1.5313109,0,,,,,0,0.273126,,,,,,,,,,,0,157.29964635,0.1358,134.6910278,,,,0.1662521,0,,0
"1901-01-01 00:00:00",15.6663073,,,0,,0,,,,,0,0,,,,,,,,,,14.228067,0,0,,,,0.0504,,0,0,,4.1188,,,,,,0.41412,0,0,,,,,,,,5.72824175,,0,,0,,,,,,,,,,3.9416825,,,,22.43444,,,,,,56.1913835,,0.0017836,,0,,,,,,,,,,,,2.0495986,,0,3.68766405,0.1435,0,,0,,0.0893109,,,,5.9519355,,,,,,,,,,,,,,,,,,,,,0.0126,,,,,0.3443622,,0,0,,0,0,,,0,,,,0.2191,0.7160468,,0,0,,0,,,,,,,0.0315,0,0,17.320821,0.0112,,0,,,0.024024,,,,9.52698915,,,,,,,,,,,,,,,,0.9638748,,0,,,,0,0.1768816,,,0.0462,,0,1.5732444,0,,,,,0,0.2503655,,,,,,,,,,,0,171.07420715,0.1323,131.0222494,,,,0.1796949,0,,0
"1902-01-01 00:00:00",15.069803,,,0,,0,,,,,0,0,,,,,,,,,,14.6527185,0,0,,,,0.04725,,0,0,,4.7418,,,,,,0.51765,0.02499,0,,,,,,,,5.698882,,0,,0,,,,,,,,,,3.927595,,,,20.82094,,,,,,55.4447698,,0.0012348,,0,,,,,,,,,,,,1.92523695,,0,4.12639815,0.1344,0,,0,,0.0877758,,,,6.4103655,,,,,,,,,,,,,,,,,,,,,0.0133,,,,,0.372351,,0,0,,0,0,,,0,,,,0.2793,0.7947653,,0,0,,0,,,,,,,0,0,0,16.855944,0.0119,,0,,,0.030492,,,,9.4918257,,,,,,,,,,,,,,,,1.4368284,,0,,,,0,0.1983415,,,0.0679,,0,1.6062151,0,,,,,0,0.2763775,,,,,,,,,,,0,178.48227705,0.105,135.8360493,,,,0.1674561,0,,0
"1903-01-01 00:00:00",15.3928691,,,0,,0,,,,,0,0,,,,,,,,,,15.2419785,0,0,,,,0.04095,,0,0,,5.0547,,,,,,0.5707954,0.5177928,0,,,,,,,,5.73318655,,0,,0,,,,,,,,,,4.071851,,,,24.24128,,,,,,59.9629422,,0.001372,,0,,,,,,,,,,,,1.98863,,0,4.1335098,0.1477,0,,0,,0.0742196,,,,6.66776775,,,,,,,,,,,,,,,,,,,,,0.0133,,,,,0.4028388,,0,0,,0,0,,,0,,,,0.3416,0.828002,,0,0,,0,,,,,,,0.0259,0,0,17.523576,0.0056,,0,,,0.028413,,,,9.7235586,,,,,,,,,,,,,,,,1.9196352,,0,,,,0,0.208096,,,0.0567,,0,1.6039401,0,,,,,0,0.3179967,,,,,,,,,,,0,208.4366746,0.147,137.773461,,,,0.1822471,0.0301,,0
"1904-01-01 00:00:00",15.5955226,,,0,,0,,,,,0,0,,,,,,,,,,14.5784205,0,0,,,,0.05145,,0,0,,5.2423,,,,,,0.5190304,0.5512794,0,,,,,,,,5.66643175,,0,,0,,,,,,,,,,3.924214,,,,23.73112,,,,,,62.360816,,0.0017836,,0,,,,,,,,,,,,2.03377965,,0,4.5667734,0.1617,0,,0,,0.05709935,,,,7.086247,,,,,,,,,,,,,,,,,,,,,0.0091,,,,,0.4378248,,0,0,,0,0,,,0,,,,0.3269,0.8968078,,0,0,,0,,,,,,,0.042,0,0,17.637102,0.0091,,0,,,0.028875,,,,11.30360805,,,,,,,,,,,,,,,,2.1630672,,0,,,,0,0.2087463,,,0.0581,,0,1.7880394,0,,,,,0,0.3609165,,,,,,,,,,,0.0007,205.20585085,0.2114,139.0262146,,,,0.1939784,0.0378,,0
"1905-01-01 00:00:00",16.33109485,,,0,,0,,,,,0,0,,,,,,,,,,13.9468875,0,0,,,,0.063,,0,0,,5.5167,,,,,,0.5480188,0.6062574,0,,,,,,,,12.6471947,,0,,0,,,,,,,,,,4.2910525,,,,24.95038,,,,,,65.9767731,,0.0016464,,0,,,,,,,,,,,,2.12070495,,0,4.67891865,0.2135,0,,0,,0.08756615,,,,7.6266155,,,,,,,,,,,,,,,,,,,,,0.0105,,,,,0.4218312,,0,0,,0,0,,,0,,,,0.3465,0.9247966,,0.0042,0,,0,,,,,,,0.0525,0,0,19.113297,0.0098,,0,,,0.03003,,,,10.76174505,,,,,,,,,,,,,,,,2.4731532,,0,,,,0,0.2093966,,,0.0665,,0,1.9334266,0,,,,,0,0.4044866,,,,,,,,,,,0,229.0650824,0.2086,141.2397266,,,,0.2106083,0.0616,,0
"1906-01-01 00:00:00",17.4415836,,,0,,0,,,,,0,0,,,,,,,,,,15.096585,0,0,,,,0.0504,,0,0,,6.1999,,,,,,0.6439566,4.5146934,0,,,,,,,,6.2638254,,0,,0,,,,,,,,,,4.921609,,,,23.73028,,,,,,71.0348317,,0.0016464,,0,,,,,,,,,,,,2.2565767,,0,5.437677,0.2604,0,,0,,0.10112585,,,,8.579956,,,,,,,,,,,,,,,,,,,,,0.0098,,,,,0.4478208,,0,0,,0,0,,,0,,,,0.3948,1.008763,,0,0,,0,,,,,,,0.056,0,0,20.164158,0.007,,0,,,0.033264,,,,12.52452915,,,,,,,,,,,,,,,,2.8278684,,0,,,,0,0.1931391,,,0.0721,,0,1.9494076,0,,,,,0,0.4168423,,,,,,,,,,,0,241.56724515,0.2205,150.1756039,,,,0.2527301,0.0665,,0
"1907-01-01 00:00:00",18.3995399,,,0,,0,,,,,0,0,,,,,,,,,,15.1830525,0,0,,,,0.063,,0,0,,6.6745,,,,,,0.5749366,4.443222,0,,,,,,,,6.8046629,,0,,0,,,,,,,,,,5.542586,,,,25.5136,,,,,,74.9317793,,0.0016464,,0,,,,,,,,,,,,2.2841196,,0,6.1958883,0.2814,0,,0,,0.0974232,,,,9.12359,,,,,,,,,,,,,,,,,,,,,0.0231,,,,,0.472311,,0,0,,0,0,,,0,,,,0.5061,1.0676561,,0,0.0014203,,0,,,,,,,0.1302,0.00189,0,22.092777,0.0063,,0,,,0.029568,,,,14.9877,,,,,,,,,,,,,,,,3.1205664,,0,,,,0,0.1983415,,,0.0945,,0,2.2284969,0,,,,,0,0.4961789,,,,,,,,,,,0,280.1834651,0.224,160.2023423,,,,0.2563918,0.0735,,0
"1908-01-01 00:00:00",18.57182705,,,0,,0,,,,,0,0,,,,,,,,,,15.095304,0,0,,,,0.06125,,0,0,,6.9125,,,,,,0.648788,5.9976,0,,,,,,,,6.9455897,,0,,0,,,,,,,,,,5.8361695,,,,25.95894,,,,,,77.3509527,,0.0012348,,0,,,,,,,,,,,,2.4433801,,0,7.09797375,0.2996,0,,0,,0.10140305,,,,9.79996675,,,,,,,,,,,,,,,,,,,,,0.0238,,,,,0.5412834,,0,0,,0,0,,,0,,,,0.6356,1.0851491,,0,0.0042609,,0,,,,,,,0.2177,0.004725,0,23.100021,0.0035,,0,,,0.037191,,,,14.9127615,,,,,,,,,,,,,,,,3.2086656,,0,,,,0,0.1983415,,,0.1078,,0,2.3626932,0,,,,,0,0.4539094,,,,,,,,,,,0.0007,242.55095865,0.2429,156.4328962,,,,0.2761766,0.1043,,0
"1909-01-01 00:00:00",18.2313838,,,0,,0,,,,,0,0,,,,,,,,,,15.063279,0,0.00806925,,,,0.0777,,0,0,,6.6682,,,,,,0.6204898,5.4978,0,,,,,,,,6.7583054,,0,,0,,,,,,,,,,4.6866295,,,,26.285,,,,,,78.2431636,,0.0005488,,0,,,,,,,,,,,,2.66019495,,0,6.597423,0.3458,0,,0,,0.11733645,,,,9.950787,,,,,,,,,,,,,,,,,,,,,0.0441,,,,,0.6507396,,0,0,,0,0,,,0,,,,0.7847,1.1143041,,0.042,0.0028406,,0,,,,,,,0.2464,0.014175,0,23.516262,0.0042,,0,,,0.023562,,,,15.5675135,,,,,,,,,,,,,,,,3.6937908,,0,,,,0,0.1606241,,,0.1288,,0,2.374799,0,,,,,0,0.5163382,,,,,,,,,,,0,268.7813898,0.2688,157.7757209,,,,0.2824381,0.1085,,0
"1910-01-01 00:00:00",17.97213285,,,0,,0,,,,,0,0,,,,,,,,,,15.3188385,0,0,,,,0.084,,0,0,,8.1977,,,,,,0.7412748,4.9470204,0,,,,,,,,13.8944351,,0,,0,,,,,,,,,,5.5747055,,,,26.6448,,,,,,79.4136945,,0.0001372,,0,,,,,,,,,,,,2.64332075,,0,6.695892,0.3801,0,,0.0567,,0.11929435,,,,10.36863975,,,,,,,,,,,,,,,,,,,,,0.0616,,,,,0.6757296,,0,0,,0,0,,,0,,,,0.9044,1.2810707,,0.0518,0.00355075,,0,,,,,,,0.2149,0.0137025,0,23.514372,0.0056,,0,,,0.028182,,,,14.5568535,,,,,,,,,,,,,,,,4.1881896,,0,,,,0,0.1970409,,,0.1624,,0,2.3292094,0,,,,,0,0.4968292,,,,,,,,,,,0,292.567968,0.3493,158.1695612,,,,0.277872,0.1141,,0
"1911-01-01 00:00:00",18.44008425,,,0,,0,,,,,0,0,,,,,,,,,,14.766087,0,0,,,,0.10395,,0,0,,7.1904,,,,,,0.8199576,7.34706,0,,,,,,,,14.0775845,,0,,0,,,,,,,,,,6.041847,,,,27.26248,,,,,,83.5098565,,0,,0,,,,,,,,,,,,2.74100365,,0,7.067886,0.4221,0,,0,,0.11845575,,,,11.65577875,,,,,,,,,,,,,,,,,,,,,0,,,,,0.69972,,0,0,,0,0,,,0,,,,1.0339,1.2046846,,0.0616,0.0156233,,0,,,,,,,0.2394,0.00945,0,25.096953,0.0077,,0,,,0.030261,,,,15.4589309,,,,,,,,,,,,,,,,4.031118,,0,,,,0,0.2028936,,,0.1785,,0,2.2485428,0,,,,,0,0.5878712,,,,,,,,,,,0,289.520385,0.3059,162.6313185,,,,0.2998597,0.1351,,0
"1912-01-01 00:00:00",19.7704318,,,0,,0,,,,,0,0,,,,,,,,,,14.713566,0,0.0053795,,,,0.1211,,0,0,,9.2162,,,,,,0.9138248,2.5819668,0,,,,,,,,14.9877105,,0,,0,,,,,,,,,,6.715793,,,,28.59122,,,,,,92.5064427,,0,,0,,,,,,,,,,,,2.80227395,,0,8.1740211,0.4263,0,,0,,0.1401883,,,,12.982438,,,,,,,,,,,,,,,,,,,,,0,,,,,0.4908036,,0,0,,0,0,,,0,,,,1.2075,1.2699918,,0.077,0.0170436,,0,,,,,,,0.1953,0.0014175,0,28.341411,0.0105,,0,,,0.047355,,,,18.23977715,,,,,,,,,,,,,,,,4.2791868,,0,,,,0,0.234108,,,0.1953,,0,2.3758896,0,,,,,0,0.526743,,,,,,,,,,,0,311.740737,0.301,155.7670765,,,,0.303457,0.1372,,0
"1913-01-01 00:00:00",20.5964381,,,0,,0,,,,,0,0,,,,,,,,,,14.630301,0,0.00806925,,,,0.1274,,0,0,,9.5326,,,,,,0.8855266,2.8378644,0,,,,,,,,15.6766988,,0,,0,,,,,,,,,,7.107989,,,,28.36876,,,,,,100.4051069,,0,,0,,,,,,,,,,,,2.99018545,,0,9.0088194,0.3976,0,,0.0588,,0.14682605,,,,14.086331,,,,,,,,,,,,,,,,,,,,,0,,,,,0.29988,,0,0,,0,0,,,0,,,,1.3111,1.1008928,,0.0896,0.02343495,,0,,,,,,,0.1918,0.00189,0,29.757063,0.0175,,0,,,0.05313,,,,19.78088,,,,,,,,,,,,,,,,4.6820088,,0,,,,0,0.2367092,,,0.2254,,0,2.4393838,0,,,,,0,0.5377981,,,,,,,,,,,0.0042,332.44308405,0.3563,171.9251254,,,,0.8403192,0.154,,0
"1914-01-01 00:00:00",18.69812245,,,0,,0,,,,,0,0,,,,,,,,,,10.705317,0,0.0053795,,,,0.15295,,0,0,,8.6604,,,,,,0.7502474,3.9854052,0,,,,,,,,14.3180219,,0,,0,,,,,,,,,,7.123767,,,,19.07654,,,,,,87.2856824,,0.002744,,0,,,,,,,,,,,,2.6686275,,0,9.1510524,0.4333,0,,0.0658,,0.1638077,,,,14.73206175,,,,,,,,,,,,,,,,,,,,,0.0014,,,,,0.389844,,0,0,,0,0,,,0,,,,1.3881,1.3271356,,0.1281,0.0269857,,0,,,,,,,0.1988,0.004725,0,24.880065,0.0203,,0,,,0.058674,,,,18.5388756,,,,,,,,,,,,,,,,4.5388476,,0,,,,0,0.2386601,,,0.2422,,0,2.5405954,0,,,,,0,0.4389525,,,,,,,,,,,0.0063,299.52661585,0.434,158.9060249,,,,0,0.2219,,0
"1915-01-01 00:00:00",18.7161128,,,0,,0,,,,,0,0,,,,,,,,,,9.081009,0,0.01344875,,,,0.1939,,0,0,,8.4245,,,,,,0.8089144,4.2448014,0,,,,,,,,14.3255231,,0,,0,,,,,,,,,,6.534346,,,,13.48284,,,,,,81.9415779,,0.005488,,0,,,,,,,,,,,,2.70544085,,0,9.5066349,0.4361,0,,0.0602,,0.20316135,,,,13.54203725,,,,,,,,,,,,,,,,,,,,,0.0084,,,,,0.22491,,0,0,,0,0,,,0,,,,1.6331,1.2880679,,0.1603,0.0127827,,0,,,,,,,0.2037,0.014175,0.0049,24.382554,0.042,,0,,,0.0693,,,,18.24700255,,,,,,,,,,,,,,,,4.5655092,,0,,,,0,0.2679236,,,0.2674,,0,2.6927607,0,,,,,0,0.273126,,,,,,,,,,,0.0098,310.0253464,0.4501,151.4507281,,,,0,0.2604,,0
"1916-01-01 00:00:00",13.1430992,,,0,,0,,,,,0,0,,,,,,,,,,12.0817515,0,0.04034625,,,,0.2303,,0,0,,9.1966,,,,,,0.9787036,4.7396034,0,,,,,,,,15.24988605,,0,,0,,,,,,,,,,5.6170828,,,,14.70196,,,,,,88.5637585,,0.0160524,,0,,,,,,,,,,,,2.6903779,,0,9.59033355,0.5243,0,,0.0637,,0.28228095,,,,15.1347735,,,,,,,,,,,,,,,,,,,,,0.0714,,,,,0.14994,,0,0,,0,0,,,0,,,,1.8592,1.3160567,,0.1337,0.01349285,,0,,,,,,,0.2233,0.0137025,0.0175,27.973344,0.1001,,0,,,0.061446,,,,19.26196895,,,,,,,,,,,,,,,,5.3798472,,0,,,,0,0.2698745,,,0.3654,,0,3.2156747,0,,,,,0.0029645,0.1352624,,,,,,,,,,,0.0133,344.1287003,0.4795,153.3498743,,,,0,0.3122,,0
"1917-01-01 00:00:00",0.83310675,,,0,,0.0014,,,,,0,0,,,,,,,,,,9.5633055,0,0.0806925,,,,0.2737,,0,0,,8.9201,,,,,,1.0622178,5.2374042,0,,,,,,,,14.33711895,,0,,0,,,,,,,,,,5.8472414,,,,19.91626,,,,,,92.5464211,,0.0216776,,0,,,,,,,,,,,,2.64341315,,0,10.12316025,0.5761,0,,0.0679,,0.37889005,,,,17.42701275,,,,,,,,,,,,,,,,,,,,,0.1085,,,,,0.2154138,,0,0,,0,0,,,0,,,,2.198819,1.2058508,,0,0.01775375,,0,,,,,,,0.2478,0.002835,0.0588,31.239012,0.1323,,0,,,0.074382,,,,18.0236987,,,,,,,,,,,,,,,,5.7571668,,0,,,,0,0.2880829,,,0.4746,,0,3.4624737,0,,,,,0.0088935,0.1033977,,,,,,,,,,,0.014,379.880578,0.4578,148.6390969,,,,0,0.3486,,0
"1918-01-01 00:00:00",0.80577945,,,0,,0.004039,,,,,0,0,,,,,,,,,,8.8971855,0,0.1560055,,,,0.2401,,0,0,,10.74401335,,,,,,1.0470334,5.5522782,0,,,,,,,,12.2035375,,0,,0,,,,,,,,,,6.2556851,,,,18.01226,,,,,,89.5358142,,0.0292236,,0,,,,,,,,,,,,2.4635135,,0,11.51813775,0.5831,0,,0.0651,,0.46622905,,,,18.53209575,,,,,,,,,,,,,,,,,,,,,0.1183,,,,,0.3903438,,0,0,,0,0,,,0,,,,2.883538,1.1860254,,0.1316,0.03905825,,0,,,,,,,0.2422,0.00756,0.105,26.1597,0.1295,,0,,,0.054285,,,,7.0518714,,,,,,,,,,,,,,,,5.4812772,,0,,,,0,0.2627212,,,0.5656,,0,4.1709514,0,,,,,0.0121275,0.1209558,,,,,,,,,,,0.0357,395.5839888,0.4459,136.2275348,,,,0,0.3115,,0
"1919-01-01 00:00:00",0.72892015,,,0,,0.0044695,,,,,0,0,,,,,,,,,,11.8383615,0,0.150626,,,,0.21105,,0,0,,9.96268245,,,,,,1.024947,6.399939,0,,,,,,,,11.4802345,,0,,0,,,,,,,,,,6.0367412,,,,15.4581,,,,,,70.1706579,,0.0251076,,0,,,,,,,,,,,,1.1551267,,0,12.57722655,0.665,0,,0.0658,,0.25223695,,,,20.67493225,,,,,,,,,,,,,,,,,,,,,0.1337,,,,,0.3468612,,0,0,,0,0,,,0,,,,2.985199,1.0775688,,0.1561,0.0482902,,0,,,,,,,0.2408,0.0155925,0.098,0.04494,0.091,,0,,,0.456974,,,,4.922568,,,,,,,,,,,,,,,,5.7073212,,0,,,,0,0.2789787,,,0.7672,,0,3.6265341,0,,,,,0,0.2477643,,,,,,,,,,,0.0203,323.10616415,0.4655,137.4355472,,,,0.5980205,0.3241,,0
"1920-01-01 00:00:00",0.89156305,,,0,,0.004739,,,,,0,0,,,,,,,,,,14.3401545,0,0.16515065,,,,0.27825,,0,0,,12.17358065,,,,,,0.7336826,7.0626738,0,,,,,,,,12.9670009,,0.0014,,0,,,,,,,,,,7.3679893,,,,17.41166,,,,,,80.3585244,,0.0270284,,0,,,,,,,,,,,,1.4769146,,0,9.9836625,0.0742,0,,0.077,,0.4359698,,,,19.33550675,,,,,,,,,,,,,,,,,,,,,0.1736,,,,,0.357357,,0,0,,0,0,,,0,,,,3.257422,0.92610385,,0.2023,0.05468155,,0,,,,,,,0.2646,0.027405,0.1281,17.656863,0.11025,,0,,,0.455,,,,4.4238985,,,,,,,,,,,,,,,,6.3309708,,0,,,,0,0.286132,,,0.8036,,0,3.4387108,0,,,,,0.0083545,0.3700207,,,,,,,,,,,0.0168,383.9491656,0.49,137.2877835,,,,0.8014006,0.3668,,0
"1921-01-01 00:00:00",0.91826455,,,0,,0.0063,,,,,0,0,,,,,,,,,,13.9315155,0,0.161385,,,,0.34405,,0,0,,10.8143448,,,,,,0.880005,6.67233,0,,,,,,,,13.7767231,,0.0021,,0,,,,,,,,,,7.3450524,,,,20.06228,,,,,,84.8440747,,0.0231868,,0,,,,,,,,,,,,1.8986758,,0,10.72929165,0.8484,0,,0.063,,0.29552985,,,,17.33326175,,,,,,,,,,,,,,,,,,,,,0.2093,,,,,0.367353,,0,0,,0,0,,,0,,,,3.002979,0.9106132,,0.2177,0.07740635,,0,,,,,,,0.2499,0.0184275,0.1512,16.963506,0.1001,,0,,,0.515445,,,,4.867765,,,,,,,,,,,,,,,,6.268374,,0,,,,0,0.2451631,,,0.7266,,0,3.1161571,0,,,,,0.0061985,0.2224026,,,,,,,,,,,0.0154,295.3673723,0.6447,97.6435481,,,,0.8539853,0.3654,,0
"1922-01-01 00:00:00",1.1556272,,,0,,0.0063,,,,,0,0,,,,,,,,,,13.583724,0,0.16299885,,,,0.37835,,0,0,,10.95678115,,,,,,0.7267806,7.027188,0,,,,,,,,12.17803895,,0.021,,0,,,,,,,,,,7.0105665,,,,22.12294,,,,,,80.4999727,,0.0181104,,0,,,,,,,,,,,,2.14532535,,0,10.5668178,0.7287,0,,0,,0.29394715,,,,18.3147405,,,,,,,,,,,,,,,,,,,,,0.1974,,,,,0.0464814,,0,0,,0,0,,,0,,,,3.4140155,0.926282,,0.2219,0.1477112,,0,,,,,,,0.2121,0.019845,0.0805,19.795944,0.0952,,0,,,0.608622,,,,5.9119781,,,,,,,,,,,,,,,,5.3740512,,0,,,,0,0.2464637,,,0.9429,,0,2.7373745,0,,,,,0,0.2672733,,,,,,,,,,,0.0147,278.19353485,0.693,149.2949087,,,,1.0265297,0.3276,,0
"1923-01-01 00:00:00",1.0008747,,,0,,0.0028,,,,,0,0,,,,,,,,,,14.6821815,0,0.17698555,,,,0.39865,,0,0,,12.1582125,,,,,,0.8033928,8.4831054,0,,,,,,,,12.40372245,,0.0427,,0,,,,,,,,,,7.1930467,,,,26.74364,,,,,,52.104486,,0.0163268,,0,,,,,,,,,,,,2.32814015,,0,10.9256826,0.8092,0,,0,,0.32285435,,,,19.13398375,,,,,,,,,,,,,,,,,,,,,0.2226,,,,,0.6307476,,0,0,,0,0,,,0,,,,3.931053,0.99861125,,0.266,0.1633345,,0,,,,,,,0.1771,0.0203175,0.1246,20.503476,0.1022,,0,,,0.719299,,,,6.6529918,,,,,,,,,,,,,,,,6.5222388,,0,,,,0,0.273126,,,1.0115,,0,3.6538481,0,,,,,0.0002695,0.3882291,,,,,,,,,,,0.0441,383.73892095,0.7399,165.0814879,,,,1.1469976,0.392,,0
"1924-01-01 00:00:00",1.0438197,,,0,,0.0063,,,,,0,0,,,,,,,,,,14.963361,0,0.19850355,,,,0.45325,,0,0,,10.02165465,,,,,,1.0622178,9.258795,0,,,,,,,,14.94096835,,0.0567,,0,,,,,,,,,,7.9058812,,,,31.21734,,,,,,77.6528081,,0.0179732,,0,,,,,,,,,,,,2.1471807,,0,11.77087485,1.0129,0,,0,,0.281778,,,,19.90661925,,,,,,,,,,,,,,,,,,,,,0.2611,,,,,0.6132546,,0,0,,0,0,,,0,,,,4.3774745,1.0382897,,0.2793,0.1888999,,0,,,,,,,0.1078,0.0222075,0.1435,18.32145,0.0903,,0,,,0.780549,,,,8.8769548,,,,,,,,,,,,,,,,6.850872,,0,,,,0,0.2848314,,,1.0542,,0,3.7541483,0,,,,,0,0.6463982,,,,,,,,,,,0.0357,333.408152,0.8652,159.6106988,,,,1.1647685,0.4137,,0
"1925-01-01 00:00:00",1.1044677,,,0,,0.007,,,,,0,0,,,,,,,,,,14.7936285,0,0.2108764,,,,0.448,,0,0,,9.72603345,,,,,,1.0028606,8.7654924,0,,,,,,,,13.42661775,,0.0455,,0,,,,,,,,,,8.0008481,,,,33.38496,,,,,,86.827251,,0.0194824,,0,,,,,,,,,,,,1.93074175,,0,11.61879495,0.9807,0,,0,,0.3645922,,,,20.79411425,,,,,,,,,,,,,,,,,,,,,0.2856,,,,,0.722211,,0,0,,0,0,,,0,,,,5.037956,1.06422435,,0.4445,0.2031029,,0,,,,,,,0.0714,0.02268,0.1701,16.502787,0.08155,,0,,,0.823865,,,,9.02661585,,,,,,,,,,,,,,,,7.1412516,,0,,,,0,0.1716792,,,1.1732,,0,3.7427922,0,,,,,0,0.6247269,,,,,,,,,,,0.0448,339.4480243,0.9541,146.1377106,,,,1.1762639,0.4823,,0
"1926-01-01 00:00:00",1.0903291,,,0,,0.0098,,,,,0,0,,,,,,,,,,16.159815,0,0.1915102,,,,0.4445,,0,0,,11.83664405,,,,,,1.0290882,7.8053766,0,,,,,,,,14.5986771,,0.063,,0,,,,,,,,,,7.8170918,,,,36.42002,,,,,,92.1612608,,0.0209916,,0,,,,,,,,,,,,2.0283739,,0,11.6718588,1.0262,0,,0.056,,0.3962028,,,,20.77115425,,,,,,,,,,,,,,,,,,,,,0.3199,,,,,0.6542382,,0,0,,0,0,,,0,,,,6.2469645,1.11095075,,0.4781,0.1619142,,0,,,,,,,0.1197,0.01323,0.231,20.284509,0.15225,,0,,,0.856261,,,,14.11321835,,,,,,,,,,,,,,,,7.50582,,0,,,,0,0.2497152,,,1.2537,,0,3.979948,0,,,,,0,0.7932001,,,,,,,,,,,0.0273,383.6804125,0.903,75.1087008,,,,1.1868066,0.6125,,0
"1927-01-01 00:00:00",1.1387628,,,0,,0.0147,,,,,0,0,,,,,,,,,,17.6464155,0,0.1839789,,,,0.4571,,0,0,,12.52692245,,,,,,1.0228764,8.8434612,0,,,,,,,,14.9578296,,0.0609,,0,,,,,,,,,,8.0714655,,,,36.70884,,,,,,98.0224707,,0.0196196,,0,,,,,,,,,,,,2.1351218,,0,12.2736138,1.134,0,,0,,0.12354125,,,,22.16342625,,,,,,,,,,,,,,,,,,,,,0.315,,,,,0.5152938,,0,0,,0,0.0112,,,0,,,,6.6957695,1.1695411,,0.4963,0.22653785,,0,,,,,,,0.1134,0.0108675,0.2548,21.610008,0.1344,,0,,,0.91945,,,,17.7384039,,,,,,,,,,,,,,,,7.291368,,0,,,,0,0.2588194,,,1.2999,,0,4.013618,0,,,,,0,0.8648241,,,,,,,,,,,0.0126,348.71614855,1.0437,150.2739168,,,,1.3717669,0.6363,,0
"1928-01-01 00:00:00",1.22292135,,,0,,0.0119,,,,,0,0,,,,,,,,,,17.663709,0,0.17483375,,,,0.52535,,0,0,,12.6242487,,,,,,0.9497152,8.986404,0.07,,,,,,,,15.01925355,,0.0686,,0,,,,,,,,,,7.1388562,,,,36.40616,,,,,,100.1827869,,0.0166012,,0,,,,,,,,,,,,2.2116759,,0,12.53018025,1.1928,0,,0,,0.2371936,,,,22.373323,,,,,,,,,,,,,,,,,,,,,0.3962,,,,,0.5112954,,0,0,,0,0.0042,,,0,,,,7.6970915,1.200066,,0.5712,0.19529125,,0,,,,,,,0.1386,0.0127575,0.2555,23.044812,0.1498,,0,,,0.88613,,,,19.53139335,,,,,,,,,,,,,,,,7.3064376,,0,,,,0,0.2334577,,,1.1088,,0,3.8996867,0,,,,,0,0.8166564,,,,,,,,,,,0.0126,336.02045785,1.3762,142.0303507,,,,1.4734979,0.7665,,0
"1929-01-01 00:00:00",1.31396125,,,0,,0.0112,,,,,0,0,,,,,,,,,,17.25507,0,0.20065535,,,,0.60585,,0,0,,12.62688,,,,,,1.0408216,9.4232292,0.07,,,,,,,,16.8429485,,0.0728,,0,,,,,,,,,,6.3278586,,,,38.14874,,,,,,107.4855873,,0.0215404,,0,,,,,,,,,,,,2.3847138,,0,13.01705475,1.2824,0,,0.0609,,0.32025595,,,,22.6338245,,,,,,,,,,,,,,,,,,,,,0.4704,,,,,0.5267892,,0,0,,0,0,,,0,,,,8.1490115,1.25558755,,0.6566,0.17824765,,0,,,,,,,0.1547,0.0080325,0.2457,26.231352,0.14805,,0,,,0.877625,,,,22.02905005,,,,,,,,,,,,,,,,7.5452328,,0,,,,0,0.2568685,,,1.071,,0,4.3307621,0,,,,,0,0.9282511,,,,,,,,,,,0.0133,355.1077145,1.3804,154.2547062,,,,1.6534469,0.7259,,0
"1930-01-01 00:00:00",1.16643135,,,0,,0.0119,,,,,0,0,,,,,,,,,,17.5593075,0,0.20711075,,,,0.5824,,0,0,,10.76914965,,,,,,0.9952684,9.9420216,0.07,,,,,,,,14.55609645,,0.0938,,0,,,,,,,,,,5.8711492,,,,38.21552,,,,,,92.5028475,,0.017836,,0,,,,,,,,,,,,2.1255136,,0,13.23040425,1.3097,0,,0,,0.2828777,,,,20.730115,,,,,,,,,,,,,,,,,,,,,0.4025,,,,,0.6467412,,0,0,,0.0007,0,,,0,,,,8.586508,1.25683005,,0.6188,0.1335082,,0,,,,,,,0.1407,0.0099225,0.2478,21.277452,0.1603,,0,,,0.687701,,,,26.16426855,,,,,,,,,,,,,,,,7.0844508,,0,,,,0,0.2588194,,,1.1193,,0,4.3050147,0,,,,,0,1.0403596,,,,,,,,,,,0.0063,313.1668001,1.3685,145.8651425,,,,1.5368626,0.6573,,0
"1931-01-01 00:00:00",1.1479839,,,0,,0.0147,,,,,0,0,,,,,,,,,,17.320401,0,0.2657473,,,,0.56315,,0,0,,8.02809315,,,,,,0.75922,10.5422814,0,,,,,,,,13.37027195,,0.0602,,0,,,,,,,,,,5.3060994,,,,35.44128,,,,,,79.4431008,,0.014406,,0,,,,,,,,,,,,2.09230455,,0,12.0701112,0.9828,0,,0.0651,,0.24172225,,,,18.49168125,,,,,,,,,,,,,,,,,,,,,0.2863,,,,,0.4608156,,0,0,,0.0042,0,,,0,,,,9.090529,1.10159245,,0.6552,0.17256645,,0,,,,,,,0.0987,0.0089775,0.2331,21.704865,0.1498,,0,,,0.577892,,,,30.86961395,,,,,,,,,,,,,,,,6.3066276,,0,,,,0,0.2230529,,,0.9954,,0,4.2589589,0,,,,,0,1.0263554,,,,,,,,,,,0.0007,257.65256825,1.2082,131.2571407,,,,1.4374346,0.4109,,0
"1932-01-01 00:00:00",1.1835208,,,0,,0.0175,,,,,0,0,,,,,,,,,,13.722072,0,0.29103095,,,,0.65065,,0,0,,7.7936663,,,,,,0.748867,10.1024574,0,,,,,,,,11.44956435,,0.0119,,0,,,,,,,,,,5.5067733,,,,32.81152,,,,,,71.1902821,,0.0189336,,0,,,,,,,,,,,,2.08668075,,0,11.2013958,0.735,0,,0.0574,,0.25753805,,,,18.53291475,,,,,,,,,,,,,,,,,,,,,0.1974,,,,,0.3453618,,0,0,,0.0105,0.0133,,,0,,,,8.962618,0.92364475,,0.7728,0.1817984,,0,,,,,,,0.0182,0.008505,0.1792,16.356375,0.1358,,0,,,0.469784,,,,34.98574345,,,,,,,,,,,,,,,,5.7502116,,0,,,,0,0.2165499,,,0.9485,,0,4.1206109,0,,,,,0,1.0414488,,,,,,,,,,,0.0007,209.7251464,1.1991,124.8503186,,,,1.3229748,0.3066,,0
"1933-01-01 00:00:00",1.16662175,,,0,,0.021,,,,,0,0,,,,,,,,,,16.20465,0,0.3475157,,,,0.57855,,0,0,,7.91438725,,,,,,1.0615276,11.033085,0.063,,,,,,,,10.94756355,,0,,0,,,,,,,,,,5.788951,,,,33.27996,,,,,,74.204382,,0.0135828,,0,,,,,,,,,,,,2.04216075,,0,10.99953435,0.7245,0,,0.0749,,0.3143056,,,,21.484505,,,,,,,,,,,,,,,,,,,,,0.1554,,,,,0.3233706,,0,0,,0.0196,0.0112,,,0,,,,8.8279415,0.92666035,,0.9107,0.20949425,,0,,,,,,,0.021,0.00756,0.1673,15.508143,0.14945,,0,,,0.440034,,,,41.28073915,,,,,,,,,,,,,,,,6.210414,,0,,,,0,0.2269547,,,1.0731,,0,3.6114274,0,,,,,0,1.2147926,,,,,,,,,,,0.0035,223.4945636,1.1137,123.880141,,,,1.2456129,0.3388,,0
"1934-01-01 00:00:00",1.12066395,,,0,,0.0238,,,,,0,0,,,,,,,,,,16.9021545,0,0.39324145,,,,0.6041,,0,0,,9.11865045,,,,,,1.2478816,12.8953398,0.1757,,,,,,,,11.07385475,,0.0035,,0,,,,,,,,,,6.0764753,,,,33.7729,,,,,,82.9628457,,0.0138572,,0,,,,,,,,,,,,2.11012655,,0,12.25993755,0.7231,0,,0.0791,,0.38464685,,,,23.73039375,,,,,,,,,,,,,,,,,,,,,0.2289,,,,,0.3908436,,0,0,,0.0252,0.0154,,,0,,,,8.663494,1.07048305,,1.1823,0.2229871,,0,,,,,,,0.0245,0.0108675,0.1848,16.580571,0.14735,,0,,,0.534744,,,,50.78452015,,,,,,,,,,,,,,,,7.0676424,,0,,,,0,0.2698745,,,1.0647,,0,3.5719481,0,,,,,0,1.5052814,,,,,,,,,,,0.0042,242.95473125,1.1144,132.0236281,,,,1.2850712,0.4501,,0
"1935-01-01 00:00:00",1.16743795,,,0,,0.0266,,,,,0,0,,,,,,,,,,16.977093,0,0.451878,,,,0.6132,,0,0,,9.17256095,,,,,,1.31138,15.0404814,0.2646,,,,,,,,11.1888735,,0.0077,,0,,,,,,,,,,6.7363947,,,,32.72892,,,,,,92.8597131,,0.0127596,,0,,,,,,,,,,,,2.2882559,,0,12.7933113,0.7777,0,,0.0805,,0.47867855,,,,24.9386585,,,,,,,,,,,,,,,,,,,,,0.2681,,,,,0.627249,,0,0,,0.0371,0.0105,,,0,,,,8.337777,1.1043788,,1.3643,0.21943635,,0,,,,,,,0.0595,0.01134,0.1834,16.188795,0.1547,,0,,,0.579677,,,,58.8097482,,,,,,,,,,,,,,,,7.8674904,,0,,,,0,0.2757272,,,1.1179,,0,4.1642489,0,,,,,0,1.5470987,,,,,,,,,,,0.0007,247.8326368,1.2425,132.9314035,,,,1.307313,0.4865,,0
"1936-01-01 00:00:00",1.13101065,,,0,,0.0049,,,,,0,0,,,,,,,,,,17.8488135,0,0.3561229,,,,0.623,,0,0,,10.0620765,,,,,,1.294125,16.8902412,0.2751,,,,,,,,12.2376443,,0.0098,,0,,,,,,,,,,7.1980265,,,,32.05496,,,,,,102.4861131,,0.0145432,,0,,,,,,,,,,,,2.40293585,,0,12.5679267,0.8029,0,,0.0889,,0.83602435,,,,27.60470825,,,,,,,,,,,,,,,,,,,,,0.3577,,,,,0.6537384,,0,0,,0.035,0.0119,,,0,,,,8.9860855,1.11332865,,1.5974,0.21943635,,0,,,,,,,0.063,0.014175,0.2079,16.871316,0.15925,,0,,,0.591332,,,,67.71604315,,,,,,,,,,,,,,,,8.6024232,,0,,,,0,0.2965368,,,1.2208,,0,1.9916281,0,,,,,0,1.5280902,,,,,,,,,,,0.0042,288.19863135,1.5302,136.63727,,,,1.3461231,0.4935,,0
"1937-01-01 00:00:00",1.2355609,,,0,,0.0098,,,,,0,0,,,,,,,,,,19.1246895,0,0.41045585,,,,0.6902,,0,0,,10.45830275,,,,,,1.3514116,15.6872226,0.2366,,,,,,,,15.52418385,,0.0252,,0,,,,,,,,,,7.6804014,,,,31.47018,,,,,,118.7389217,,0.0179732,,0,,,,,,,,,,,,2.71610535,,0,13.9158579,0.9611,0,,0.0896,,1.112629,,,,29.8869165,,,,,,,,,,,,,,,,,,,,,0.4466,,,,,0.6207516,,0,0,,0.0749,0.0133,,,0,,,,10.0632385,1.1749108,,1.7017,0.21091455,,0,,,,,,,0.0693,0.012285,0.2583,20.539386,0.18935,,0,,,0.64638,,,,68.2144281,,,,,,,,,,,,,,,,8.9785836,,0,,,,0,0.299138,,,1.3671,,0,1.3195252,0,,,,,0,1.5405985,,,,,,,,,,,0.0049,290.36936145,1.6156,143.7905637,,,,1.4837578,0.721,,0
"1938-01-01 00:00:00",1.265943,,,0,,0.0091,,,,,0,0,,,,,,,,,,18.9491925,0,0.4863068,,,,0.7819,,0,0,,9.46875545,,,,,,1.4107688,14.3687502,0.2317,,,,,,,,14.41436255,,0.0294,,0,,,,,,,,,,7.538321,,,,32.99716,,,,,,121.73973,,0.0148176,,0,,,,,,,,,,,,2.8388101,,0,15.7539459,1.0199,0,,0.084,,1.31672135,,,,32.152071,,,,,,,,,,,,,,,,,,,,,0.3402,,,,,0.5462814,,0,0,,0.0987,0.007,,,0,,,,9.4876845,1.1402545,,2.3933,0.21233485,,0,,,,,,,0.0525,0.0193725,0.2576,21.607068,0.2219,,0,,,0.693707,,,,71.1301381,,,,,,,,,,,,,,,,9.4382064,,0,,,,0,0.2802793,,,1.5393,,0,3.3264154,0,,,,,0,1.7344201,,,,,,,,,,,0.0042,230.41898425,1.6415,135.7754132,,,,1.6888165,0.7308,,0
"1939-01-01 00:00:00",1.32291285,,,0,,0.0133,,,,,0.0005901,0,,,,,,,,,,19.115082,0,0.56323365,,,,0.8617,,0,0,,10.3323556,,,,,,1.27687,17.3370624,0.2443,,,,,,,,17.227259,,0.0189,,0,,,,,,,,,,8.5747431,,,,34.86574,,,,,,120.3395487,,0.0190708,,0,,,,,,,,,,,,3.2186791,,0,15.43501575,1.2467,0.0525,,0.084,,1.83840615,,,,33.76420775,,,,,,,,,,,,,,,,,,,,,0.3136,,,,,0.4383246,,0,0,,0.0805,0.0133,,,0,,,,9.0557915,1.19950355,,2.9673,0.2215668,,0,,,,,,,0.0756,0.0222075,0.2163,13.146588,0.22155,,0,,,0.703549,,,,77.75860715,,,,,,,,,,,,,,,,9.789444,,0,,,,0,0.2887332,,,1.8333,,0,3.8905356,0,,,,,0.000539,1.7852156,,,,,,,,,,,0.0021,260.57676925,1.8305,138.373935,,,,1.7767526,0.7826,,0
"1940-01-01 00:00:00",1.3574603,,,0,,0.0385,,,,,0.0005901,0,,,,,,,,,,16.3577295,0,0.7187012,,,,1.043,,0,0,,11.57498685,,,,,,1.3376076,22.1581332,0.3654,,,,,,,,19.4123888,,0.0168,,0.049833,,,,,,,,,,7.6807948,,,,28.16072,,,,,,122.3784163,,0.0343,,0,,,,,,,,,,,,3.44607585,,0,16.334913,1.4063,0.0644,,0.0826,,2.31251615,,,,37.215367,,,,,,,,,,,,,,,,,,,,,0.5558,,,,,0.4078368,,0,0,,0.1001,0.014,,,0,,,,8.5551305,1.28461235,,4.0187,0.19103035,,0,,,,,,,0.0791,0.0297675,0.2205,43.702659,0.2807,,0,,,0.758835,,,,87.6812678,,,,,,,,,,,,,,,,10.1389428,,0,,,,0,0.3238494,,,1.9887,,0,5.4124756,0,,,,,0.007546,2.0150928,,,,,,,,,,,0.0035,299.0151899,1.75,134.1635526,,,,1.863862,0.9037,,0
"1941-01-01 00:00:00",1.33053865,,,0,,0.056,,,,,0.0005901,0,,,,,,,,,,17.115441,0,0.7574336,,,,1.12315,,0,0,,12.07948105,,,,,,1.421812,27.7004154,0.2814,,,,,,,,19.52395095,,0.0217,,0.2205,,,,,,,,,,9.1693126,,,,30.13766,,,,,,124.3261131,,0.024696,,0,,,,,,,,,,,,3.71523355,,0,16.37703585,1.393,0.063,,0.1085,,2.3560432,,,,37.334556,,,,,,,,,,,,,,,,,,,,,0.4886,,,,,0.4278288,,0,0,,0.098,0.0119,,,0,,,,9.4028305,1.350706,,4.3106,0.1036819,,0,,,,,,,0.0819,0,0.2611,43.286481,0.3339,,0,,,0.691614,,,,84.62286,,,,,,,,,,,,,,,,10.8263484,,0,,,,0,0.3622171,,,2.0195,,0,5.4966457,0,,,,,0.030723,2.0254843,,,,,,,,,,,0.0042,332.9836923,1.6303,123.4238985,,,,0,0.9884,,0
"1942-01-01 00:00:00",1.32519835,,,0,,0.1036,,,,,0.0023604,0,,,,,,,,,,16.0477275,0,0.95486125,,,,1.3608,,0,0,,12.4774811,,,,,,1.4846202,29.1753252,0.4046,,,,,,,,21.06100395,,0.0294,,0.3969,,,,,,,,,,9.6480944,,,,30.13024,,,,,,126.6498569,,0.050078,,0,,,,,,,,,,,,3.7766365,,0,16.35953025,0,0.0574,,0.1169,,2.50735135,,,,35.694232,,,,,,,,,,,,,,,,,,,,,0.1743,,,,,0.4568172,,0,0,,0.0826,0.0049,,,0,,,,8.7067295,1.375906,,4.7929,0,,0,,,,,,,0.1043,0,0.3276,47.612124,0.3864,,0,,,0.746277,,,,51.8805,,,,,,,,,,,,,,,,11.8284768,,0,,,,0,0.3784746,,,1.6177,,0,5.9755759,0,,,,,0.038269,1.7247944,,,,,,,,,,,0.0063,375.2858193,0.8701,122.590888,,,,0,1.092,,0
"1943-01-01 00:00:00",1.40192395,,,0,,0.0819,,,,,0.0053109,0,,,,,,,,,,15.2035485,0,1.1178601,,,,1.47665,,0,0,,11.9773276,,,,,,1.563303,25.2194082,0.3381,,,,,,,,23.2319528,,0.049,,0.5733,,,,,,,,,,9.2775347,,,,29.04202,,,,,,128.9822002,,0.050764,,0,,,,,,,,,,,,3.69514565,,0,14.18008305,0,0.0483,,0.1302,,1.43635905,,,,36.950606,,,,,,,,,,,,,,,,,,,,,0.3479,,,,,0.5267892,,0,0,,0.0735,0.0091,,,0,,,,8.8511185,1.44661265,,4.6116,0,,0,,,,,,,0.1309,0,0.3598,51.807924,0.3115,,0,,,0.815724,,,,75.74553,,,,,,,,,,,,,,,,11.916576,,0,,,,0,0.3628674,,,1.6268,,0,6.1693198,0,,,,,0.0110495,2.2049678,,,,,,,,,,,0.0077,379.82118475,0.714,119.0027615,,,,0,1.2453,,0
"1944-01-01 00:00:00",1.35524165,,,0,,0.084,,,,,0.0029505,0,,,,,,,,,,8.6653245,0,1.0264086,,,,1.099,,0,0,,11.33570725,,,,,,1.5729658,25.5032946,0.3612,,,,,,,,22.18151495,,0.0343,,0.4851,,,,,,,,,,9.0101571,,,,18.22982,,,,,,114.9616055,,0.026068,,0,,,,,,,,,,,,2.9517635,,0,14.5219893,0,0.07,,0.1442,,0.6278482,,,,35.46268775,,,,,,,,,,,,,,,,,,,,,0.2912,,,,,0.4518192,,0,0,,0.0938,0.0112,,,0,,,,5.8818935,1.46988485,,4.9343,0,,0,,,,,,,0.1211,0,0.4368,49.549563,0.3311,,0,,,0.619339,,,,61.68015,,,,,,,,,,,,,,,,13.3232652,,0,,,,0,0.370671,,,1.1571,,0,6.7358578,0,,,,,0.0180565,2.5001508,,,,,,,,,,,0.0063,398.7370268,0.3759,115.3021933,,,,0,1.2656,,0
"1945-01-01 00:00:00",0.7351757,,,0,,0.1134,,,,,0.0017703,0,,,,,,,,,,10.1410365,0,1.11517035,,,,1.29185,,0,0,,11.06818055,,,,,,1.4349258,13.137243,0.3745,,,,,,,,11.745496,,0.035,,0.50715,,,,,,,,,,8.5904245,,,,24.03478,,,,,,28.8073632,,0.009604,,0,,,,,,,,,,,,1.3252043,,0,16.21182675,0,0.105,,0.1512,,0.8400434,,,,20.092863,,,,,,,,,,,,,,,,,,,,,0.161,,,,,0.457317,,0,0.0021,,0.1253,0.0084,,,0,,,,3.602935,1.5048439,,0,0.0042609,,0,,,,,,,0.1407,0,0.364,15.516522,0.36225,,0,,,0.56812,,,,70.7646681,,,,,,,,,,,,,,,,13.6518984,,0,,,,0,0.3999345,,,0.5565,,0,6.9708989,0,,,,,0.018865,2.6010677,,,,,,,,,,,0.0049,369.1586717,0.1617,109.3315979,,,,1.0384871,1.1683,,0
"1946-01-01 00:00:00",0.87340015,,,0.0056,,0.1505,,,,,0.0017703,0,,,,,,,,,,14.636706,0,1.02049115,,,,1.2621,,0,0,,11.8259911,,,,,,1.3569332,8.1677316,0.3878,,,,,,,,14.4787846,,0.0714,,0.50715,,,,,,,,,,9.2385202,,,,33.90478,,,,,,70.4934013,,0.01715,,0,,,,,,,,,,,,1.93070535,,0,16.06193505,0.1099,0.105,,0.1505,,1.15506545,,,,14.0333025,,,,,,,,,,,,,,,,,,,,,0.1596,,,,,0.4888044,,0,0,,0.1554,0.0112,,,0,,,,5.9499685,1.4825846,,0,0.0681744,,0.19845,,,,,,,0.161,0.02268,0.4319,27.065136,0.31535,,0,,,0.529004,,,,79.02832875,,,,,,,,,,,,,,,,13.6797192,,0.1757,,,,0,0.3173464,,,0.7343,,0,6.9346669,0,,,,,0.0256025,2.6509854,,,,,,,,,,,0.0028,348.47874215,0.1834,113.6968084,,,,2.0737227,1.1291,,0
"1947-01-01 00:00:00",1.06558655,,,0,,0.1442,,,,,0.0082614,0,,,,,,,,,,15.651258,0,1.07536205,,,,1.5001,,0,0,,10.67719625,,,,,,1.4266434,8.7654924,0.3542,,,,,,,,16.5992253,,0.0714,,0.6174,,,,,,,,,,9.8796355,,,,32.54006,,,,,,82.0620318,,0.0181104,,0,,,,,,,,,,,,2.68313325,,0,16.49082225,0.1561,0.1316,,0.1547,,1.3369104,,,,18.6481575,,,,,,,,,,,,,,,,,,,,,0.161,,,,,0.519792,,0,0,,0.1883,0.0112,,,0,,,,7.200543,1.46159265,,0,0.2386104,,0.16415,,,,,,,0.1505,0.034965,0.4123,34.52757,0.2968,,0,,,0.600355,,,,89.95119,,,,,,,,,,,,,,,,13.6194408,,0.3241,,,,0,0.2705248,,,0.9156,,0,6.784547,0,,,,,0.020482,2.7762154,,,,,,,,,,,0.0021,403.0838042,0.182,118.1126471,,,,2.8406847,1.0556,,0
"1948-01-01 00:00:00",1.2309801,,,0.0014,,0.1582,,,,,0.0106218,0,,,,,,,,,,17.0878995,0,1.08934875,,,,1.5379,,0,0,,12.3230541,,,,,,1.5674442,6.207516,0.3598,,,,,,,,17.89314625,,0.0819,,0.5292,,,,,,,,,,9.9768312,,,,31.07524,,,,,,95.6991112,,0.01715,,0,,,,,,,,,,,,3.22919065,,0,16.4793342,0.378,0.105,,0.1204,,0.86999465,,,,22.8455535,,,,,,,,,,,,,,,,,,,,,0.2667,,,,,0.5282886,,0,0,,0.203,0.0063,,,0,,,,7.7975905,1.4725704,,0.4045195,0.3096254,,0.13034,,,,,,,0.1323,0.04158,0.4326,40.896954,0.30695,,0,,,1.637286,,,,102.1674024,,,,,,,,,,,,,,,,13.9243104,,0.6076,,,,0,0.2432122,,,1.155,,0,6.7790562,0,,,,,0.0191345,2.8527289,,,,,,,,,,,0.0021,385.0513758,0.2513,125.2788922,,,,3.1980697,1.1872,,0
"1949-01-01 00:00:00",1.3929132,,,0,,0.1855,,,,,0.0106218,0.0035,,,,,,,,,,17.840487,0,1.14529555,,,,1.8914,,0,0,,12.85602185,,,,,,1.4777182,15.4938,0.3647,,,,,,,,18.35630265,,0.1064,,0.3528,,,,,,,,,,9.7432321,,,,36.6142,,,,,,111.8758256,,0.0241472,,0,,,,,,,,,,,,3.6003849,,0,17.33874975,0.4634,0.119,,0.0903,,0.95372795,,,,25.46109475,,,,,,,,,,,,,,,,,,,,,0.2751,,,,,0.537285,,0,0,,0.2387,0.0091,,,0,,,,8.2487475,1.4985054,,0.513128,0.32453855,,0.16268,,,,,,,0.119,0.0581175,0.3913,42.974337,0.35035,,0,,,0,,,,115.3743815,,,,,,,,,,,,,,,,14.7774816,,0.7903,,,,0,0.2061451,,,1.1298,,0,6.904086,0,,,,,0.0126665,2.9973741,,,,,,,,,,,0.0014,282.3483432,0.2639,128.6951183,,,,3.6674085,1.3426,,0
"1950-01-01 00:00:00",1.5559866,,,0.01435,,0.1806,,,,,0.0153426,0.0098,,,,,,,,,,17.4991005,0,1.05384405,,,,2.12975,,0,0,,12.99507895,,,,,,1.6347744,21.451416,0.707,,,,,,,,19.5346837,,0.112,,0.169785,,,,,,,,,,11.1177997,,,,36.29822,,,,,,119.4716005,,0.0223636,,0,,,,,,,,,,,,4.021143,,0,17.9574633,0.5628,0.14,,0.1204,,0.88543665,,,,25.67062225,,,,,,,,,,,,,,,,,,,,,0.2954,,,,,0.4558176,,0.06237,0.0014,,0.2576,0.0392,,,0,,,,8.625183,1.4144627,,0.479654,0.2584946,,0.21413,,,,,,,0.1372,0.0751275,0.4151,45.242547,0.3262,,0,,,2.18106,,,,127.21829925,,,,,,,,,,,,,,,,15.3437508,,0.47236,,,,0,0.2009427,,,0.9835,,0,7.1422176,0,,,,,0.0110495,3.0958396,,,,,,,,,,,0.0007,329.0879851,0.3521,129.3821312,,,,3.8333204,1.4896,,0
"1951-01-01 00:00:00",1.79080405,,,0.0182,,0.1729,,,,,0.023604,0.0105,,,,,,,,,,18.9914655,0,1.05599585,,,,2.3114,,0,0,,12.65195785,,,,,,1.4554526,26.534382,0.7805,,,,,,,,19.9260264,,0.1526,,0.348831,,,,,,,,,,11.8437186,,,,37.92166,,,,,,129.58393,,0.0263424,,0.0035,,,,,,,,,,,,4.62868595,,0.007854,19.1204916,0.6076,0.14,,0.1253,,1.00118235,,,,28.899185,,,,,,,,,,,,,,,,,,,,,0.2723,,,,,0.5592762,,0.063525,0.0035,,0.2758,0.0546,,,0,,,,8.7639055,1.3205038,,0.1284815,0.3337705,,0.24745,,,,,,,0.1302,0.0713475,0.3913,47.518254,0.32165,,0,,,2.582993,,,,138.1259208,,,,,,,,,,,,,,,,15.4359072,,0.11466,,,,0,0.1814337,,,1.1599,,0,7.4089771,0,,,,,0.002156,3.3371919,,,,,,,,,,,0.0196,338.6804974,0.4473,133.3223003,,,,3.5598822,1.61,,0
"1952-01-01 00:00:00",1.84957955,,,0.02765,,0.1883,,,,,0.0660912,0.0119,,,,,,,,,,19.460952,0,1.054382,,,,2.67645,,0,0,,11.9586845,,,,,,1.6124794,33.231702,0.6762,,,,,,,,21.941192,,0.1771,,0.3530205,,,,,,,,,,12.9287564,,,,39.5913,,,,,,134.9174386,,0.0344372,,0.0042,,,,,,,,,,,,5.6020944,,0,20.17793925,0.6783,0.119,,0.1162,,0.94113145,,,,28.96160925,,,,,,,,,,,,,,,,,,,,,0.224,,,,,0.6582366,,0.064911,0.0028,,0.322,0.0105,,,0,,,,8.8357325,1.4737352,,0.13461,0.03053645,,0.294,,,,,,,0.1575,0.0656775,0.413,48.941739,0.33635,,0,,,2.790557,,,,147.08282505,,,,,,,,,,,,,,,,16.266474,,0.40474,,,,0,0.2256541,,,1.6002,,0,7.8813322,0.000924,,,,,0,3.4174973,,,,,,,,,,,0.0175,298.19488055,0.6265,135.4745875,,,,3.5809991,1.7913,,0
"1953-01-01 00:00:00",1.9609023,,,0.03675,,0.2065,,,,,0.0489783,0.0112,,,,,,,,,,19.25343,0,1.0888108,,,,3.01525,,0,0,,10.86928465,,,,,,1.5444492,34.826064,0.861,,,,,,,,22.2781356,,0.2205,,0.175959,,,,,,,,,,12.3434997,,,,37.62976,,,,,,138.7050798,,0.061054,,0.0042,,,,,,,,,,,,6.3442624,,0,19.99850685,0.6279,0.1085,,0.1169,,0.9506147,,,,31.04209325,,,,,,,,,,,,,,,,,,,,,0.2037,,,,,0.7157136,,0.066297,0.0035,,0.3955,0.1134,,,0,,,,8.675814,1.3520941,,0.322539,0.30323405,,0.28616,,,,,,,0.147,0.0732375,0.4984,51.41913,0.35945,,0,,,2.829232,,,,155.20721825,,,,,,,,,,,,,,,,16.4948364,,0.6069,,,,0,0.1853355,,,1.6751,,0,8.080618,0.000231,,,,,0,4.004518,,,,,,,,,,,0.0203,286.95324105,0.6209,134.1088035,,,,3.3241145,1.8333,,0
"1954-01-01 00:00:00",2.20706325,,,0.05215,,0.2121,,,,,0.0548793,0.0105,,,,,,,,,,18.7339845,0,1.10548725,,,,3.227,,0.0014,0,,10.278716,,,,,,1.5069572,41.813268,1.05,,,,,,,,24.06461225,,0.2653,,0.1497195,,,,,,,,,,13.3036666,,,,38.8857,,,,,,143.5913192,,0.09604,,0.0091,,,,,,,,,,,,6.54360525,,0,20.49851055,0.63,0.0154,,0.1435,,0.8868146,,,,28.5167645,,,,,,,,,,,,,,,,,,,,,0.1603,,,,,0.6567372,,0.068145,0.0007,,0.3402,0.0994,,,0,,,,8.496054,1.39030045,,1.0376415,0.24216115,,0.27146,,,,,,,0.1442,0.0567,0.4522,53.00799,0.32515,,0,,,2.780253,,,,168.34375845,,,,,,,,,,,,,,,,16.9903944,,0.6223,,,,0,0.1736301,,,1.4791,,0.0007,8.1750235,0.001386,,,,,0,0.8417857,,,,,,,,,,,0.0224,247.31454965,0.6909,134.0387482,,,,3.9880855,1.9236,,0
"1955-01-01 00:00:00",2.31356755,,,0.06825,,0.2107,,,,,0.0802536,0.0161,,,,,,,,,,19.16376,0,1.2200706,,,,3.6204,,0.0049,0,,10.2867261,,,,,,1.5189188,49.13034,1.295,,,,,,,,24.9272569,,0.336,,0.1766205,,,,,,,,,,13.1934292,,,,39.59676,,,,,,149.9290898,,0.1072904,,0.0112,,,,,,,,,,,,6.7979156,,0,21.24687495,0.5698,0.1715,,0.1407,,0.88234335,,,,28.30458225,,,,,,,,,,,,,,,,,,,,,0.1463,,,,,0.6707316,,0.069993,0,,0.3269,0.1204,,,0,,,,8.3952225,1.3730605,,1.7256365,0.2286683,,0.25921,,,,,,,0.0952,0.061425,0.5327,54.837342,0.3136,,0,,,2.982581,,,,189.97640025,,,,,,,,,,,,,,,,18.6115356,,0.9156,,,,0,0.1833846,,,1.6513,,0.0007,8.2368342,0.009471,,,,,0,3.9945073,,,,,,,,,,,0.0217,288.38697405,0.77,132.5646434,,,,4.4570694,2.3205,,0
"1956-01-01 00:00:00",2.3468585,,,0.0784,,0.2079,,,,,0.0955962,0.0161,,,,,,,,,,18.8697705,0,1.2017803,,,,3.91545,,0.0007,0,,10.3660102,,,,,,1.3881392,55.157928,1.4,,,,,,,,28.2956079,,0.294,,0.307818,,,,,,,,,,13.275563,,,,39.53614,,,,,,154.1854279,,0.1094856,,0.0112,,,,,,,,,,,,6.26057355,,0.005775,21.90224085,0.5796,0.133,,0.168,,0.8385986,,,,31.07317325,,,,,,,,,,,,,,,,,,,,,0.1295,,,,,0.7761894,,0.084084,0,,0.3374,0.1526,,,0,,,,8.357965,1.4130158,,2.0997515,0.2769585,,0.31654,,,,,,,0.1022,0.07182,0.56,55.247913,0.3402,,0,,,3.116834,,,,208.9758069,,,,,,,,,,,,,,,,19.4757192,,1.2705,,,,0,0.1911882,,,1.7703,,0.0014,8.546482,0.020328,,,,,0,4.2871507,,,,,,,,,,,0.0217,310.90706325,0.8519,132.7924703,,,,5.0047767,2.4878,,0
"1957-01-01 00:00:00",2.38578165,,,0.0826,,0.1652,,,,,0.1363131,0.0203,,,,,,,,,,18.5751405,0,1.11517035,,,,4.29485,,0.0007,0,,9.2352841,,,,,,1.2774342,65.338854,1.4,,,,,,,,29.2354076,,0.3031,,0.56448,,,,,,,,,,13.5903481,,,,40.71998,,,,,,155.5647233,,0.1369256,,0.0119,,,,,,,,,,,,6.42979085,,0,24.1817982,0.5019,0.1232,,0.1687,,0.7994021,,,,34.514109,,,,,,,,,,,,,,,,,,,,,0.1085,,,,,0.772191,,0.094479,0.0007,,0.3647,0.189,,,0,,,,8.040816,1.39760215,,2.653469,0.2726976,,0.25284,,,,,,,0.0987,0.0902475,0.5796,54.602772,0.4137,,0,,,3.334989,,,,225.7388539,,,,,,,,,,,,,,,,20.1521124,,1.7087,,,,0,0.1976912,,,2.0412,,0.0007,9.5293156,0.022407,,,,,0,4.7385114,,,,,,,,,,,0.0245,303.8834288,0.7686,133.7626479,,,,5.2419682,2.6971,,0
"1958-01-01 00:00:00",2.2511363,,,0.0896,,0.1071,,,,,0.1540161,0.0238,,,,,,,,,,17.333211,0,1.205008,,,,4.58885,,0,0,,8.28244725,,,,,,1.2174456,134.946,1.708,,,,,,,,31.8639573,,0.2058,,0.5391225,,,,,,,,,,13.9815984,,,,41.37826,,,,,,154.9176279,,0.1636796,,0.0224,,,,,,,,,,,,7.35372855,,0.004389,25.20095235,0.4221,0.1288,,0.168,,0.68101915,,,,33.1378635,,,,,,,,,,,,,,,,,,,,,0.0476,,,,,0.7352058,,0.109263,0,,0.357,0.1729,,,0,,,,8.3847225,1.4602728,,3.7691325,0.2045232,,0.29253,,,,,,,0.1561,0.05103,0.6573,55.437837,0.4515,,0,,,3.538542,,,,242.0647425,,,,,,,,,,,,,,,,21.494466,,1.8697,,,,0,0.2074457,,,2.2267,,0.0007,9.9191918,0.023793,,,,,0,4.9731122,,,,,,,,,,,0.0252,253.3562563,1.274,129.0930795,,,,5.4997838,2.4745,,0
"1959-01-01 00:00:00",2.15575045,,,0.091,,0.0854,,,,,0.1776201,0.0287,,,,,,,,,,14.5758585,0,1.2534235,,,,5.55205,,0.0007,0,,7.49199535,,,,,,1.1746868,173.83044,1.736,,,,,,,,31.60724595,,0.1869,,0.5924835,,,,,,,,,,14.11522,,,,41.2377,,,,,,160.9151593,,0.2207548,,0.0189,,,,,,,,,,,,7.6906627,,0.007623,26.16047805,0.4466,0.1659,,0.1631,,0.7734923,,,,31.5178045,,,,,,,,,,,,,,,,,,,,,0.0539,,,,,0.7926828,,0.139293,0,,0.3255,0.1799,,,0,,,,8.4382305,1.5132082,,1.2826485,0.1789578,,0.35427,,,,,,,0.1211,0.06615,0.5278,58.137282,0.42455,,0,,,3.788099,,,,248.60634995,,,,,,,,,,,,,,,,21.1281588,,2.8952,,,,0.0007,0.1768816,,,2.4941,,0.0014,9.0449863,0.02541,,,,,0,4.9289639,,,,,,,,,,,0.0238,254.1073976,1.5554,123.2814331,,,,6.0999323,2.6313,,0
"1960-01-01 00:00:00",2.07215085,,,0.10185,,0.0833,,,,,0.1599171,0.0336,,,,,,,,,,14.3913945,0,1.2534235,,,,6.20095,,0.0007,0,,7.6726685,,,,,,0.9724778,209.916,1.82,,,,,,,,33.71100145,,0.1141,,0.5893965,,,,,,,,,,15.7258157,,,,40.12862,,,,,,164.0126201,,0.3499972,,0.0196,,,,,,,,,,,,8.04359885,,0.010857,28.77100065,0.4606,0.161,,0.1456,,0.6823621,,,,34.01693225,,,,,,,,,,,,,,,,,,,,,0.0049,,,,,0.8851458,,0.142758,0,,0.2891,0.189,,,0,,,,8.7486,1.63943605,,5.780019,0.2869006,,0.40082,,,,,,,0.1134,0.06993,0.3997,61.175016,0.3591,,0,,,3.987242,,,,252.42662725,,,,,,,,,,,,,,,,22.1250708,,3.745,,,,0.0084,0.1632253,,,2.7734,,0.0014,8.9695613,0.024948,,,,,0,4.7734323,,,,,,,,,,,0.0245,255.14842185,1.8305,115.8037657,,,,6.5279928,0.2513,,0
"1961-01-01 00:00:00",1.95053845,,,0.10115,,0.0462,,,,,0.200634,0.0462,,,,,,,,,,13.7957295,0,1.2857005,,,,6.3518,,0.0014,0,,7.40656315,,,,,,1.1568326,124.95,1.96,,,,,,,,35.854798,,0.0511,,0.549927,,,,,,,,,,16.7392309,,,,37.87112,,,,,,166.8811151,,0.3435488,,0.021,,,,,,,,,,,,8.5490748,,0.014784,30.67035825,0.3843,0.1386,,0.1407,,0.83911625,,,,36.248198,,,,,,,,,,,,,,,,,,,,,0,,,,,0.9086364,,0.175812,0,,0.287,0.2247,,,0,,,,8.8347,1.59651415,,6.406155,0.26204535,,0.44394,,,,,,,0.1169,0.07182,0.4249,62.616582,0.3843,,0,,,4.309431,,,,252.19108005,,,,,,,,,,,,,,,,22.931874,,4.1188,,,,0.0007,0.13006,,,2.9659,,0.0014,12.6053011,0.024948,,,,,0,4.7080187,,,,,,,,,,,0.0217,247.21768225,1.9992,114.0441414,,,,6.9040258,2.1511,,0
"1962-01-01 00:00:00",1.9625424,,,0.10535,,0.0371,,,,,0.1687686,0.0784,,,,,,,,,,13.581162,0,1.3491786,,,,7.1316,,0.0021,0,,7.3463999,,,,,,1.2240816,124.95,2.1,,,,,,,,37.69358215,,0.0532,,0.563598,,,,,,,,,,17.1174892,,,,37.86174,,,,,,168.6841247,,0.369754,,0.0182,,,,,,,,,,,,8.7158743,,0.048741,33.5724585,0.3304,0.1435,,0.1456,,0.8574384,,,,36.14638125,,,,,,,,,,,,,,,,,,,,,0,,,,,0.9461214,,0.207116,0,,0.259,0.2086,,,0,,,,8.1011,1.3844677,,7.4319,0.33590095,,0.47971,,,,,,,0.1141,0.0770175,0.4438,64.474578,0.33705,,0,,,4.70967,,,,258.0567584,,,,,,,,,,,,,,,,23.92299,,5.2108,,,,0,0.0962444,,,3.1878,,0.0021,8.8047127,0.031185,,,,,0,4.9154602,,,,,,,,,,,0.0189,258.16600705,2.4752,118.0955748,,,,7.0314307,1.9782,,0
"1963-01-01 00:00:00",2.07906685,,,0.0882,,0.0266,,,,,0.1221507,0.0693,,,,,,,,,,13.716948,0,1.5213226,,,,7.55685,,0.0021,0,,7.3481324,,,,,,1.1353846,124.95,2.24,,,,,,,,39.49043315,,0.0644,,0.553896,,,,,,,,,,17.6106861,,,,34.4673,,,,,,171.8611839,,0.4837672,,0.0273,,,,,,,,,,,,9.28794825,,0.230769,36.0812298,0.4137,0.1596,,0.1631,,0.6965819,,,,34.552441,,,,,,,,,,,,,,,,,,,,,0,,,,,1.0350858,,0.207151,0.0014,,0.2828,0.1981,,,0,,,,8.0563,1.5052702,,7.95963,0.2712773,,0.59927,,,,,,,0.0917,0.07371,0.4172,67.37829,0.3409,,0,,,5.023872,,,,264.5848464,,,,,,,,,,,,,,,,24.6063384,,6.2006,,,,0,0.0643797,,,3.367,,0.0014,8.9909029,0.031647,,,,,0,5.316143,,,,,,,,,,,0.0294,280.1245853,2.3926,117.1136232,,,,7.7980196,1.918,,0
"1964-01-01 00:00:00",1.95175295,,,0.1022,,0.0322,,,,,0.1959132,0.0791,,,,,,,,,,13.6458525,0,1.6084705,,,,8.73915,,0.007,0,,7.89568465,,,,,,1.1923324,144.942,2.1,,,,,,,,40.21501015,,0.07,,0.4839975,,,,,,,,,,19.093998,,,,38.06642,,,,,,173.2072419,,0.5294548,,0.0238,,,,,,,,,,,,9.64292175,,0.362439,34.157802,0.3136,0.1918,,0.1617,,0.58190895,,,,33.76002875,,,,,,,,,,,,,,,,,,,,,0,,,,,1.0685724,,0.163142,0,,0.28,0.1715,,,0,,,,8.036,1.58142845,,8.72935,0.3138863,,0.58555,,,,,,,0.1029,0.0543375,0.4718,70.798518,0.34615,,0,,,5.332761,,,,274.804838,,,,,,,,,,,,,,,,26.0338932,,6.74422,,,,0.0028,0.0546252,,,3.5196,,0.0007,8.5928696,0.024024,,,,,0,5.6902139,,,,,,,,,,,0.0252,296.0263299,2.4528,115.8120075,,,,8.3533947,2.1308,,0
"1965-01-01 00:00:00",1.8470025,,,0.11585,,0.0315,,,,,0.2206974,0.1008,,,,,,,,,,12.672933,0,1.68754915,,,,8.9579,,0.0112,0,,8.10955285,,,,,,1.1604334,149.4402,2.1504,,,,,,,,39.19529075,,0.0798,,0.4694445,,,,,,,,,,21.6109369,,,,37.07368,,,,,,165.2033684,,0.696976,,0.014,,,,,,,,,,,,9.63478635,,0.5313,36.7409721,0.1897,0.1995,,0.1246,,0.5003992,,,,32.8124195,,,,,,,,,,,,,,,,,,,,,0,,,,,1.0025988,,0.249795,0.0014,,0.2933,0.1659,,,0,,,,8.0122,1.4559349,,11.03935,0.3025239,,0.60613,,,,,,,0.0903,0.0448875,0.518,72.128637,0.3311,,0,,,5.624829,,,,287.03657745,,,,,,,,,,,,,,,,28.087416,,7.18116,,,,0.021,0.0383677,,,3.5378,,0.0014,9.1251482,0.028875,,,,,0,5.6408583,,,,,,,,,,,0.021,309.37097345,2.5039,112.1467613,,,,8.4441014,2.4563,,0
"1966-01-01 00:00:00",1.76575035,,,0.1379,,0.0028,,,,,0.2106657,0.1134,,,,,,,,,,11.2081095,0,1.9721247,,,,9.0433,,0.0105,0,,7.89560555,,,,,,1.164744,163.4346,1.75,,,,,,,,38.87351335,,0.0791,,0.437031,,,,,,,,,,22.7593478,,,,36.31348,,,,,,157.8821748,,0.6816096,,0.0238,,,,,,,,,,,,9.316321,,0.593208,37.1851767,0.224,0.1995,,0.1428,,0.5181834,,,,33.98059525,,,,,,,,,,,,,,,,,,,,,0,,,,,1.0500798,,0.293986,0,,0.3157,0.2065,,,0.001617,,,,7.0364,1.4225456,,11.928,0.3082051,,0.58114,,,,,,,0.105,0.0354375,0.448,74.308773,0.31185,,0,,,6.066571,,,,292.63792075,,,,,,,,,,,,,,,,27.7871832,,8.13484,,,,0.0469,0.026012,,,3.5105,,0.0021,9.0104931,0.039501,,,,,0,6.0390386,,,,,,,,,,,0.0238,321.51331625,2.45,104.4283156,,,,8.2531988,2.3744,,0.0696318
"1967-01-01 00:00:00",1.5357958,,,0.14,,0.0119,,,,,0.2389905,0.1057,,,,,,,,,,10.5266175,0,2.33416505,,,,9.8756,,0.0112,0,,7.8378426,,,,,,1.0489472,113.4546,2.17,,,,,,,,37.55617285,,0.0931,,0.287091,,,,,,,,,,23.8569639,,,,34.5681,,,,,,146.6994963,,0.73059,,0.0224,,,,,,,,,,,,6.8738404,,0.676599,37.32139215,0.1449,0.203,,0.1253,,0.74843965,,,,31.4107955,,,,,,,,,,,,,,,,,,,,,0,,,,,1.1935224,,0.315714,0.0014,,0.3374,0.1974,,,0,,,,5.6455,1.2981164,,13.0858,0.30323405,,0.64827,,,,,,,0.1169,0.033075,0.1421,75.264147,0.31675,,0,,,6.619193,,,,298.9803544,,,,,,,,,,,,,,,,28.57428,,8.70772,,,,0.0546,0.006503,,,3.5546,,0.0014,8.7276434,0.077385,,,,,0,6.0406465,,,,,,,,,,,0.0245,332.4490085,1.96,102.9624526,,,,7.4211004,2.142,,0.2354499
"1968-01-01 00:00:00",1.38446665,,,0.1519,,0,,,,,0.2785272,0.0875,,,,,,,,,,9.483243,0,2.5972226,,,,11.0761,,0.0063,0,,7.83766305,,,,,,1.1357038,149.94,2.17,,,,,,,,38.6332954,,0.0497,,0.16758,,,,,,,,,,26.5980974,,,,30.69024,,,,,,148.5688589,,0.7858816,,0,,,,,,,,,,,,8.3883086,,0.953106,38.7387987,0.1232,0.2702,,0.1162,,0.61798485,,,,30.800623,,,,,,,,,,,,,,,,,,,,,0,,,,,1.301979,,0.376614,0,,0.3157,0.2898,,,0,,,,4.6641,1.21587375,,15.49275,0.2457119,,0.588,,,,,,,0.1127,0.01512,0,78.579858,0.31045,,0,,,7.300916,,,,300.06418295,,,,,,,,,,,,,,,,29.939238,,7.1694,,,,0.0623,0.0136563,,,3.5098,,0.0021,8.8072859,0.070455,,,,,0,6.30854,,,,,,,,,,,0.0217,327.89667225,2.1,98.1439431,,,,7.4690525,2.2911,,0.3381273
"1969-01-01 00:00:00",1.27309945,,,0.2072,,0.0133,,,,,0.3027213,0.0952,,,,,,,,,,8.4546,0,2.75806965,,,,11.13245,,0.0056,0,,7.5480636,,,,,,1.2039944,162.435,2.3219,,,,,,,,40.7798965,,0.0455,,0.0950355,,,,,,,,,,29.257592,,,,29.6471,,,,,,150.9955083,,0.924042,,0,,,,,,,,,,,,8.16787965,,0.967428,41.25358755,0.1344,0.343,,0.1078,,0.61735345,,,,29.5422085,,,,,,,,,,,,,,,,,,,,,0,,,,,1.2285084,,0.416129,0,,0.2779,0.1939,,,0,,,,0.3948,1.2918528,,16.72055,0.27340775,,0.67277,,,,,,,0.1134,0.0250425,0.0119,83.03232,0.2947,,0,,,7.957558,,,,307.24470875,,,,,,,,,,,,,,,,30.5750592,,7.1911,,,,0.0728,0.0110551,,,3.2515,,0.0021,8.3536495,0.080388,,,,,0,6.5503774,,,,,,,,,,,0.0224,336.35056875,2.1,90.053439,,,,7.3572037,2.3324,,0.2342697
"1970-01-01 00:00:00",1.2164215,,,0.2121,,0.0091,,,,,0.3635016,0.1148,,,,,,,,,,7.277361,0,2.7822774,,,,11.2203,,0.0077,0,,12.00303825,,,,,,1.0680446,179.928,1.5876,,,,,,,,42.1464267,,0.0714,,0.0297675,,,,,,,,,,30.9748061,,,,27.3175,,,,,,152.344171,,1.0781176,,0.0126,,,,,,,,,,,,8.55900255,,0.818895,40.3164909,0.1204,0.371,,0.1092,,0.51573375,,,,26.2336235,,,,,,,,,,,,,,,,,,,,,0,,,,,1.4754096,,0.501865,0,,0.3031,0.2457,,,0,,,,3.0338,1.3114241,,16.79615,0.3437126,,0.61201,,,,,,,0.1092,0.019845,0.0413,86.318337,0.1897,,0,,,9.067688,,,,314.4315447,,,,,,,,,,,,,,,,31.6531152,,8.6758,,,,0.0861,0.0078036,,,3.1311,,0.0021,8.4809025,0.0924,,,,,0,6.4911147,,,,,,,,,,,0.028,361.29121945,2.093,86.6030683,,,,7.8636243,2.464,,0.3676323
"1971-01-01 00:00:00",1.2495665,,,0.23625,,0.0098,,,,,0.3729432,0.0945,,,,,,,,,,7.017318,0,3.0480247,,,,9.5886,,0.0105,0,,12.9660237,,,,,,1.075767,194.922,1.778,,,,,,,,43.46705405,,0.0784,,0,,,,,,,,,,29.0935113,,,,24.26564,,,,,,151.4606065,,1.4994588,,0,,,,,,,,,,,,8.41881355,,0.84546,39.2913192,0.1386,0.42,,0.063,,0.6416879,,,,22.087716,,,,,,,,,,,,,,,,,,,,,0,,,,,1.7752896,,0.529235,0,,0.3325,0.2261,,,0,,,,2.5263,1.16947635,,17.7709,0.0028406,,0.64876,,,,,,,0.0721,0.0189,0.1358,89.741967,0.1771,,0,,,9.290526,,,,322.36752555,,,,,,,,,,,,,,,,34.0028136,,8.9495,,,,0.1036,0.0078036,,,2.8672,,0.0021,8.030295,0.102795,,,,,0,6.5752008,,,,,,,,,,,0.0287,327.6682871,2.093,86.5765768,,,,8.5522787,2.352,,0.4815216
"1972-01-01 00:00:00",1.2449262,,,0.259,,0.0084,,,,,0.4095294,0.0497,,,,,,,,,,6.72525,0,3.1513111,,,,9.6817,,0.0112,0,,14.40520795,,,,,,0.9472596,199.92,1.8417,,,,,,,,43.11840435,,0.0896,,0,,,,,,,,,,35.2717428,,,,22.07814,,,,,,143.7775353,,1.5895992,,0,,,,,,,,,,,,7.92878555,,0.708477,41.3887089,0.1253,0.7,,0.0574,,0.39928105,,,,18.5612175,,,,,,,,,,,,,,,,,,,,,0,,,,,1.6313472,,0.570157,0,,0.3829,0.2352,,,0,,,,1.9684,1.2036003,,20.91565,0.33590095,,0.61495,,,,,,,0.0728,0.0184275,0.2387,93.471609,0.1764,,0,,,9.623838,,,,301.13740405,,,,,,,,,,,,,,,,33.871824,,8.6821,,,,0.0882,0.006503,,,2.7391,,0.0021,8.2384092,0.079695,,,,,0,6.744248,,,,,,,,,,,0.028,352.2740809,1.4,71.721321,,,,8.5282729,2.0356,,0.566496
"1973-01-01 00:00:00",1.2044893,,,0.28385,,0.0091,,,,,0.2673153,0.0819,,,,,,,,,,5.663301,0.0112,2.9942297,,,,9.53785,,0.0105,0.0013475,,15.8689167,,,,,,0.928494,214.914,2.1336,,,,,,,,41.87924405,,0.0805,,0,,,,,,,,,,35.9951347,,,,19.13828,,,,,,141.5399559,,1.8126864,,0,,,,,,,,,,,,8.17644275,,0.76692,42.5987835,0.1043,0.07,,0.0448,,0.45445715,,,,14.8075025,,,,,,,,,,,,,,,,,,,,,0,,,,,2.1306474,,0.592186,0,,0.0392,0.2758,,,0,,,,1.2054,1.36461255,,22.8865,0.2925818,,0.58996,,,,,,,0.007,0.0184275,0.2282,97.04436,0.1547,,0,,,10.04927,,,,307.23135485,,,,,,,,,,,,,,,,36.1392192,,9.4997,,,,0.0994,0.0078036,,,2.3289,,0.0014,7.5681046,0.083391,,,,,0,7.0938154,,,,,,,,,,,0.035,350.42352345,2.093,77.6972147,,,,8.9279246,2.4752,,0.5523336
"1974-01-01 00:00:00",1.20283205,,,0.2975,,0.0091,,,,,0.3694026,0.0805,,,,,,,,,,5.1950955,0.0182,2.9544214,,,,8.6142,,0.0091,0.0018865,,16.35565925,,,,,,0.9900002,224.91,2.2862,,,,,,,,42.25928665,,0.0616,,0,,,,,,,,,,37.9258558,,,,17.18598,,,,,,140.7699937,,1.9357548,,0,,,,,,,,,,,,7.8577352,,0.703164,46.0079991,0.1092,0.84,,0.0476,,0.41168505,,,,13.43202175,,,,,,,,,,,,,,,,,,,,,0,,,,,2.5819668,,0.635747,0,,0.4018,0.2982,,,0,,,,0.5306,1.4329609,,23.82905,0.32737915,,0.55321,,,,,,,0,0.0240975,0.2128,100.218594,0.161,,0,,,10.744104,,,,315.2361828,,,,,,,,,,,,,,,,38.2860576,,0.8841,,,,0.098,0.0071533,,,2.0538,,0.0014,7.7080073,0.112035,,,,,0,7.7631498,,,,,,,,,,,0.0399,357.0268625,2.8,65.0195602,,,,9.2411956,2.1735,,0.4815216
"1975-01-01 00:00:00",1.12593565,,,0.2975,,0.0084,,,,,0.2962302,0.105,,,,,,,,,,4.7902995,0.0497,3.39392655,,,,9.86125,,0.0105,0.0024255,,19.19940645,,,,,,0.9796276,234.906,2.4129,,,,,,,,43.6203824,,0.0672,,0,,,,,,,,,,39.7283061,,,,17.02582,,,,,,142.105089,,2.4864756,,0,,,,,,,,,,,,7.58332155,,0.651882,52.46811255,0.1442,0.7,,0.0399,,0.4311825,,,,12.54868125,,,,,,,,,,,,,,,,,,,,,0,,,,,2.5954614,,0.709905,0,,0.4564,0.4025,,,0,,,,0,1.46201125,,24.8255,0.2996833,,0.64386,,,,,,,0.0161,0.0496125,0.1918,105.683025,0.1554,,0,,,10.919356,,,,322.56911575,,,,,,,,,,,,,,,,40.247424,,12.3151,,,,0.0889,0.0071533,,,2.1987,,0.0007,8.1827235,0.106722,,,,,0,7.8473346,,,,,,,,,,,0.042,383.37684525,3.64,75.7515612,,,,9.7668473,2.31,,0.4803414
"1976-01-01 00:00:00",1.06561175,,,0.315,,0.0056,,,,,0.3629115,0.112,,,,,,,,,,4.635939,0.1568,4.2368942,,,,9.0209,,0.0091,0.0002695,,19.8007719,,,,,,0.8901102,239.904,2.534,,,,,,,,44.7144523,,0.0763,,0,,,,,,,,,,44.2457841,,,,16.65426,,,,,,143.5869687,,3.0599716,,0,,,,,,,,,,,,7.68223995,,0.899745,55.1842158,0.1351,0.63,,0.0406,,0.4258702,,,,12.149004,,,,,,,,,,,,,,,,,,,,,0,,,,,2.82387,,0.770896,0,,0.4914,0.2597,,,0,,,,0,1.51953585,,25.5255,0.37282875,,0.55762,,,,,,,0.0154,0.0571725,0.2184,109.918851,0.1351,,0,,,10.572989,,,,328.11197615,,,,,,,,,,,,,,,,44.3121588,,11.4989,,,,0.0882,0.0078036,,,2.2652,,0.0021,8.6057335,0.15708,,,,,0,8.1116385,,,,,,,,,,,0.0609,401.47274965,3.92,72.8775278,,,,10.1161347,2.5151,,0.4626384
"1977-01-01 00:00:00",1.0367756,,,0.3325,,0.0042,,,,,0.3145233,0.119,,,,,,,,,,4.527054,0.2058,5.40370775,,,,8.91135,,0.0126,0.0002695,,22.3832119,,,,,,0.8895502,263.3946,2.9428,,,,,,,,45.7546831,,0.0896,,0,,,,,,,,,,46.9550291,,,,16.1987,,,,,,139.8204633,,3.2340784,,0,,,,,,,,,,,,7.73889025,,0.838992,54.85762695,0.1617,0.63,,0.0378,,0.3872946,,,,12.0509655,,,,,,,,,,,,,,,,,,,,,0,,,,,3.303678,,0.898695,0,,0.4949,0.3871,,,0,,,,0,1.4487018,,26.2255,0.31033555,,0.56203,,,,,,,0.0161,0.121905,0.1855,114.089304,0.1365,,0,,,10.783017,,,,332.1580171,,,,,,,,,,,,,,,,49.5042156,,12.0876,,,,0.0903,0.0078036,,,2.0692,,0.0021,10.4246702,0.101409,,,,,0,7.9621801,,,,,,,,,,,0.0847,409.0446157,4.34,71.909705,,,,10.2044166,2.1203,,0.4177908
"1978-01-01 00:00:00",1.0195402,,,0.357,,0.0035,,,,,0.2561034,0.1526,,,,,,,,,,4.220895,0.2198,6.3564172,,,,9.12695,,0.0155085,0.000539,,23.4642709,,,,,,0.764624,296.3814,3.3278,,,,,,,,46.73802245,,0.0749,,0,,,,,,,,,,47.2167584,,,,14.92904,,,,,,139.0052685,,2.993018,,0,,,,,,,,,,,,7.8049902,,0.834603,55.54800405,0.1848,0.63,,0.0147,,0.3916262,,,,12.53832125,,,,,,,,,,,,,,,,,,,,,0,,,,,3.3766488,,1.027418,0,,0.504,0.217,,,0,,,,0,1.33357735,,26.9255,0.2854803,,0.62671,,,,,,,0.0196,0.1204875,0.1848,117.823524,0.126,,0,,,11.39026,,,,333.0041617,,,,,,,,,,,,,,,,52.6497048,,12.6378,,,,0.1162,0.0104048,,,2.0188,,0.0028,11.6902723,0.147609,,,,,0,8.2311733,,,,,,,,,,,0.0567,387.8737149,4.2,72.7497799,,,,10.8441921,2.1455,,0.3629115
"1979-01-01 00:00:00",0.90850445,,,0.49,,0.0035,,,,,0.4290027,0.0924,,,,,,,,,,3.9230625,0.2485,7.50063685,,,,9.97605,,0.011634,0.0008085,,25.3519868,,,,,,0.64589,304.878,3.4195,,,,,,,,46.9681583,,0.07,,0,,,,,,,,,,49.3874745,,,,14.05768,,,,,,143.0339757,,3.2408012,,0,,,,,,,,,,,,7.8068004,,0.750057,56.5945107,0.1953,0.63,,0.0441,,0.2960258,,,,11.64604175,,,,,,,,,,,,,,,,,,,,,0,,,,,3.6770286,,1.128785,0,,0.497,0.0826,,,0,,,,0,1.23290475,,27.06025,0.2002623,,0.61789,,,,,,,0.021,0.1270689,0.1204,121.966908,0.1253,,0,,,12.420359,,,,329.6287407,,,,,,,,,,,,,,,,60.3920016,,12.7456,,,,0.1176,0.0091042,,,1.904,,0.0028,13.4775844,0.313236,,,,,0,9.8835835,,,,,,,,,,,0.0385,458.78930405,3.85,72.0386303,,,,11.4577925,2.2316,,0.3534699
"1980-01-01 00:00:00",0.8358075,,0,0.33366182,0,0.004749238,,,0,0,0.22030708,0.059404846,0,0,,0,0,0.000020908976,0,0,,2.9984725,0.20838498,2.1065671,0,0,0,4.59411,0,0.019413088,0,0,19.586782,0,0,0,0,0,0.51347023,348.34769,2.6597421,0,0,0,0,,0,0,38.79163,,0.089594401,,0,0,0,0,0,0,0,0,,,59.968624,0,0,0,14.311864,0,0,0,0,,137.928398,0,2.6853645,0,0,0,0,0,0,0,0,0,0,0,0,0,4.4683251,0,,46.466774,0.33474889,0.61911798,0,0.041316565,0,0.86037731,0,0,0,10.584515,0,0,,0,,0.000037580667,0,,0,0,0,0,,0,0,,,0,0,0,0,0,0,0,0,1.6450447,,3.2291813,0,,0.48463878,0,,0,0.0033679339,0,0,0,0,1.3456074,0,19.336176,0.20364673,0,0.72397184,0,,0,0,0,0,0.032987956,0.18294793,0.076814905,93.235458,0.072649024,0,0.010211424,0,0,6.8881536,0,0,0,305.4007,0,0,0,0,0,,0,0,0,,,0,0,0,0,68.758057,,12.194906,0,0,0,0.10482343,0.010330143,0,0,1.7602611,,0.00064820342,12.274957,0.40064433,,0,0,0,0,4.1870189,,0,0,0,0,0,0,,0,0,0.031170817,469.07043,3.4514961,83.502022,0,0,0,12.595767,1.7248784,,0.35161602
"1981-01-01 00:00:00",0.89298666,,0,0.36236894,0,0.004749238,,,0,0,0.28131518,0.06240005,0,0,,0,0,0.000037580667,0,0,,3.2893999,0.21400157,2.2862,0,0,0,4.4463105,0,0.028608749,0,0,21.401955,0,0,0,0,0,0.50024784,349.18466,2.7357531,0,0,0,0,,0,0,38.096165,,0.090890154,,0,0,0,0,0,0,0,0,,,69.419205,0,0,0,14.464704,0,0,0,0,,140.367458,0,3.161942,0,0,0,0,0,0,0,0,0,0,0,0,0,4.5078144,0,,50.695648,0.40759462,0.62118089,0,0.047514044,0,0.81220686,0,0,0,10.368013,0,0,,0,,0.000041868392,0,,0,0,0,0,,0,0,,,0,0,0,0,0,0,0,0,1.6200149,,2.6328735,0,,0.50109303,0,,0,0.0037233108,0,0,0,0,1.3669186,0,20.125401,0.28991374,0,0.71566093,0,,0,0,0,0,0.071462564,0.18406007,0.075310647,80.526741,0.075522162,0,0.015317123,0,0,7.2335014,0,0,0,299.82895,0,0,0,0,0,,0,0,0,,,0,0,0,0,76.331474,,13.006809,0,0,0,0.097676367,0.0091823442,0,0,1.6729149,,0.00064820342,15.206161,0.45266241,,0,0,0,0,4.7222829,,0,0,0,0,0,0,,0,0,0.03636593,463.49756,3.9824955,81.815254,0,0,0,15.835231,1.5416725,,0.31344411
"1982-01-01 00:00:00",0.96183503,,0,0.40001768,0,0.004749238,,,0,0,0.29091829,0.072384045,0,0,,0,0,0.000041868392,0,0,,3.4849279,0.23309882,2.5502241,0,0,0,4.8985291,0,0.034228344,0,0,22.906946,0,0,0,0,0,0.45176566,374.28812,2.972728,0,0,0,0,,0,0,38.765633,,0.079852812,,0,0,0,0,0,0,0,0,,,72.411781,0,0,0,13.476325,0,0,0,0,,142.363965,0,3.1716659,0,0,0,0,0,0,0,0,0,0,0,0,0,4.5394063,0,,53.812374,0.35180116,0.69822657,0,0.042693783,0,1.2745092,0,0,0,10.322395,0,0,,0,,0.000083736784,0,,0,0,0,0,,0,0,,,0,0,0,0,0,0,0,0,1.9480653,,3.2939661,0,,0.52383751,0,,0,0.0036439628,0,0,0,0,1.3964671,0,21.147671,0.31112695,0,0.81493002,0,,0,0,0,0,0.055936806,0.31028858,0.036356848,92.009544,0.073059492,0,0.022975709,0,0,7.4158716,0,0,0,304.57065,0,0,0,0,0,,0,0,0,,,0,0,0,0,82.72229,,13.171154,0,0,0,0.097676367,0.0074606705,0,0,1.6303561,,0.00064820342,17.169842,0.59689438,,0,0,0,0,5.0968103,,0,0,0,0,0,0,,0,0,0.037850264,470.10571,4.1683455,80.045044,0,0,0,16.671143,1.6158272,,0.37343645
"1983-01-01 00:00:00",0.88715202,,0,0.43531334,0,0.004749238,,,0,0,0.27453652,0.072384045,0,0,,0,0,0.000083736784,0,0,,3.2250607,0.22186513,2.7073526,0,0,0,4.925139,0,0.036271825,0,0,23.921309,0,0,0,0,0,0.45396939,401.36884,3.242918,0,0,0,0,,0,0,39.991947,,0.073362358,,0,0,0,0,0,0,0,0,,,79.483788,0,0,0,13.291933,0,0,0,0,,138.515053,0,3.5415142,0,0,0,0,0,0,0,0,0,0,0,0,0,4.3805895,0,,56.709396,0.39341381,0.70579445,0,0.051645696,0,1.1708089,0,0,0,10.011072,0,0,,0,,0.00012560518,0,,0,0,0,0,,0,0,,,0.0062897424,0,0,0,0,0,0,0,2.4742239,,3.3292749,0,,0.53524077,0,,0,0.0037551408,0,0,0,0,1.5390435,0,21.384523,0.35496759,0,0.74290222,0,,0,0,0,0,0.071411587,0.56719422,0.034409162,94.709877,0.075932592,0,0.066374242,0,0,8.7214556,0,0,0,302.71194,0,0,0,0,0,,0,0,0,,,0,0,0,0,86.962929,,13.00419,0,0,0,0.060749955,0.0074606705,0,0,1.5294572,,0.0064923,17.334276,0.56641912,,0,0,0,0,5.6752372,,0,0,0,0,0,0,,0,0,0.027459992,434.99423,4.1816201,76.542503,0,0,0,18.113054,1.6282903,,0.27970952
"1984-01-01 00:00:00",0.85418653,,0,0.47296208,0,0.004749238,,,0,0,0.28752896,0.073881648,0,0,,0,0,0.00016747357,0,0,,3.3493176,0.22074178,3.0216098,0,0,0,5.1176438,0,0.044445746,0,0,30.645454,0,0,0,0,0,0.53947431,443.32965,4.2361693,0,0,0,0,,0,0,40.846306,,0.078557089,,0,0,0,0,0,0,0,0,,,84.744759,0,0,0,12.993278,0,0,0,0,,140.195908,0,3.7623811,0,0,0,0,0,0,0,0,0,0,0,0,0,4.3498564,0,,60.941071,0.90030336,0.7140485,0,0.048202652,0,1.1902109,0,0,0,9.7688713,0,0,,0,,0.00016747357,0,,0,0,0,0,,0,0,,,0.0069187018,0,0,0,0,0,0,0,2.6957645,,3.3230619,0,,0.59724605,0,,0,0.0034596662,0,0,0,0,1.5720925,0,21.927135,0.31890512,0,0.80687129,0,,0,0,0,0,0.081552573,0.67618448,0.049341448,98.0933,0.07962662,0,0.076585665,0,0,8.6738548,0,0,0,306.01624,0,0,0,0,0,,0,0,0,,,0,0,0,0,97.295753,,13.992223,0,0,0,0.074448459,0.0074606705,0,0,1.37536,,0.0064923,17.17765,0.65495497,,0,0,0,0,6.7378969,,0,0,0,0,0,0,,0,0,0.037850264,497.35645,3.3187463,32.850876,0,0,0,19.845364,1.6937209,,0.31711251
"1985-01-01 00:00:00",0.89882123,,0,0.50590473,0,0.0054277075,,,0,0,0.22595598,0.075379252,0,0,,0,0,0.00020908975,0,0,,3.3005135,0.24545586,3.0991693,0,0,0,4.6955323,0,0.043934878,0,0,32.487854,0,0,0,0,0,0.58443052,489.98083,5.5992556,0,0,0,0,,0,0,40.013218,,0.078557089,,0,0,0,0,0,0,0,0,,,92.231079,0,0,0,11.994773,0,0,0,0,,144.664612,0,4.1543393,0,0,0,0,0,0,0,0,0,0,0,0,0,4.1364412,0,,63.434292,1.2407598,0.76082623,0,0.039250735,0,1.2658117,0,0,0,9.611392,0,0,,0,,0.00041868395,0,,0,0,0,0,,0,0,,,0.017925726,0,0,0,0,0,0,0,2.7655284,,3.9912183,0,,0.55234569,0,,0,0.0031013887,0,0,0,0,1.4870764,0,17.311211,0.3585031,0,0.90804869,0,,0,0,0,0,0.10105318,0.70176381,0.090892144,101.10051,0.097275816,0,0.077096231,0,0,9.1245899,0,0,0,311.35556,0,0,0,0,0,,0,0,0,,,0,0,0,0,103.62685,,14.760257,0,0,0,0.098867543,0.0068867705,0,0,1.2707655,,0.0097384369,17.208456,1.3629789,,0,0,0,0,8.991581,,0,0,0,0,0,0,,0,0,0.029686483,487.41794,3.7130132,60.40461,0,0,0,21.306799,1.9342568,,0.31483215
"1986-01-01 00:00:00",0.86614746,,0,0.50990492,0,0.0061061522,,0,0,0,0.20561992,0.079872057,0,0,,0,0,0.00033545159,0,0,,2.9671412,0.2752251,2.9701712,0,0,0,5.3559179,0,0.050065316,0,0,30.456463,0,0,0,0,0,0.73516595,502.20395,6.7381411,0,0,0,0,,0,0,39.887875,,0.077261336,,0,0,0,0,0,0,0,0,,,98.419952,0,0,0,11.586121,0,0,0,0,,142.205567,0,4.409934,0,0,0,0,0,0,0,0,0,0,0,0,0,4.0109334,0,,69.202316,1.6388987,0.86814094,0,0.037184909,0,0.69378793,0,0,0,9.3984814,0,0,,0,,0.0008373679,0,,0,0,0,0,,0,0,,,0.019498162,0,0,0.011595401,0,0,0,0,2.9955897,,4.3228512,0,,0.55234569,0,,0,0.0020656756,0,0,0,0,1.5666794,0,17.187557,0.30900565,0,0.88569325,0,,0,0,0,0,0.11788687,0.68730593,0.093489073,105.13419,0.096865378,0,0.063310809,0,0,9.308527,0,0,0,321.46796,0,0,0,0,0,,0,0,0,,,0,0,0,0,105.53812,,15.879896,0,0,0,0.10244109,0.0068867705,0,0,1.1799077,,0.002596925,16.625772,1.4549521,,0,0,0,0,10.434838,,0,0,0,0,0,0,,0,0,0.042303246,492.0661,4.0634727,69.382729,0,0,0,21.552197,2.2352381,,0.34050906
"1987-01-01 00:00:00",0.81276077,,0,0.50213981,0,0.0054277075,,0,0,0,0.21070392,0.083366454,0,0,,0,0,0.00076674647,0,0,,2.2822583,0.27354005,2.7664266,0,0,0,5.5986013,0,0.037804436,0,0,32.676846,0,0,0,0,0,0.70387292,521.33069,8.5362139,0,0,0,0,,0,0,39.81049,,0.079204939,,0,0,0,0,0,0,0,0,,,111.87594,0,0,0,10.467058,0,0,0,0,,137.691826,0,5.164216,0,0,0,0,0,0,0,0,0,0,0,0,0,3.9721305,0,,75.012764,1.8951826,0.85300696,0,0.030987429,0,0.65096974,0,0,0,7.6573191,0,0,,0,,0.00041868395,0,,0,0,0,0,,0,0,,,0.020166442,0,0,0.047111604,0,0,0,0,3.3103263,,4.7511592,0,,0.45185441,0,,0,0,0,0,0,0,1.381915,0,17.064787,0.28213558,0,0.90335745,0,,0,0,0,0,0.086257868,0.67173588,0.076063097,107.91803,0.10712654,0,0.083733663,0,0,10.092857,0,0,0,325.18332,0,0,0,0,0,,0,0,0,,,0,0,0,0,105.47839,,15.893646,0,0,0,0.098271959,0.014347441,0,0,1.0254726,,0.0019471325,15.007883,1.8209633,,0,0,0,0,10.563202,,0,0,0,0,0,0,,0,0,0.046014044,507.9975,4.2028604,67.09391,0,0,0,21.544533,3.0303771,,0.28552443
"1988-01-01 00:00:00",0.62109393,,0,0.51390505,0,0.0067846221,,0,0,0,0.28922364,0.068889648,0,0,,0,0,0.0008373679,0,0,,1.2567263,0.34206548,2.9460595,0,0,0,5.1923041,0,0.033206604,0,0,37.714485,0,0,0,0,0,0.86430484,550.41675,9.5620413,0,0,0,0,,0,0,39.095856,,0.079855233,,0,0,0,0,0,0,0,0,,,100.77958,0,0,0,9.1499376,0,0,0,0,,136.158706,0,5.5937958,0,0,0,0,0,0,0,0,0,0,0,0,0,3.6301169,0,,81.764473,2.4786777,0.86676514,0,0.030987429,0,0.695795,0,0,0,6.5841165,0,0,,0,,0.00041868395,0,,0,0,0,0,,0,0,,,0.02893275,0,0,0.048194632,0,0,0,0,2.9556484,,5.2657404,0,,0.45334187,0,,0,0,0,0,0,0,1.5169802,0,20.579006,0.18667616,0,1.1424022,0,,0,0,0,0,0.09566842,0.7551468,0.053236824,107.91763,0.094402708,0,0.079138525,0,0,11.509116,0,0,0,329.34747,0,0,0,0,0,,0,0,0,,,0,0,0,0,108.3453,,15.907396,0,0,0,0.086955808,0.0091823442,0,0,0.83822691,,0.0019471325,13.814316,1.9165404,,0,0,0,0,8.8164568,,0,0,0,0,0,0,,0,0,0.80895662,523.04333,4.0216565,66.794174,0,0,0,21.6985,2.9213259,,0.32290459
"1989-01-01 00:00:00",0.6027149,,0,0.5160228,0,0.010176945,,0,0,0,0.29035342,0.063398436,0,0,,0,0,0.0008373679,0,0,,0.96415198,0.37239641,2.6808298,0,0,0,5.2152648,0,0.033206604,0,0,37.652557,0,0,0,0,0,0.87576425,592.14166,11.64755,0,0,0,0,,0,0,37.270374,,0.081153713,,0,0,0,0,0,0,0,0,,,112.16286,0,0,0,8.9046011,0,0,0,0,,133.226219,0,6.0039277,0,0,0,0,0,0,0,0,0,0,0,0,0,3.4891565,0,,83.926338,5.1851072,0.82549059,0,0.029610211,0,0.71854216,0,0,0,5.9791751,0,0,,0,,0.00041868395,0,,0,0,0,0,,0,0,,,0.033335567,0,0,0.058750864,0,0,0,0,3.1750588,,4.9224825,0,,0.35920286,0,,0,0,0,0,0,0,1.6880523,0,15.895965,0.23970917,0,1.0970786,0,,0,0,0,0,0.081722438,0.75625896,0.0545353,101.01659,0.10589521,0,0.087307654,0,0,12.016267,0,0,0,315.96933,0,0,0,0,0,,0,0,0,,,0,0,0,0,105.29921,,13.609188,0,0,0,0.091124848,0.011477943,0,0,0.53653181,,0.0019471325,15.814876,2.367065,,0,0,0,0,11.736917,,0,0,0,0,0,0,,0,0,1.5770943,538.74469,3.4090161,64.068901,0,0,0,22.205677,2.9861336,,0.25314528
"1990-01-01 00:00:00",0.71415591,,0,0.48731506,0,0.0067846221,,0,0,0,0.15590963,0.052416027,0,0,,0,0,0.0008373679,0,0,,0.50217891,0.445977,1.8465617,0,0,0,4.8164182,0,0.035250086,0,0,36.480701,0,0,0,0,0,0.96215063,606.26898,13.073872,0,0,0,0,,0,0,33.061878,,0.081802949,,0,0,0,0,0,0,0,0,,,117.38595,0,0,0,7.7803202,0,0,0,0,,119.116077,0,6.0074005,0,0,0,0,0,0,0,0,0,0,0,0,0,3.0612962,0,,86.782135,6.2071829,0.75669974,0,0.017215224,0,0.67840016,0,0,0,4.6795187,0,0,,0,,0.00041868395,0,,0,0,0,0,,0,0,,,0.031527255,0,0,0.060107905,0,0,0,0,3.6921642,,4.3791432,0,,0.37488237,0,0,0,0,0,0,0,0,1.6043931,0,21.17589,0.21425334,0,1.2344557,0,,0,0,0,0,0.066044517,0.69119841,0.058430672,87.191025,0.097472973,0,0.078586496,0,0,7.4795351,0,0,0,344.90817,0,0,0,0,0,,0,0,0,,,0,0,0,0,104.4033,,11.273005,0,0,0,0.095293902,0.0063128709,0,0,0.32287982,,0.002596925,15.481213,3.2678058,,0,0,0,0,10.662117,,0,0,0,0,0,0,,0,0,1.6245927,567.17896,3.0711677,59.538765,0,0,0,22.277321,3.429812,,0.28139552
"1991-01-01 00:00:00",0.60709089,,0,0.25577572,0,0.010176945,,0,0,0,0.16494785,0.046924833,0,0,,0,0,0.0008373679,0,0,,0.30060589,0.44036016,2.0848665,0,0,0,4.3169098,0,0.038315307,0,0,37.976616,0,0,0,0,0,0.97316933,609.06641,12.769828,0,0,0,0,,0,0,31.249645,,0.045121469,,0,0,0,0,0,0,0,0,,,126.01938,0,0,0,7.428298,0,0,0,0,,87.639969,0,6.0998917,0,0,0,0,0,0,0,0,0,0,0,0,0,2.9419692,0,,96.895493,8.1159992,0.61636633,0,0.0006885585,0,0.64294136,0,0,0,4.6518946,0,0,,0,,0.00041868395,0,,0,0,0,0,,0,0,,,0.032077596,0,0,0.09740296,0,0,0,0,3.4418659,,4.3057189,0,,0.39269996,0,0,0,0,0,0,0,0,1.673125,0,19.866371,0.23334523,0,1.2791975,0,,0,0,0,0,0.045523982,0.73735243,0.064922974,84.902977,0.0936573,0,0.079925731,0,0,6.3494654,0,0,0,268.64502,0,0,0,0,0,,0,0,0,,,0,0,0,0,106.43403,,9.8593779,0,0,0,0.073257208,0.016069114,0,0,0.27535927,,0.002596925,14.561417,3.8477657,,0,0,0,0,10.365373,,0,0,0,0,0,0,,0,0,1.6142024,545.71216,3.4541512,60.925148,0,0,0,20.517839,3.4996045,,0.30964583
"1992-01-01 00:00:00",0.46171921,0,0,0.086121343,0,0.010176945,0,0,0,0,0.11410777,0.0039936141,0,0,0,0,0,0.023429073,0,0,0.54854673,0.1033629,0.50607717,1.9012151,0,0,0,4.6109886,0,0.037293565,0,0,35.029633,0,0,0,0,0,0.7166546,626.06976,13.991751,0,0,0,0,0.097779848,0,0,28.077608,,0.027105346,,0,0,0,0,0,0,0,0,,0,131.03015,0,0,0,6.8441429,0,0,0,0,0.061737217,78.098679,0,6.3726187,0,0,0,0,0,0,0,0,0,0,0,0,0,2.7203128,0,,100.08505,13.21814,0.66795945,0,0.00065072562,0,0.55195278,0,0,0,4.4593468,0,0,,0,0.85224897,0.00041868395,0,0,0,0,0,0,0,0,0,84.452499,1.0772682,0.032706581,0,0,0.095122114,0,0,0,0,3.2506807,0.12173008,3.8223426,0,,0.41051757,0,0,0,0.00082727912,0,0,0,0,1.8778516,0,18.65267,0.25385129,0,1.2980461,0,,0,0,0,0,0.061151613,0.92363679,0.056482986,80.334991,0.076660223,0,0.06817393,0,0,7.5161657,0,0,0,192.94164,0,0,0,0,0,8.5689383,0,0,0,,1.59868,0,0,0,0,104.16439,,7.8374782,0,0,0,0.059558697,0.024075411,0,0,0.21875754,0.23308395,0.002596925,14.521935,4.0428457,,0,0,0,0,11.562017,0,0,0,0,0,0,0,2.1315858,0,0,1.818297,547.16772,3.4727361,54.231354,0,0,0,,3.4572306,77.057732,0.31921729
"1993-01-01 00:00:00",0.44092116,0,0,0.050355118,0,0.013569244,0,0,0,0,0.094901502,0.0034943966,0,0,0,0,0,0.019245312,0,0,0.47540715,0,0.49989867,1.8465617,0,0,0,4.4145303,0,0.02963049,0,0,36.838932,0,0,0,0,0,0.59721214,646.75806,13.556126,0,0,0,0,0.089217439,0,0,,,0.009089225,35.23489,0,0,0,0,0,0,0,0,,0,129.72523,0,0,0,6.2932663,0,0,0,0,0.065677889,71.136421,0,6.345531,0,0,0,0,0,0,0,0,0,0,0,0,0,2.5465589,0,,105.33083,17.295851,0.78008765,0,0.00065577001,0,0.42149121,0,0,0,4.2275834,0,0,,0,0.68187839,0.00041868395,0,0,0,0,0,0,0,0,0,71.554634,1.0678511,0.032706581,0,0,0.065523028,0,0,0,0,3.5228136,0.083806477,3.4368656,0,,0.43047327,0,0,0,0.00082727912,0,0,0,0,2.0761788,0,17.311211,0.18950459,0,1.3684145,0,,0,0,0,0,0.056460008,0.8797071,0.018178424,80.32972,0.068335146,0,0.079807259,0,0,7.786685,0,0,0,174.61183,0,0,0,0,0,8.1809645,0,0,0,0.95269406,1.468755,0,0,0,0,112.41512,,6.1828995,0,0,0,0.029779349,0,0,0,0.20356317,0.21056376,0.0285661,13.702795,4.0820866,,0,0,0,0,10.916598,0,0,0,0,0,0,0,1.7947559,0,0,2.8313482,512.90448,3.700402,43.77314,0,0,0,,3.2933424,66.02977,0.38430244
"1994-01-01 00:00:00",0.35689634,0,0,0.039766423,0,0.013569244,0,0,0,0,0.1960168,0.0029952044,0,0,0,0,0,0.026776074,0,0,0.51197696,0,0.50607717,2.0631659,0,0,0,4.3727145,0,0.027076138,0,0,38.87833,0,0,0,0,0,0.52096295,690.65125,14.477199,0,0,0,0,0.080426537,0,0,,,0.0071415375,31.806019,0,0,0,0,0,0,0,0,0,0,129.34479,0,0,0,5.5439897,0,0,0,0,0.080564879,65.844025,0,6.5602632,0,0,0,0,0,0,0,0,0,0,0,0,0,2.4181321,0,,109.59732,19.028496,0.88946611,0,0.00062550372,0,0.17863198,0,0,0,3.8554919,0,0,,0,0.33479795,0.00041868395,0,0,0,0,0,0,0,0,0,66.615738,1.0590514,0.032077596,0,0,0.072562695,0,0,0,0,4.7386236,0.051969372,3.1560178,0,,0.46325767,0,0,0,0.00082727912,0,0,0,0,1.8872942,0,16.225267,0.21283911,0,1.4133307,0,,0,0,0,0,0.05028021,0.80574942,0.016230738,81.037132,0.050991189,0,0.079890497,0,0,7.9426107,0,0,0,155.28011,0,0,0,0,0,7.4873004,0,0,0,0.97606152,1.3921767,0,0,0,0,116.94901,,4.8701057,0,0,0,0.13579383,0,0,0,0.17694986,0.061367515,0.029864574,12.856756,4.4911232,,0,0,0,0,12.222948,0,0,0,0,0,0,0,1.7920582,0,0,3.1749692,559.97943,4.0867043,31.95422,0,0,0,,3.4080017,54.023163,0.332147
"1995-01-01 00:00:00",0.33813977,0,0,0.018824333,0,0.015413345,0,0,0,0,0.17229141,0.0024969706,0,0,0,0,0,0.028449574,0,0,0.59974444,0,0.51113236,2.089287,0,0,0,4.6879296,0,0.02963049,0,0,40.030434,0,0,0,0,0,0.45749536,725.85449,16.523745,0,0,0,0,0.051693697,0,0,,,0.0064923,30.961514,0,0,0,0,0,0,0,0,0,0,138.75864,0,0,0,5.2784624,0,0,0,0,0.014886988,62.58889,0,6.6748638,0,0,0,0,0,0,0,0,0,0,0,0,0,2.5362573,0,,115.12923,24.612165,0.78284025,0,0.00062550372,0,0.11507379,0,0,0,3.4834001,0,0,,0,0.18344551,0.0098513048,0,0,0,0,0,0,0,0,0,53.896736,1.1191055,0.030819653,0,0,0.060649421,0,0,0,0,4.9633594,0.014982151,3.0709682,0,,0.46325767,0,0,0,0.002479315,0,0,0,0,2.2255161,0,15.139324,0.20647517,0,1.274557,0,,0,0,0,0,0.034935292,0.73902071,0.0129846,80.972275,0,0,0.087292753,0,0,8.0550499,0,0,0,149.8485,0,0,0,0,0,5.9446697,0,0,0,1.0096354,1.400781,0,0,0,0,123.16424,,3.7452278,0,0,0,0.10244096,0,0,0,0.16480073,0.023083206,0.0285661,12.280582,4.8394675,,0,0,0,0,12.380762,0,0,0,0,0,0,0,1.1769776,0,0,3.0161464,558.14972,5.5423064,34.041496,0,0,0,,2.8932807,47.650452,0.18651204
"1996-01-01 00:00:00",0.28864318,0,0,0.026589381,0,0.0084072743,0,0,0,0,0.17511587,0.0014981823,0,0,0,0,0,0.026776074,0,0,0.6180293,0,0.40890586,1.9309529,0,0,0,4.7597008,0,0.027076138,0,0,40.496506,0,0,0,0,0,0.44250998,766.73059,18.903715,0,0,0,0,0.043162078,0,0,,,0.0048692185,31.889105,0,0,0,0,0,0,0,0,0,0,141.8241,0,0,0,5.2314029,0,0,0,0,0.0070056417,61.249123,0,6.920156,0,0,0,0,0,0,0,0,0,0,0,0,0,2.6198721,0,,123.18158,29.614857,0.70166612,0,0,0,0.091657609,0,0,0,3.4001322,0,0,,0,0.16205013,0.021248512,0,0,0,0,0,0,0,0,0,49.647282,1.1030499,0.03333554,0,0,0.11859126,0,0,0,0,5.4879203,0.013900307,3.1266482,0,,0.36062828,0.013912438,0,0,0.0028927024,0,0,0,0,2.2465038,0,13.414591,0.16263455,0,1.5238115,0,,0,0,0,0,0.039408829,0.61612862,0.011036912,81.44091,0,0,0.09293507,0,0,8.2015724,0,0,0,146.56038,0,0,0,0,0,9.5176144,0,0,0,1.0284369,1.3672242,0,0,0,0,123.25443,,3.2417171,0,0,0,0.076830722,0,0,0,0.10003737,0.011260101,0.037006088,11.710048,5.6984482,,0,0,0,0,12.670762,0,0,0,0,0,0,0,1.0933483,0,0,2.7007277,574.8111,6.520009,32.218658,0,0,0,,2.7487102,35.57515,0.16139875
"1997-01-01 00:00:00",0.30909449,0,0,0.0091768708,0,0.0071090013,0,0,0,0,0.14178737,0.00099878816,0,0,0,0,0,0.022592312,0,0,1.9941503,0,0.43586671,2.2693217,0,0,0,4.5173211,0,0.025032658,0,0,42.002029,0,0,0,0,0,0.46013984,744.43073,20.818039,0,0,0,0,0.030894613,0,0,,,0.0032461372,30.595684,0,0,0,0,0,0,0,0,0,0,151.7567,0,0,0,4.3173013,0,0,0,0,0.002189263,56.807449,0,6.8116903,0,0,0,0,0,0,0,0,0,0,0,0,0,2.7065773,0,,127.77703,32.289787,0.83236969,0,0,0,0.14451128,0,0,0,2.2986794,0,0,,0,0.20682192,0.039975263,0,0,0,0,0,0,0,0,0,46.835445,1.0343504,0.034593508,0,0,0.11804976,0,0,0,0,5.5411754,0.017654212,3.0128405,0,,0.26797673,0.013216818,0,0,0.0033059386,0,0,0,0,2.219662,0,13.159076,0.2729432,0,1.4882084,0,0,0,0,0,0,0.014948177,0.59833425,0.0064923,81.199699,0,0,0.083141297,0,0,6.6223354,0,0,0,139.87375,0,0,0,0,0,9.6081066,0,0,0,1.0515357,1.4139743,0,0,0,0,131.44363,,2.9555871,0,0,0,0.12090414,0,0,0,0.064558916,0.0095710894,0.018178424,11.493114,6.157721,,0,0,0,0,13.472422,0,0,0,0,0,0,0,1.135741,0,0,3.8191657,587.91321,7.5587764,31.12624,0,0,0,,2.4957116,36.58189,0.16889773
"1998-01-01 00:00:00",0.31470495,0,0,0.0115299,0,0.0051701413,0,0,0,0,0.16381809,0.00099878816,0,0,0,0,0,0.020918811,0,0,2.5726843,0,0.51899594,2.2166777,0,0,0,4.5786004,0,0.026565269,0,0,40.11425,0,0,0,0,0,0.41474292,731.82788,21.318178,0,0,0,0,0.032155607,0,0,,,0.0025536441,27.914181,0,0,0,0,0,0,0,0,0,0,164.89363,0,0,0,3.574059,0,0,0,0,0.0065677892,52.579205,0,7.0478377,0,0,0,0,0,0,0,0,0,0,0,0,0,2.5184011,0,,128.5294,36.055634,0.84612679,0,0,0,0.12644736,0,0,0,2.1417665,0,0,,0,0.17116296,0.036053278,0,0,0,0,0,0,0,0,0,46.125313,1.2622163,0.035851452,0,0,0.1705765,0,0,0,0,5.9815936,0.0029423896,3.0942192,0,,0.11256777,0.012521197,0,0,0.0045456719,0,0,0,0,1.9452432,0,11.881495,0.231931,0,1.393851,0,0,0,0,0,0,0.013589244,0.64337617,0.0077907499,72.146027,0,0,0.09252201,0,0,5.138299,0,0,0,133.34386,0,0,0,0,0,9.857934,0,0,0,1.061205,1.3981997,0,0,0,0,133.17812,,2.8554087,0,0,0,0.24419065,0,0,0,0.05156143,0.010697098,0.029215336,11.340394,5.2533522,,0,0,0,0,15.148129,0,0,0,0,0,0,0,1.1264917,0,0,5.5335603,606.46625,7.7472811,26.429224,0,0,0,,2.5941691,37.177071,0.20153894
"1999-01-01 00:00:00",0.27886882,0,0,0.0115299,0,0.0032313573,0,0,0,0,0.18980302,0.00049939408,0,0,0,0,0,0.020918811,0,0,2.4765058,0,0.40385073,2.2745459,0,0,0,3.8467481,0,0.096043698,0,0,38.694679,0,0,0,0,0,0.21376228,721.44775,20.921516,0,0,0,0,0.011035449,0,0,,,0.001861378,24.443562,0,0,0,0,0,0.025319962,0,0,0,0,166.98872,0,0,0,3.1963887,0,0,0,0,0.0070056417,51.026012,0,7.1829276,0,0,0,0,0,0,0,0,0,0,0,0,0,2.4976263,0,,130.68805,43.397858,0.7154243,0,0,0,0.076938875,0,0,0,2.1359882,0,0,,0,0.16521981,0.033014264,0,0,0,0,0,0,0,0,0,38.732979,1.1385574,0.039776236,0,0,0.13429515,0,0,0,0,5.499104,0,3.0373154,0,,0.091938831,0.014608034,0,0,0.0074383491,0,0,0,0,2.181283,0,13.542349,0.28567111,0,1.4496733,0,0,0,0,0,0,0.014268723,0.65449762,0.010387675,68.982323,0,0,0.086013772,0,0,4.4822755,0,0,0,143.41617,0,0,0,0,0,7.3923788,0,0,0,1.006681,1.3067073,0,0,0,0,133.49886,,2.748028,0,0,0,0.25372005,0,0,0,0.059727233,0.010697098,0.048692238,10.542514,4.7975669,,0,0,0,0,15.07057,0,0,0,0,0,0,0,1.1446049,0,0,5.1795487,587.54706,6.3912416,23.797663,0,0,0,,2.8826871,39.23365,0.17857836
"2000-01-01 00:00:00",0.3072575,0,0,0.0070591373,0,0,0,0,0,0,0.14630648,0.00049939408,0,0,0,0,0,0.020918811,0,0,2.7204261,0,0.52798289,2.7350812,0,0,0,4.0191813,0,0.296305,0,0,36.924351,0,0,0,0,0,0.1613134,777.52905,24.363085,0,0,0,0,0,0,0,,,0.00069360289,26.935743,0,0,0,0,0,0.037655324,0,0,0,0,176.00949,0,0,0,2.192338,0,0,0,0,0.0030649682,51.010342,0,7.3954601,0,0,0,0,0,0,0,0,0,0,0,0,0,2.4093757,0,,135.24348,46.706509,0.78971839,0,0,0,0.0093664639,0,0,0,1.6334668,0,0,,0,0.16838948,0.096071191,0,0,0,0,0,0,0,0,0,49.98032,1.1603251,0.049500145,0,0,0.20794086,0,0,0,0,6.0412388,0,3.1725383,0,,0.022093825,0.016694896,0,0,0.0070251129,0,0,0,0,2.1512225,0,14.372776,0.44689143,0,1.3269475,0,0,0,0,0,0,0.010871406,0.75236642,0.0019471325,65.553497,0,0,0.080772251,0,0,5.7365365,0,0,0,146.55305,0,0,0,0,0,8.2934027,0,0,0,0.9798218,1.2849097,0,0,0,0,133.90858,,2.7172544,0,0,0,0.22632304,0,0,0,0.054193817,0.012386109,0.051408611,10.183273,4.6726289,,0,0,0,0,14.22305,0,0,0,0,0,0,0,0.99044943,0,0,5.8519478,573.43225,7.7054648,20.02426,0,0,0,,2.7418554,38.972595,0.14007595
"2001-01-01 00:00:00",0.29718629,0,0,0.0049413783,0,0,0,0,0,0,0.10506952,0.012979202,0,0,0,0,0,0.035392944,0,0,2.76175,0,0.51394075,2.2721348,0,0,0,4.0463996,0,0.327979,0,0,37.56073,0,0,0,0,0,0.25387028,826.59113,27.747805,0,0,0,0,0,0,0,,,0.0022724953,27.32596,0,0,0,0,0,0.024021486,0,0,0,0,188.89508,0,0,0,1.4251096,0,0,0,0,0.00043886149,51.250633,0,7.6798787,0,0,0,0,0,0,0,0,0,0,0,0,0,2.3889441,0,,141.10516,55.077869,0.76632947,0,0,0,0.092995681,0,0,0,1.7677953,0,0,,0,0.18859623,0.10343421,0,0,0,0,0,0,0,0,0,51.101585,1.2514096,0.030379379,0,0,0.29566592,0,0,0,0,6.0417714,0,3.1456161,0,,0.0014250387,0.020868646,0,0,0.0041324105,0,0,0,0,2.4336905,0,14.75605,1.2643068,0,1.2963706,0,0,0,0,0,0,0.012909791,0.6839695,0.014932287,66.011192,0,0,0.083376162,0,0,6.5208664,0,0,0,151.25716,0,0,0,0,0,8.1187677,0,0,0,0.91965735,1.1853865,0,0,0,0,133.52632,,2.4992192,0,0,0,0.18760988,0,0,0,0,0.013512116,0.050502919,9.8392172,5.1511025,,0,0,0,0,13.959802,0,0,0,0,0,0,0,1.0447892,0,0,5.6292992,593.90259,8.8922491,20.494089,0,0,0,,2.5829525,38.52356,0.14261407
"2002-01-01 00:00:00",0.34794948,0,0,0.0035295561,0,0,0,0,0,0,0.025984937,0.010483216,0,0,0,0,0,0.037054334,0,0,1.8551054,0,0.53528476,2.0671844,0,0,0,3.9562294,0,0.24879403,0,0,35.506916,0,0,0,0,0,0.19084345,870.89642,28.009052,0,0,0,0,0,0,0,,,0.0038520941,26.189205,0,0,0,0,0,0.024021486,0,0,0,0,195.04723,0,0,0,1.0309114,0,0,0,0,0.0026271157,52.482937,0,8.1572666,0,0,0,0,0,0,0,0,0,0,0,0,0,2.2366521,0,,146.59586,60.096447,0.70992106,0,0,0,0.10905249,0,0,0,0,0,0,,0,0.18186067,0.11113231,0,0,0,0,0,0,0,0,0,47.386734,1.1702055,0.039562378,0,0,0.19115396,0,0,0,0,5.8495212,0,3.392199,0,,0,0.030607335,0,0,0.0049589076,0,0,0,0,2.7743745,0,13.989502,1.5075516,0,1.387264,0,0,0,0,0,0,0.014948177,0.92586112,0.026618412,65.241348,0,0,0.093383342,0,0,5.9576926,0,0,0,144.87973,0,0,0,0,0,8.5935106,0,0,0,0.91428548,1.3439926,0,0,0,0,131.52725,,2.1724939,0,0,0,0.25252888,0,0,0,0,0.020268161,0.051425487,9.5598068,5.149786,,0,0,0,0,12.135948,0,0,0,0,0,0,0,1.0544239,0,0,5.4689918,573.35077,10.891461,19.24827,0,0,0,,2.4689162,38.443619,0.1212518
"2003-01-01 00:00:00",0.28387946,0,0,0.013647634,0,0,0,0,0,0,0.050275214,0.017472008,0.011754325,0,0,0,0,0.027748378,0,0,1.9817381,0,0.46226582,1.8670566,0,0,0,4.1510148,0,0.4373053,0,0,33.182426,0,0,0,0,0,0.25387028,1030.7058,31.953627,0,0,0,0,0,0,0,,,0.0054318942,26.416555,0,0,0,0,0,0.024021486,0,0,0,0,196.0589,0,0,0,1.132794,0,0,0,0,0.0035028209,51.699379,0,7.9061866,0,0,0,0,0,0,0,0,0,0,0,0,0,2.2836962,0,,155.75795,68.905586,0.78627884,0,0,0,0.16725841,0,0,0,0,0,0,,0,0.16482361,0.12193393,0,0,0,0,0,0,0,0,0,53.93211,1.1396381,0.051198386,0,0,0.094764724,0,0,0,0,6.3719521,0,3.24841,0,,0,0.02573799,0,0,0.0045456719,0,0,0,0,3.2229545,0,14.245018,2.0817223,0,1.3717662,0,0,0,0,0,0,0.010871406,1.1288277,0.014932287,65.908623,0,0,0.096446767,0,0,6.4765959,0,0,0,156.70952,0,0,0,0,0,9.0080528,0,0,0,0.83182788,1.3852932,0,0,0,0,142.5995,,2.1593988,0,0,0,0.26721841,0,0,0,0,0.026461229,0.035454433,8.9211559,4.9504914,0,0,0,0,0,10.917273,0,0,0,0,0,0,0,0.7372489,0,0,5.051897,557.2442,12.819653,18.150715,0,0,0,,2.2121789,40.114864,0.12362897
"2004-01-01 00:00:00",0.057909437,0,0,0.013647634,0,0,0,0,0,0,0.028809389,0.016972816,0.034019735,0,0,0,0,0.012396904,0,0,2.0623236,0,0.51169401,2.1724727,0,0,0,4.0272403,0,0.23857661,0,0,35.234104,0,0,0,0,0,0.10269404,1192.3206,34.296238,0,0,0,0,0,0,0,,,0.0070116697,26.486828,0,0,0,0,0,0.021424586,0,0,0,0,201.0186,0,0,0,0.10441195,0,0,0,0,0.0035028209,52.505325,0,8.1078377,0,0,0,0,0,0,0,0,0,0,0,0,0,1.930179,0,,165.2618,84.563271,0.84199935,0,0,0,0.065565303,0,0,0,0,0,0,,0,0.18265308,0.14511196,0,0,0,0,0,0,0,0,0,55.43914,1.118488,0.032580774,0,0,0.21074373,0,0,0,0,6.9870467,0,3.30409,0,,0.014123344,0.011825551,0,0,0.0037191745,0,0,0,0,3.2077124,0,14.564413,2.0534379,0,1.9213104,0,0,0,0,0,0,0.014948177,1.5158544,0.0019471325,65.558365,0,0,0.12079281,0,0,6.2276239,0,0,0,157.90781,0,0,0,0,0,9.210351,0,0,0,0.79288214,1.3792702,0,0,0,0,147.29825,,2.0893395,0,0,0,0.29083341,0,0,0,0,0.052359428,0.042226546,8.8886166,5.2700739,0,0,0,0,0,10.425846,0,0,0,0,0,0,0,1.0729226,0,0,5.0081096,576.37384,18.152878,16.107725,0,0,0,,2.0196259,37.215164,0.13034186
"2005-01-01 00:00:00",0,0,0,0.010588693,0,0,0,0,0,0,0.01412226,0.016473599,0.093731351,0,0,0,0,0.035678707,0,0,2.1085398,0,0.55325866,2.5136547,0,0,0,3.7550576,0,0.29323977,0,0,35.152954,0,0,0,0,0,0.23976637,1328.5582,37.726841,0,0,0,0,0,0,0,,,0.0077907499,25.639427,0,0,0,0,0,0.016230738,0,0,0,0,212.65953,0,0,0,0,0,0,0,0,0.002189263,51.223766,0,8.0334053,0,0,0,0,0,0,0,0,0,0,0,0,0,1.6431074,0,,174.92773,100.34865,1.0703849,0,0,0,0.063558191,0,0,0,0,0,0,,0,0.13273056,0.15517645,0,0,0,0,0,0,0,0,0,55.254265,1.0622933,0.032643676,0,0,0.42671144,0,0,0,0,7.1761017,0,4.598804,0,,0.0070616845,0.022955507,0,0,0.0038262163,0,0,0,0,3.2772543,0,15.369288,1.040154,0,2.0402668,0,0,0,0,0,0,0.029216874,1.7588581,0.0051938249,64.354752,0,0,0.092954464,0,0,6.093246,0,0,0,172.50493,0,0,0,0,0,8.1316261,0,0,0,0.67443329,1.3021183,0,0,0,0,146.32588,,1.8542806,0,0,0,0.2686097,0,0,0,0,0.055737477,0.019993016,8.4521465,5.485064,0,0,0,0,0,13.115205,0,0,0,0,0,0,0,1.1854562,0,0,5.3398557,584.77515,22.629204,13.156525,0,0,0,,2.2570455,37.697304,0.092496008
"2006-01-01 00:00:00",0,0,0,0.010588693,0,0,0,0,0,0,0.079649471,0.017472008,0.15955392,0,0,0,0,0.040986232,0,0,2.1560128,0,0.54033989,2.3637595,0,0,0,3.9045298,0,0.37446821,0,0,35.498905,0,0,0,0,0,0.29706347,1443.4786,41.899242,0,0,0,0,0,0,0,,,0.0080504594,26.001949,0,0,0,0,0,0.016230738,0,0,0,0,214.99104,0,0,0,0,0,0,0,0,0.0039406735,49.770573,0,7.4996428,0,0,0,0,0,0,0,0,0,0,0,0,0,1.7086943,0,,184.93744,114.0118,1.1357361,0,0,0,0.014049696,0,0,0,0,0,0,,0,0.1271836,0.16938315,0,0,0,0,0,0,0,0,0,64.516037,1.0249332,0.037989944,0,0,0.48790231,0,0,0,0,8.0111389,0,5.115221,0,0.35042095,0.0023532056,0.028520472,0,0,0.0049436232,0,0,0,0,3.5300999,0,15.765339,1.6935205,0,1.5259067,0,0,0,0,0,0,0.072702475,1.4391162,0.010063068,62.937893,0,0,0.090023778,0,0,6.8409448,0,0,0,173.53247,0,0,0,0,0,7.5069714,0,0,0,0.59116989,1.2969557,0,0,0,0,146.20583,,1.8490425,0,0,0,0.18497144,0,0,0,0,0.059115499,0.011647182,8.0035295,5.0101843,0,0,0,0,0,14.444934,0,0,0,0,0,0,0,1.2467331,0,0,5.1825175,600.01703,25.738869,11.885032,0,0,0,,2.179152,38.515438,0.039464973
"2007-01-01 00:00:00",0,0,0,0.010588693,0,0,0,0,0,0,0.062137891,0.12130567,0.20431328,0,0,0,0,0.044038691,0,0,2.2429798,0,0.46507427,2.3971143,0,0,0,4.326489,0,0.39592478,0,0,37.031658,0,0,0,0,0,0.10710152,1550.296,42.00272,0,0,0,0,0,0,0,,,0.0083101448,25.887447,0,0,0,0,0,0.016230738,0,0,0,0,224.394,0,0,0,0,0,0,0,0,0.0061299363,50.892681,0,7.6757116,0,0,0,0,0,0,0,0,0,0,0,0,0,1.6856874,0,,196.52112,127.65439,1.1453668,0,0,0,0.10570733,0,0,0,0,0,0,,0,0.15650317,0.1912871,0,0,0,0,0,0,0,0,0,65.292244,1.0048637,0.036857806,0,0,0.58212537,0,0,0,0,8.6363516,0,5.7699203,0,0.27880713,0,0.016694896,0,0,0.0067664371,0,0,0,0,3.008224,0,15.39484,2.8800457,0,1.7273784,0,0,0,0,0,0,0.076099791,2.0780439,0.014932287,58.759495,0,0,0.087460726,0,0,7.0088196,0,0,0,176.24919,0,0,0,0,0,7.5820818,0,0,0,0.56699669,1.3006842,0,0,0,0,147.92418,,1.8896376,0,0,0,0.143705,0,0,0,0,0.10190386,0.017657744,7.4546885,4.7917523,0,0,0,0,0,16.942308,0,0,0,0,0,0,0,1.3265085,0,0,4.5249619,592.53235,28.198059,10.915847,0,0,0,,2.1000121,40.102997,0.0086329598
"2008-01-01 00:00:00",0,0,0,0.01435357,0,0,0,0,0,0,0.090947285,0.17322251,0.35649508,0,0,0,0,0.042417929,0,0,2.4723692,0,0.51113236,2.6571198,0,0,0,4.3775806,0,0.34177247,0,0,36.652611,0,0,0,0,0,0.29397824,1630.9114,46.973824,0,0,0,0,0,0,0,,,0.0075310646,24.884623,0,0,0,0,0,0.016230738,0,0,0,0,225.08977,0,0,0,0,0,0,0,0,0.0048163785,48.370857,0,7.6076455,0,0,0,0,0,0,0,0,0,0,0,0,0,1.6146063,0,,197.83836,146.3773,1.0937737,0,0,0,0.078276947,0,0,0,0,0,0,1.5153338,0,0.19216213,0.21111242,0,0,0,0,0,0,0,0,0,66.068451,1.1779245,0.038115751,0,0,0.67905688,0,0,0,0,7.7006626,0,6.2826662,0,0.4032622,0,0.026433611,0,0,0.0057213414,0,0,0,0,3.0062504,0,16.00808,2.4253759,0,1.5659078,0,0,0,0,0,0,0.09648367,2.2115014,0.017730458,58.104782,0,0,0.093383342,0,0,7.0246863,0,0,0,185.97025,0,0,0,0,0,7.9006896,0,0,0,0.65079725,1.2963821,0,0,0,0,150.88666,,1.8156497,0,0,0,0.10411277,0,0,0,0,0.11203793,0.0098955696,4.4197946,4.7539759,0,0,0,0,0,17.850077,0,0,0,0,0,0,0,1.2679294,0,0,3.6529214,601.57721,26.401955,11.587857,0,0,0,,1.5821753,40.244766,0.0021589966
"2009-01-01 00:00:00",0,0,0,0.0023532056,0,0,0,0,0,0,0.046320971,0.24960017,0.43600875,0,0,0,0,0.033788424,0,0,2.4517257,0,0.41452274,2.2942374,0,0,0,4.1338325,0,0.31673983,0,0,34.508568,0,0,0,0,0,0.28031507,1749.9679,46.536144,0,0,0,0,0,0,0,,,0.0077907499,23.32086,0,0,0,0,0,0.044796836,0,0,0,0,234.06866,0.011632856,0,0,0,0,0,0,0,0.066553593,45.975899,0,7.5119133,0,0,0,0,0,0,0,0,0,0,0,0,0,1.5428383,0,,199.15561,171.3737,0.79246998,0,0,0,0.048170421,0,0,0,0,0,0,1.6866727,0,0.24049982,0.23790731,0,0,0,0,0,0,0,0,0,67.311852,1.1464309,0.037109394,0,0,1.1577541,0,0,0,0,6.7873406,0,8.8415003,0,0.2217942,0,0.025633646,0,0,0.0061238329,0,0,0,0,2.8393295,0,16.289146,1.8674688,0,1.4580513,0,0,0,0,0,0,0.08289443,2.8782325,0.025003124,54.560417,0,0,0.097467907,0,0,6.6525021,0,0,0,168.30331,0,0,0,0,0,7.8578277,0,0,0,0.69108593,1.2702824,0,0,0,0,149.66583,,1.6493406,0,0,0,0.077216066,0,0,0,0,0.11372697,0,4.0978661,4.6149235,0,0,0,0,0,17.871883,0,0,0,0,0,0,0,1.408211,0,0,2.7667801,545.39203,29.256739,11.472325,0,0,0,,1.0389763,37.243271,0
"2010-01-01 00:00:00",0,0,0,0.0023532056,0,0,0,0,0,0,0.036717851,0.36192027,0.37123933,0,0,0,0,0.025356382,0,0,2.3380327,0,0.55494368,2.1760895,0,0,0,4.4712477,0,0.35045731,0,0,36.244194,0,0,0,0,0,0.27282238,1925.8397,47.528309,0,0,0,0,0,0,0,,,0.0043722456,22.821514,0,0,0,0,0,0.024670724,0,0,0,0,243.53934,0.023265712,0,0,0,0,0,0,0,0.045974523,45.648293,0,6.5426679,0,0,0,0,0,0,0,0,0,0,0,0,0,1.5646434,0,,209.92249,191.23442,0.7491318,0,0,0,0.067572407,0,0,0,0,0,0,1.6980716,0,0.22782108,0.30714589,0,0,0,0,0,0,0,0,0,74.036095,1.0380555,0.049688831,0,0,1.2980058,0,0,0,0,8.1501341,0,15.427041,0,0.44915065,0,0.024833683,0,0,0.0048762555,0,0,0,0,3.3166866,0,20.544765,1.3682514,0,1.4452761,0,0,0,0,0,0,0.12977731,4.0799055,0.026366521,53.788548,0,0,0.12131155,0,0,6.0973597,0,0,0,182.15036,0,0,0,0,0,7.7510805,0,0,0,0.63871062,1.2705692,0,0,0,0,151.93307,,1.3645201,0,0,0,0.086897925,0,0,0,0,0.11260094,0.00011627307,3.6574919,4.7967143,0,0,0,0,0,16.500565,0,0,0,0,0,0,0,1.3989617,0,0,1.9518862,555.84656,29.759197,11.775276,0,0,0,,1.557997,36.009823,0
"2011-01-01 00:00:00",0,0,0,0.0011753417,0,0,0,0,0,0,0.050840084,0.73881561,0.35122925,0,0,0,0,0.043153301,0,0,2.5972807,0,0.4426069,2.2122571,0,0,0,5.645587,0,0.35403338,0,0,35.830444,0,0,0,0,0,0.28824854,2114.572,54.831337,0,0,0,0,0,0,0,,,0.00095338875,24.000845,0,0,0,0,0,0.0058430624,0,0,0,0,240.40329,0.013571665,0,0,0,0,0,0,0,0.061299365,47.128601,0,6.7910852,0,0,0,0,0,0,0,0,0,0,0,0,0,1.640532,0,,214.47423,238.0239,0.80072486,0,0,0,0.061551105,0,0,0,0,0,0,1.6280755,0,0.32925099,0.35414237,0,0,0,0,0,0,0,0,0,77.720917,1.2673109,0.048430886,0,0,1.5790509,0,0,0,0,10.394297,0,18.109472,0,0.45726225,0,0.42919824,0,0,0.0054382756,0,0,0,0,3.076669,0,19.281239,0.98004991,0,1.5133408,0,0,0,0,0,0,0.17666024,4.2322698,0.025458505,56.15078,0,0,0.13473955,0,0,6.9563222,0,0,0,180.28555,0,0,0,0,0,8.3897247,0,0,0,0.6381734,1.2909327,0,0,0,0,150.00926,,1.3645201,0,0,0,0.072095811,0,0,0,0,0.13286912,0.05239933,2.872628,5.6030059,0,0,0,0,0,16.903641,0,0,0,0,0,0,0,1.4814348,0,0,1.937785,560.46643,30.938017,11.907495,0,0,0,,1.59657,39.14809,0
"2012-01-01 00:00:00",0,0,0,0.0011753417,0,0,0,0,0,0,0.053664535,0.61900765,0.43969482,0,0,0,0,0.046968166,0,0,2.5491095,0,0.82623702,2.6587272,0,0,0,5.0828228,0,0.43117431,0,0,35.500507,0,0,0,0,0,0.31381187,2216.0715,56.907001,0,0,0,0,0,0,0,,,0.0025121036,23.087307,0,0,0,0,0,0.013633812,0,0,0,0,256.53448,0,0,0,0,0,0,0,0,0.11121456,49.00119,0,7.2876892,0,0,0,0,0,0,0,0,0,0,0,0,0,1.5950332,0,,247.08191,265.13388,0.71817595,0,0,0,0.053522687,0,0,0,0,0,0,1.7048396,0,0.46118912,0.39426252,0,0,0,0,0,0,0,0,0,80.441978,1.1285226,0.044657055,0,0,1.5974604,0,0,0,0,8.3887157,0,17.475576,0,0.41392314,0,3.1511636,0,0,0.0038886154,0,0,0,0,3.0651221,0,19.347673,0.86903417,0,1.3315549,0,0,0,0,0,0,0.23849133,4.5336609,0.041776989,58.179779,0,0,0.12810212,0,0,6.6493678,0,0,0,200.84911,0,0,0,0,0,7.8037395,0,0,0,0.61561173,1.226974,0,0,0,0,154.44043,0,1.3710676,0,0,0,0.090698369,0,0,0,0,0.23195794,0.051076189,2.6817269,4.7463689,0,0,0,0,0,15.79692,0,0,0,0,0,0,0,1.4849033,0,0,1.4182717,521.51123,27.93256,10.890173,0,0,0,,0.99305022,40.921131,0.055497617
"2013-01-01 00:00:00",0,0,0,0.00070621388,0,0,0,0,0,0,0.046885867,0.67242199,0.45022643,0,0,0,0,0.032526195,0,0,2.2808232,0,0.8402791,3.4536128,0,0,0,4.352035,0,0.3102003,0,0,36.788212,0,0,0,0,0,1.3345819,2232.4705,54.612534,0,0,0,0,0,0,0,,,0.002596925,20.246244,0,0,0,0,0,0.0019471325,0,0,0,0,271.28668,0,0,0,0,0,0,0,0,0.17697999,47.500233,0,6.2421589,0,0,0,0,0,0,0,0,0,0,0,0,0,1.6410471,0,,243.76617,279.12656,0.72299129,0,0,0,0.048839457,0,0,0,0,0,0,1.6136285,0,0.55786449,0.44186547,0,0,0,0,0,0,0,0,0,79.805931,1.0321891,0.042141169,0,0,1.5671152,0,0,0,0,8.0878258,0,20.400003,0,0.39213774,0,4.2293763,0,0,0.0057853796,0,0,0,0,2.8779864,0,19.126652,1.3116829,0,1.3989912,0,0,0,0,0,0,0.21810745,4.0053921,0.0285661,57.69371,0,0,0.12350699,0,0,4.8425107,0,0,0,213.44055,0,0,0,0,0,8.2248077,0,0,0,0.6319958,1.1116763,0,0,0,0,153.22079,0,1.1883895,0,0,0,0.15306586,0,0,0,0,0.29051045,0.055036508,1.8951274,4.7580161,0,0,0,0,0,14.86267,0,0,0,0,0,0,0,1.5762405,0,0,0.70282745,504.46371,26.320976,8.1338654,0,0,0,,1.9406105,40.236645,0.10859032
"2014-01-01 00:00:00",0,0,0,0,0,0,0,0,0,0,0.032198738,0.75748563,0.49867183,0,0,0,0,0.050996058,0,0,2.2844017,0,0.96378815,3.2239754,0,0,0,5.37953,0,0.29542938,0,0,36.543259,0,0,0,0,0,1.8273555,2210.2307,57.094269,0,0,0,0,0,0,0,,,0.0036642412,17.748922,0,0,0,0,0,0,0,0,0,0,294.51111,0,0,0,0,0,0,0,0,0.13029611,46.724117,0,6.7261238,0,0,0,0,0,0,0,0,0,0,0,0,0,1.6730123,0,,259.00946,261.25598,0.74921942,0,0,0,0.057536885,0,0,0,0,0,0,1.4143546,0,0.71076101,0.48618659,0,0,0,0,0,0,0,0,0,76.260872,1.0390277,0.040254243,0,0,1.4251547,0,0,0,0,8.1673622,0,14.380713,0,0.38356262,0,4.7660174,0,0,0.0061363177,0,0,0,0,2.4635239,0,19.596581,1.1844038,0,1.4688708,0,0,0,0,0,0,0.22371748,4.6815763,0.029864574,56.512466,0,0,0.13959253,0,0,4.6869736,0,0,0,219.60889,0,0,0,0,0,6.1148138,0,0,0,0.61038077,0.86186898,0,0,0,0,156.45261,0,1.1520008,0,0,0,0.10684799,0,0,0,0,0.49470341,0.1597105,1.7154206,4.8534179,0,0,0,0,0,14.856535,0,0,0,0,0,0,0,1.7622141,0,0,0.89867902,511.65195,27.270802,7.4623952,0,0,0,,3.6029384,28.153242,0.098196417
"2015-01-01 00:00:00",0,0,0,0,0,0,0,0,0,0,0.019206269,0.68140763,0.35596848,0,0,0,0,0.03556193,0,0,2.2427981,0,1.1736823,3.230685,0,0,0,6.1441264,0,0.23728156,0,0,31.99736,0,0,0,0,0,1.4499565,2155.2703,56.138237,0,0,0,0,0,0,0,,,0.0044858451,17.744699,0,0,0,0,0,0,0,0,0,0,294.71005,0,0,0,0,0,0,0,0,0.13162979,45.307339,0,5.9792528,0,0,0,0,0,0,0,0,0,0,0,0,0,1.5996089,0,,270.14032,263.89563,0.85090506,0,0,0,0.054191723,0,0,0,0,0,0,1.6179478,0,0.719504,1.7414111,0,0,0,0,0,0,0,0,0,73.285652,0.92312604,0.037109394,0,0,1.4086452,0,0,0,0,8.4142494,0,14.761803,0,0.41091028,0,4.6509552,0,0,0.0077614668,0,0,0,0,2.038882,0,17.774097,0.78206003,0,1.6161624,0,0,0,0,0,0,0.30667204,4.5447826,0.030513786,56.460255,0,0,0.12479313,0,0,4.9634633,0,0,0,228.26579,0,0,0,0,0,7.5862541,0,0,0,0.52183986,0.90864128,0,0,0,0,150.66997,0,1.1776427,0,0,0,0.085708514,0,0,0,0,0.58907545,0.16685203,1.312865,4.0644798,0,0,0,0,0,13.903496,0,0,0,0,0,0,0,1.5881591,0,0,0.63277,452.63266,27.654449,5.491951,0,0,0,,2.7005632,20.971365,0.063788667
"2016-01-01 00:00:00",0,0,0,0,0,0,0,0,0,0,0.014296795,0.84764111,0.47550231,0,0,0,0,0.049277537,0,0,2.3732107,0,1.0556556,2.7769253,0,0,0,5.3535166,0,0.23669809,0,0,31.697882,0,0,0,0,0,1.1620336,1974.2931,59.903927,0,0,0,0,0,0,0,,,0.0053074495,16.905586,0,0,0,0,0,0,0,0,0,0,293.87973,0,0,0,0,0,0,0,0,0.12683883,41.852783,0,4.185348,0,0,0,0,0,0,0,0,0,0,0,0,0,1.5408158,0,,274.54938,256.81497,0.89000249,0,0,0,0,0,0,0,0.69453865,0,0,1.727892,0,0.72075969,1.7288942,0,0,0,0,0,0,0,0,0,70.800667,0.78525746,0.027045822,0,0,1.3013701,0,0,0,0,6.7307367,0,22.473331,0,0.32400033,0,4.2647057,0,0,0.0085132066,0,0,0,0,1.7196883,0,20.105261,0.57841331,0,1.7807462,0,0,0,0,0,0,0.30779269,6.7212515,0.029864574,54.881813,0,0,0.14152798,0,0,4.4676113,0,0,0,236.67168,0,0,0,0,0,7.5865483,0,0,0,0.47593263,0.99232674,0,0,0,0,150.79285,0,1.1596601,0,0,0,0.097124986,0,0,0,0,0.77450073,0.17918739,0.77561551,4.5365248,0,0,0,0,0,16.331758,0,0,0,0,0,0,0,1.7314,0,0,0.57606387,369.92969,25.572268,2.6890094,0,0,0,,1.6816238,21.602798,0.077921823