4384.80615298709,2013,WLD
4366.4625177394,2014,WLD
4311.80684967111,2012,WLD
4258.3554684672,2015,WLD
4158.43334039709,2011,WLD
4102.66424292599,2016,WLD
3914.66294377872,2010,WLD
3682.53579354009,2009,WLD
3675.02431152475,2008,WLD
3609.80587249941,2007,WLD
3444.67267638905,2006,WLD
3260.20471913086,2005,WLD
3182.999839069,2014,ABW
3178.019041954,2013,ABW
3134.789387779,2015,ABW
3088.045703643,2012,ABW
3056.91467647063,2004,WLD
3035.344041666,2016,ABW
2898.8948323331,2011,ABW
2857.57936170501,2003,WLD
2653.17418398893,2010,ABW
2627.36490436265,2002,WLD
2552.17112226288,2001,WLD
2512.74865743843,2000,WLD
2475.42411328199,2009,ABW
2400.6264274694,1996,WLD
2395.9221,2013,CHN
2384.35300090683,1999,WLD
2362.7573450476,1997,WLD
2357.124345434,1998,WLD
2357.0952,2014,CHN
2349.84286244489,1995,WLD
2348.54168412694,1990,WLD
2328.93507994212,2008,ABW
2324.2349,2012,CHN
2290.7886,2015,CHN
2285.27831284652,1994,WLD
2271.91435712988,1988,WLD
2269.63081601133,1993,WLD
2258.38193970214,1989,WLD
2257.15064660888,1992,WLD
2254.13430065085,2007,ABW
2206.19217173921,1991,WLD
2199.83203925718,1987,WLD
2195.72,2011,CHN
2190.1101,2016,CHN
2127.78466398868,1986,WLD
2107.25501878699,2006,ABW
2094.48186790435,1985,WLD
2014.16951085858,1984,WLD
1970.1826,2010,CHN
1934.72994757671,2005,ABW
1916.94924465355,1983,WLD
1865.5312898119,1982,WLD
1834.6704,2009,CHN
1824.16313718072,1981,WLD
1796.28658943419,1980,WLD
1733.85769330932,2004,ABW
1696.9418,2008,CHN
1639.3911,2007,CHN
1537.4538248182,2003,ABW
1527.7837,2006,CHN
1373.876,2005,CHN
1346.21587534058,2002,ABW
1267.69729387691,2001,ABW
1208.95972097106,2000,ABW
1202.692133876,2007,INX
1197.6724,2004,CHN
1181.330644409,2006,INX
1179.578591531,2005,INX
1168.676965367,2008,INX
1164.660591241,2004,INX
1157.677471595,2003,INX
1137.318229628,2000,INX
1130.89130073379,1999,ABW
1129.872257921,2002,INX
1125.954369166,2001,INX
1115.258013445,2010,INX
1104.920145999,1997,INX
1103.109546946,1998,INX
1100.4545836878,1996,ABW
1100.333481038,1996,INX
1097.763166114,2011,INX
1091.992320164,1999,INX
1087.482993278,1989,INX
1078.95264702061,1998,ABW
1078.295172678,1988,INX
1076.73232347439,1997,ABW
1068.851322575,1993,INX
1068.524057623,1995,INX
1067.706057594,1991,INX
1067.583433983,1990,INX
1065.675920968,1994,INX
1065.256205705,2009,INX
1062.351194528,2013,INX
1060.341215444,1987,INX
1059.42538635001,1995,ABW
1054.871381939,2012,INX
1048.327687967,2014,INX
1039.759171522,1992,INX
1037.3428,2003,CHN
1033.815544566,1985,INX
1032.745056487,1986,INX
984.927583336,2015,INX
983.82209323,1984,INX
983.08466990897,1994,ABW
946.703514994,1983,INX
938.624748795,1981,INX
933.735113886,1982,INX
928.272661621,2016,INX
927.78417774115,1993,ABW
925.4218610277,1980,INX
909.45328189891,1990,ABW
876.91321031325,1992,ABW
866.99817,2002,CHN
854.50404722208,1991,ABW
824.87359947698,1988,ABW
822.85018871044,1989,ABW
807.60266,2001,CHN
768.42686177828,1987,ABW
765.98016,2000,CHN
728.27353469878,1986,ABW
724.88251,1996,CHN
712.75909,1999,CHN
707.26905052805,1985,ABW
703.46332,1995,CHN
684.41455,1997,CHN
683.42664,1998,CHN
675.54166332995,1984,ABW
647.32855,1994,CHN
616.45690763632,1983,ABW
614.829602,2007,NAC
614.28292,2005,NAC
612.37024,1990,CHN
606.075418,2006,NAC
605.6454095,2000,NAC
603.6091078,2004,NAC
602.542196,2003,NAC
601.97137,1993,CHN
601.950319,2008,NAC
589.9349791,2002,NAC
589.8236667,2001,NAC
586.532522983144,1982,ABW
580.5332033,1998,NAC
579.755622,1999,NAC
574.97247,2005,UMI
573.8782814,1997,NAC
573.78534,2007,UMI
569.49908,2000,UMI
566.64044,2004,UMI
566.16046,2006,UMI
564.65448,2008,UMI
563.43915,1992,CHN
562.97668,2003,UMI
561.954441,2010,NAC
561.2844557,1996,NAC
557.881984857762,1981,ABW
552.71979,2001,UMI
552.46051,2002,UMI
546.19946,1998,UMI
545.36194,1999,UMI
544.58453,1991,CHN
543.932649319517,1980,ABW
543.54926,1988,CHN
540.89478,1997,UMI
537.64728,1989,CHN
536.9689531,1995,NAC
533.74715203,1987,EMU
532.445535,2011,NAC
531.6852204,1994,NAC
529.956393,2009,NAC
529.7394087545,1986,EMU
529.70856,1996,UMI
527.9277953,1993,NAC
525.4726,2010,UMI
521.4443203572,1985,EMU
520.840152378,1988,EMU
519.895432971,1989,EMU
510.7031055,1992,NAC
510.5055539,1990,NAC
509.2039968,1989,NAC
508.1438,1987,CHN
506.67624,1995,UMI
506.6750414,1991,NAC
503.5796696,1988,NAC
502.15491,1994,UMI
500.28076,1993,UMI
496.64987,2009,UMI
495.80722,2011,UMI
493.529863465,1983,EMU
491.303985378,1982,EMU
489.8594150305,1984,EMU
488.867736623,1990,EMU
487.686584,2013,NAC
486.2697061777,1980,EMU
485.531862,2014,NAC
483.57053,1990,UMI
483.215701934,1991,EMU
482.30539,1992,UMI
481.647945415,1981,EMU
480.97601,1989,UMI
480.6993785,1987,NAC
480.65732,1986,CHN
479.00635,1991,UMI
475.34015,1988,UMI
471.545569,2012,NAC
466.82852,1985,CHN
465.9639813,1985,NAC
459.3488207,1986,NAC
455.92276999197,1984,NAC
454.97827,2013,UMI
454.20755,1987,UMI
453.94418,2014,UMI
449.654887946,1987,ETH
447.4845,1984,CHN
444.6006704275,1986,ETH
440.83939,1985,UMI
440.4618773562,1992,EMU
439.45875918,1988,ETH
438.7301331212,1985,ETH
438.31256,2012,UMI
436.300458113,1989,ETH
435.34061,1986,UMI
430.55377,1984,UMI
425.034043,2015,NAC
423.95000149197,1983,NAC
422.67870921,1980,ETH
421.347260392,1982,ETH
420.8895332839,1981,NAC
420.235910063,1993,EMU
419.819962041,1983,ETH
414.83365659,1981,ETH
411.2044186305,1984,ETH
408.5344953839,1980,NAC
408.4354220891,1994,EMU
407.93467459197,1982,NAC
407.87292,1983,CHN
406.71075756,1990,ETH
405.6360206,1991,ETH
401.246473465,1996,EMU
401.21832,1981,UMI
400.88858,1983,UMI
399.3408817011,1995,EMU
399.03946,2015,IND
392.59286,2014,IND
392.17569,2015,UMI
390.21487,2016,IND
390.062345278,1993,ETH
388.99277,1980,UMI
388.484296,2016,NAC
386.43954,1982,UMI
386.013051658,1997,EMU
384.68289,1982,CHN
379.3391609342,1992,ETH
376.7819114991,1994,ETH
376.3382138413,2007,EMU
375.9351696392,1998,EMU
371.4036046625,2006,EMU
369.6977058403,2003,EMU
368.2429006581,1995,ETH
367.7937728245,2004,EMU
365.99594,1980,CHN
365.4708129924,2000,EMU
364.8896847833,2001,EMU
364.88792325,1996,ETH
364.80878,1981,CHN
363.2234524313,2005,EMU
360.5679662963,2002,EMU
359.09821,2013,IND
358.8064,2016,UMI
354.45458349634,2012,EMU
353.8568106642,1999,EMU
353.845820847,2008,EMU
349.52249,2012,IND
346.007225544,1997,ETH
343.7872370773,2011,EMU
337.03007165634,2013,EMU
333.82941,1990,RUS
333.82941,1990,ETH
332.3474054523,2003,ETH
332.2026496962,1998,ETH
330.2508442555,2004,ETH
329.1916113261,2010,EMU
329.1647949825,2006,ETH
328.3908172623,2007,ETH
325.6493077578,2014,EMU
325.108266447,1992,ETH
324.8445193493,2001,ETH
324.0946741425,2009,EMU
322.6941151747,2015,EMU
322.6468990063,2005,ETH
322.5177036693,2002,ETH
322.3481835964,2000,ETH
319.27832,1988,RUS
319.27832,1988,ETH
314.31976,1987,RUS
314.31976,1987,ETH
313.7710713652,1999,ETH
313.44574,1986,RUS
313.44574,1986,ETH
304.971367887,2008,ETH
304.44658447034,2012,ETH
304.41699,1985,RUS
304.41699,1985,ETH
302.5018,1989,RUS
302.5018,1989,ETH
302.24246,1984,RUS
302.24246,1984,ETH
301.838599825997,2016,EMU
299.93219,1982,RUS
299.93219,1982,ETH
298.85361,1983,RUS
298.85361,1983,ETH
295.73651,2011,IND
292.37201611134,2013,ETH
291.9591263793,2011,ETH
289.91577,1981,RUS
289.91577,1981,ETH
289.02686,1980,RUS
289.02686,1980,ETH
286.0880220263,1993,ETH
281.2051878351,2010,ETH
279.39105,2010,IND
278.6076013858,2014,ETH
274.0858752535,2009,ETH
273.3469192557,2015,ETH
261.93564,2009,IND
256.48209,1991,RUS
256.48209,1991,ETH
252.38433752658,1994,ETH
250.507962817997,2016,ETH
250.06429,2008,IND
241.80037,2007,IND
240.9946640919,2012,ETH
238.6185606935,1995,ETH
233.3332079416,2011,ETH
233.2954558057,2008,ETH
224.7919451048,2013,ETH
221.86194,2006,IND
219.85426689037,2010,ETH
217.5076638297,1996,ETH
215.4458146018,2007,ETH
215.31124057157,2006,ETH
214.43751331512,2015,ETH
212.17594310922,2016,ETH
211.2288500027,2003,ETH
210.63591521852,2014,ETH
208.526,2005,IND
208.1118871907,2004,ETH
207.4418388364,2009,ETH
206.0501230306,2005,ETH
203.9430078783,2000,ETH
202.0001255046,2001,ETH
200.9092076497,1997,ETH
200.4468449263,2002,ETH
197.56276,2004,IND
196.1672126555,1999,ETH
194.30171704128,1998,ETH
177.78268,2003,IND
177.32304,1992,RUS
172.4727,2002,IND
165.73073,2001,IND
160.61284,2000,IND
154.80844,1999,IND
153.21199,1993,RUS
147.027886,1986,DEU
146.03343,1998,IND
144.59515,1997,IND
144.350426,1985,DEU
144.258179,1987,DEU
143.292519,1984,DEU
141.622604,1988,DEU
140.536251,1982,DEU
140.178124,1981,DEU
139.7178,1983,DEU
139.41113,1996,IND
138.473969,1989,DEU
137.955387,1980,DEU
136.46849,1994,RUS
134.492,1995,RUS
132.65971,1995,IND
132.45726,1996,RUS
130.22195,2012,RUS
128.59001,2008,RUS
127.8085,2000,RUS
127.58891,1991,DEU
127.249405,1990,DEU
127.05836,2001,RUS
126.08215,2015,RUS
125.59,2003,RUS
125.44805584315,2008,0
124.99818,1994,IND
124.38263,2013,JPN
124.32053,2011,RUS
124.07123,1997,RUS
123.64209,2002,RUS
123.08186,2006,RUS
121.59054,2004,RUS
121.46897,1999,RUS
121.02376,2016,JPN
120.68509,2014,JPN
120.2516,2005,RUS
119.83708,2016,RUS
119.58997,2010,RUS
119.14417,2015,JPN
119.0521683701,2014,0
118.95698,2008,ZAF
118.86952,2007,RUS
118.523219717903,2016,0
118.50455,1993,IND
118.12697,2007,JPN
118.055295353,2012,0
117.55449786686,2007,0
117.054287541433,2015,0
116.9054241776,2013,0
116.89584,1998,RUS
116.3074462484,2010,0
115.88949,2012,JPN
115.54625,2013,RUS
115.40163902551,2009,0
115.15118,2005,JPN
114.694811027124,2004,0
114.370201230384,2006,0
114.30311,2009,RUS
113.79633,2010,JPN
113.73834,2006,JPN
113.37125,1992,DEU
113.1843969767,2011,0
112.94308,1992,IND
112.56452,2008,JPN
112.23845241198,2005,0
111.96734,2014,RUS
111.45185,2012,ZAF
110.81796,2004,JPN
110.79948,2014,ZAF
110.42046,2011,JPN
110.28878,2010,ZAF
110.20956,2013,ZAF
110.20288,2007,ZAF
109.60519,2016,ZAF
109.42955,2009,ZAF
109.144517590955,2003,0
108.2925,2003,JPN
108.10912,2015,ZAF
107.6931,2004,ZAF
106.99107,2006,ZAF
106.90125,2011,ZAF
106.85029,1991,IND
105.78895,2009,JPN
105.04579,1993,DEU
104.75184,2005,ZAF
103.825245101078,2002,0
103.77116,2002,JPN
101.93191,2003,ZAF
101.73745348813,1998,0
101.098953001843,2000,0
100.599939599922,2001,0
99.68101486286,1997,0
99.646675,2001,JPN
99.292679,1990,IND
98.678314,1994,DEU
97.840157,1987,POL
97.62004540732,1999,0
96.471176,2000,JPN
96.2230866203,1996,0
96.05204,2002,ZAF
95.698929,1988,POL
95.108322,1998,ZAF
93.998444,2000,ZAF
93.476585,1995,DEU
93.344002,1997,ZAF
93.048149,2001,ZAF
92.887505,1996,DEU
92.875526,1989,IND
92.830673,1986,POL
92.6971325313,1995,0
91.663475,1989,POL
91.56131,2015,SGS
90.800919,1999,ZAF
90.542793,1999,JPN
90.428719,2014,SGS
90.059601,1997,JPN
89.749619,1996,ZAF
89.372238,1985,POL
88.821869,1997,DEU
88.506447,2011,SGS
88.267303,1996,JPN
87.7027665783,1994,0
87.660904,2013,SGS
87.492126,2016,SGS
87.451714,1988,IND
86.823995806,1990,0
86.759117,1995,JPN
86.702423,1998,JPN
86.68232,2012,SGS
86.398621,2004,DEU
86.3572811923,1993,0
86.322746,2007,DEU
86.271179,1995,ZAF
85.853683,2003,DEU
85.2349658424,1991,0
85.220886,1984,POL
85.187347,2002,DEU
85.155273,2013,DEU
84.865211,2012,DEU
84.3777264133,1989,0
84.3019451749,1988,0
84.147141,1998,DEU
83.9348918045,1992,0
83.77948,2001,DEU
83.714981,2006,DEU
83.6529947579,1987,0
83.370361,1994,JPN
83.289726,2005,DEU
82.849037,2015,DEU
82.830887,2014,DEU
82.317467,2000,DEU
82.022232,2008,DEU
81.916161,1980,POL
81.890244,1987,IND
81.886635,2010,SGS
81.25325,2016,DEU
81.00631,1994,ZAF
80.959259,2011,DEU
80.463509,1993,JPN
80.192284,1990,ZAF
80.122887,1999,DEU
80.040627,1980,GBR
79.895844,1993,ZAF
79.708229,1992,UKR
79.621223,1983,POL
79.434128,2010,DEU
79.274231,1991,JPN
78.504463,1991,ZAF
78.384521,1992,JPN
78.271133,1990,JPN
78.2400524364,1986,0
77.755768,1982,POL
77.525131,2009,DEU
77.51413,1992,ZAF
77.404755,1988,ZAF
77.387421,1989,ZAF
77.3599753331,1985,0
76.984352,1990,POL
76.764885,1991,POL
76.742538,1987,ZAF
75.897911,1981,GBR
75.727722,1986,IND
75.368362,1981,POL
74.9690015809,1984,0
74.502098,1987,GBR
74.462326,1988,JPN
74.287735,1989,JPN
73.390892,1986,GBR
73.32045,2009,SGS
73.071365,1993,POL
72.613533,1992,POL
72.340103,1986,ZAF
72.25882,1985,ZAF
71.835052,1993,UKR
71.826515,1988,GBR
71.74231,1985,JPN
71.422501,1996,POL
71.257286,1994,POL
71.189873,1983,GBR
71.176903,1982,GBR
70.547516,1995,POL
70.4387636091,1983,0
70.390762,2008,SGS
70.341499,1984,ZAF
70.285019,1985,IND
69.029694,1990,GBR
68.96875,1989,GBR
68.903748,1986,JPN
68.82515,1987,JPN
68.639313,1997,POL
68.634224,1991,GBR
68.263367,1984,JPN
67.44976,1985,GBR
67.2925488701,1982,0
66.945076,1984,IND
65.953407,1983,ZAF
64.529114,1992,GBR
63.854221,1998,POL
63.575092,2007,SGS
62.660851,1982,ZAF
62.458035,1981,JPN
62.3290818955,1981,0
62.173275,1982,JPN
61.829437,1983,IND
61.309818,1999,POL
60.831947,1983,JPN
60.799274,2012,KAZ
60.355965,2013,KAZ
60.134403,2006,POL
59.953159,2003,POL
59.907246,2011,KAZ
59.696404,1992,KAZ
59.611629,2004,POL
59.41066,2001,POL
59.337093,2000,POL
59.316315,2006,SGS
59.100368,2011,POL
59.088448,2007,POL
58.993923,2013,POL
58.559513,2005,POL
58.531551,1981,ZAF
58.213715,1982,IND
58.164146,2008,POL
58.159622,2012,POL
57.92783,2010,POL
57.773155,2016,POL
57.771244,2002,POL
57.697186,2014,POL
57.322388,2008,KAZ
57.301205,2015,POL
57.290253,2005,SGS
57.2440666406,1980,0
56.818066,1995,UKR
56.816803,1994,UKR
56.448475,1980,JPN
56.318024,2014,KAZ
56.225529,1993,GBR
55.712002,2010,KAZ
55.46072,2004,SGS
55.176361,2009,AUS
54.627235,1981,IND
54.577606,2016,KAZ
54.457478,2009,POL
54.421936,1993,KAZ
54.030727,2007,AUS
53.714725,2006,AUS
53.679768,2008,AUS
53.610939,1980,ZAF
53.44141,2003,SGS
53.235268,1994,KAZ
53.232784,2016,IDN
53.185188,2015,KAZ
52.981373,1994,GBR
52.714802,2005,AUS
51.878593,2004,AUS
51.481617,2009,KAZ
51.300541,2002,SGS
50.942356,2010,AUS
49.8964,2003,AUS
49.882442,1995,GBR
49.698078,2002,AUS
49.430569,1984,GBR
49.273518,2015,IDN
49.160988,2007,KAZ
49.13945,2011,AUS
48.900631,2001,AUS
48.881943,2000,AUS
48.806145,1999,AUS
48.755611,2012,AUS
48.495758,1980,IND
47.969933,1998,AUS
47.840027,2001,SGS
46.673435,2016,AUS
46.382179,2006,KAZ
46.331455,2012,UKR
46.289494,1996,GBR
46.093182,2011,UKR
45.67667,2015,AUS
45.262695,2003,UKR
45.077511,2013,UKR
44.94006,2000,SGS
44.756439,2007,UKR
44.656654,2013,AUS
44.470131,2008,UKR
44.345375,2014,AUS
44.037392,1997,AUS
43.822018,2006,GBR
43.807457,1995,KAZ
43.700695,2014,IDN
43.36977,2006,UKR
43.09248,2005,KAZ
42.236546,1996,UKR
42.143635,2000,UKR
42.086754,2004,UKR
41.99704,2004,KAZ
41.930256,1996,AUS
41.773899,2010,UKR
41.750515,1998,UKR
41.619213,2013,IDN
41.519428,2012,GBR
41.497704,1999,UKR
41.396034,2001,GBR
41.223812,1984,OWID_
41.114693,1997,UKR
40.941566,1998,GBR
40.892944,1997,GBR
40.862473,2007,GBR
40.85923,2003,GBR
40.786671,2001,UKR
40.707977,1983,OWID_
40.461178,2002,UKR
40.373112,1982,OWID_
40.3531,2005,UKR
40.184681,1985,OWID_
40.100056,2005,GBR
39.933662,1999,SGS
39.519943,1987,OWID_
39.391201,1986,OWID_
39.326889,1980,OWID_
39.200661,1996,KAZ
39.191772,2004,GBR
39.102856,1995,AUS
39.073589,1981,OWID_
39.03228,2013,GBR
38.982609,2014,TWN
38.959713,1988,OWID_
38.855297,2000,GBR
38.791992,2009,UKR
38.771763,2013,TWN
38.75605,1992,AUS
38.691372,2012,IDN
38.681541,2011,TWN
38.557095,2016,TWN
38.347019,2012,TWN
38.257992,1994,AUS
38.142155,2002,GBR
38.113888,2011,IDN
38.103691,2016,TUR
38.039982,2010,IDN
37.989407,1993,AUS
37.979549,2015,TWN
37.972771,2003,KAZ
37.907917,2014,UKR
37.851063,2008,GBR
37.746868,1998,SGS
37.72567,1991,AUS
37.64675777167,2016,CAF
37.570351,2007,TWN
37.036278,2011,TUR
36.956047,2009,TUR
36.641174,2010,TWN
36.589031,1989,AUS
36.518898,1989,OWID_
36.429928,1997,SGS
36.359478,2012,TUR
36.355061,1990,AUS
36.318996,2008,TUR
36.23288,2007,TUR
36.126553,1999,GBR
36.124943,1990,OWID_
36.100281,2008,TWN
36.016136,2006,TWN
36.000465,2015,TUR
35.03413,1980,FRA
35.0177380329458,2015,CAF
34.973766,2014,TUR
34.874493,2010,TUR
34.796574,2009,TWN
34.617966,2005,TWN
33.954758,1996,SGS
33.789688,2002,KAZ
33.559849,1988,AUS
33.550251,2016,UKR
33.392796,2011,GBR
33.274082,2010,GBR
33.26564,2004,TWN
33.240475,2016,VEN
33.221279,1982,FRA
32.89901,1998,KAZ
32.843597,1997,KAZ
32.831903868981,2014,CAF
32.536861,1991,OWID_
32.509415,2009,IDN
32.442593,1987,AUS
32.198528,2003,TWN
31.817087,2001,KAZ
31.659203,2014,GBR
31.584599,2009,GBR
31.481224,2000,KAZ
31.372465,1981,FRA
31.002787,1988,SGS
30.980587,2015,UKR
30.955755,2013,TUR
30.879902,2008,IDN
30.81333,2006,TUR
30.804768,1999,KAZ
30.456363938448,2013,CAF
29.953287,1995,SGS
29.944347,1985,AUS
29.80876,1989,SGS
29.685944,2002,TWN
29.659842,1986,AUS
29.41704,2000,TUR
29.389465,1983,FRA
29.313726,1990,SGS
29.245516,1987,SGS
28.957815,1986,SGS
28.934149,2007,CAN
28.896526,2000,CAN
28.810589,1994,SGS
28.770351,2001,CAN
28.731333,2015,VEN
28.686821,1992,OWID_
28.647827,1993,SGS
28.629593,1991,SGS
28.617563,2003,CAN
28.5853,1998,TUR
28.488634,2002,CAN
28.272848,2005,TUR
28.049465,1985,SGS
27.958414,1984,FRA
27.888544,2001,TWN
27.763868,1999,TUR
27.756218,1982,AUS
27.644196,1985,ESP
27.541471,1989,ESP
27.3597779136739,2012,CAF
27.236513,2004,CAN
27.189926,1991,ESP
27.127773,1998,CAN
27.105749,2005,CAN
27.084349,1983,ESP
27.074091,1999,CAN
27.03734,1984,AUS
26.959368,1992,ESP
26.94787,2007,IDN
26.888531,1992,SGS
26.875477,1990,ESP
26.827246,2006,CAN
26.802429,1986,ESP
26.772564,1983,AUS
26.7461654821844,2011,CAF
26.743647,1984,ESP
26.718954,1985,FRA
26.679625,1993,CZE
26.581032,2001,TUR
26.553787,2008,CAN
26.512581,1997,TUR
26.512518,2002,ESP
26.413218,2000,ESP
26.391502,2000,TWN
26.113779,1997,CAN
26.063032,1981,AUS
26.006317,2004,ESP
25.982918,1982,ESP
25.964087,1987,ESP
25.697536,1980,AUS
25.40481,2005,ESP
25.392826,1993,ESP
25.100245,1988,CAN
25.053734,2006,IDN
24.990788,1984,SGS
24.92354,1986,YEM
24.90831,1999,ESP
24.861713,1994,CZE
24.83321,1989,CAN
24.6931827833404,2010,CAF
24.683495,1988,YEM
24.658314,2015,GBR
24.593706,1996,CAN
24.543623,1985,YEM
24.526529,1996,CZE
24.519423,1989,YEM
24.515676,2003,ESP
24.475157,1994,ESP
24.465521,1995,CZE
24.369579,1995,ESP
24.271614,1992,CAN
24.248117,1996,TUR
24.2437,2002,TUR
24.182394,2007,ESP
24.167004,1995,CAN
24.153173,1987,YEM
24.112198,2001,ESP
24.03211,1994,CAN
23.879354,2005,IDN
23.811132,1997,CZE
23.752714,1990,YEM
23.718529,2004,TUR
23.524578,2003,TUR
23.444834,2014,VEN
23.43243,1991,CAN
23.379433,1981,ESP
23.379433,1997,ESP
23.218246,1984,YEM
23.155304,1987,CAN
23.105751,2010,CAN
22.935528,1993,CAN
22.771631,1986,FRA
22.768225,1998,ESP
22.718004,2006,ESP
22.712839,1991,FRA
22.680883,1990,CAN
22.497812,1984,CAN
22.491821,2000,CZE
22.456936,1995,TUR
22.377602,2009,CAN
22.367418,1999,TWN
22.25943,1991,YEM
22.151309084713,2008,CAF
22.045876,1985,CAN
21.968565,1992,TUR
21.849693,1994,TUR
21.817823,2001,CZE
21.816315,1988,ESP
21.809834,1998,CZE
21.763241,2011,CAN
21.621395,1989,FRA
21.611919,2003,CZE
21.477907931342,2007,CAF
21.393808,1984,NAC
21.307077,1998,TWN
21.259012,1991,TUR
21.204468,2007,CZE
21.187031,1990,FRA
21.179775,2004,CZE
21.15748,1983,SGS
21.129297,2002,CZE
20.972836,1996,ESP
20.84568,2006,CZE
20.844294,1983,NAC
20.836594,2004,IDN
20.816378,1983,YEM
20.80537,2005,CZE
20.7121867745149,2009,CAF
20.6206826752828,2006,CAF
20.573061,1986,CAN
20.410984,1987,FRA
20.376402,1992,FRA
20.205204,2013,VEN
20.179852,1983,CAN
20.143158,1993,TUR
20.096573,1988,NAC
20.08869,1989,TUR
20.075809,2008,CZE
20.0570756126774,2005,CAF
20.0103,1990,TUR
20.006876,2012,CAN
19.981508,1982,NAC
19.8839358127267,2000,CAF
19.834461,1982,SGS
19.821688,1988,FRA
19.482603,1981,SGS
19.475525,1997,TWN
19.4690045826212,2004,CAF
19.32415,2013,CAN
19.135262,1999,CZE
19.132374,2016,BRA
19.041517,1982,CAN
19.037575,2011,CZE
19.0237000836648,1999,CAF
18.99235,1981,NAC
18.974907,2015,CAN
18.950096,1999,NAC
18.886049,2000,NAC
18.866011,2003,IDN
18.809156,2010,CZE
18.8036742164917,1997,CAF
18.791653,2014,CAN
18.724907,2009,CZE
18.652357,1982,YEM
18.622883,2012,VEN
18.6055405496139,2001,CAF
18.3393407148159,1998,CAF
18.262463,1980,NAC
18.219486,1986,TUR
18.2029197623307,2003,CAF
18.191809,2012,CZE
18.187731,2011,VEN
18.076185,2001,NAC
18.063017,2004,NAC
18.011604,1998,FRA
17.97974,2016,CAN
17.831762,1980,ESP
17.780325,1981,YEM
17.764238,1987,TUR
17.739788,2005,NAC
17.7091106696332,1996,CAF
17.673946,1997,NAC
17.62468,1981,CAN
17.623068,1996,NAC
17.591942,2002,NAC
17.465998,1980,SGS
17.455469,1995,NAC
17.4537911960403,1995,CAF
17.3939362142522,2002,CAF
17.341795,2014,BRA
17.286074,2003,NAC
17.274292,1996,FRA
17.246611,1980,CAN
17.174343,2016,THA
17.171511,2014,THA
17.161222,2010,VEN
17.159576,1996,TWN
17.134161,2012,ITA
17.107269,2016,CZE
17.106064,2015,BRA
17.091301,2007,ITA
16.982,2006,NAC
16.9742038696295,1994,CAF
16.949791,2008,ITA
16.907501,1985,NAC
16.895426,2002,IDN
16.876316,2006,ITA
16.82428,2015,THA
16.729227,1986,NAC
16.669777,1995,FRA
16.630716,2011,ITA
16.600842,2015,CZE
16.5325668074,1989,CAF
16.526783,2013,CZE
16.524584,2004,ITA
16.496691,2005,ITA
16.47000101373,1991,CAF
16.45196999858,1993,CAF
16.435995,1999,FRA
16.379261,2001,IDN
16.344971,2014,CZE
16.283747,1985,ITA
16.280478,2008,NAC
16.207579,2012,ESP
16.179695,1987,NAC
16.062496,1993,FRA
15.98646875443,1992,CAF
15.98560899903,1990,CAF
15.955696,2016,MYS
15.928,2013,BRA
15.9030199,1988,CAF
15.857694771,1987,CAF
15.724674109,1986,CAF
15.65649,2000,FRA
15.558274,1994,FRA
15.526193,1989,NAC
15.489157,2012,THA
15.486176,1998,NAC
15.377493,1990,NAC
15.368336,2013,THA
15.346625,1997,FRA
15.265343,1985,TUR
15.250322,1990,ITA
15.228792,1991,NAC
15.227515,2011,THA
15.181798886,1985,CAF
15.129904,1987,ITA
15.128805,1988,TUR
15.0662,2008,ESP
15.027673,2007,NAC
15.001541,2015,MYS
14.986744,1995,TWN
14.960511,2015,ESP
14.919001,1984,ITA
14.881136,2005,FRA
14.875074,2011,MEX
14.85446,1980,YEM
14.812189,2010,ITA
14.699961,2009,VEN
14.69109,1986,ITA
14.654133,2010,THA
14.604688,1988,ITA
14.533636,1994,TWN
14.470841,2008,THA
14.43057,2012,BRA
14.408751,1982,ITA
14.391063,2003,ITA
14.356855,2007,FRA
14.345479,2009,THA
14.338677,2013,ITA
14.308743,1989,ITA
14.307723,2000,IDN
14.262099,2011,ESP
14.180099,1993,NAC
14.087635,1991,ITA
14.030536,1989,ROU
14.003415,2003,FRA
13.99682,1988,ROU
13.973581,2011,BRA
13.883446,2015,MEX
13.851318,2008,VEN
13.837987,2012,MYS
13.806983,2006,FRA
13.792459,2001,FRA
13.707829,1994,NAC
13.639601,2002,FRA
13.636112,1993,TWN
13.619449,2014,ITA
13.616845,2002,ITA
13.592942,2007,THA
13.573893,2004,FRA
13.571943,2009,ITA
13.479774,2009,NAC
13.413426,2008,FRA
13.384164,2013,MEX
13.37609,2010,MEX
13.27804,1983,ITA
13.266154,2014,MYS
13.26366,2010,BRA
13.23586,1981,ITA
13.226133,2012,MEX
13.212048,2001,ITA
13.194335,1999,IDN
13.173881,2015,ITA
13.12729,2013,MYS
13.126421,2014,ESP
13.087712,2006,MEX
12.92744189566,1984,CAF
12.87565,2010,MYS
12.870707,2011,MYS
12.796029,2014,MEX
12.76635,2007,BRA
12.648198,1992,TWN
12.615445,2008,BRA
12.593598,2006,THA
12.538224,2010,NAC
12.531035,1980,ITA
12.510626,1992,ITA
12.404114,2005,THA
12.397948,2000,BRA
12.27523,2000,ITA
12.272739,1987,ROU
12.254375,2006,BRA
12.204701,2005,MEX
12.168843,2005,BRA
12.142572,2001,BRA
12.115691,2004,BRA
12.110113,2007,MEX
12.048965,2013,ESP
12.002418,1995,ITA
11.997717,1992,NAC
11.9803,2013,FRA
11.963846,1980,BEL
11.91549,2015,PHL
11.898018,2016,GBR
11.833706,1981,BEL
11.795596,1999,ITA
11.766962,2004,THA
11.749734,1999,BRA
11.729605,1998,ITA
11.698156,2016,MEX
11.697268,1984,BEL
11.641328,2016,ITA
11.632897,1982,BEL
11.629979,2015,NLD
11.628699,1990,BEL
11.605694,1984,TUR
11.570989,2016,ESP
11.417978,2010,FRA
11.3512561732,2012,FSM
11.342495,1994,ITA
11.34094719566,1983,CAF
11.277864,1996,ITA
11.275525,1986,ROU
11.270604,2007,VEN
11.258204,2012,FRA
11.228452,2016,PHL
11.169691,1997,ITA
11.144896,2003,BRA
11.114348,1997,THA
11.087846,1989,BEL
11.069654,1991,BEL
11.04809,2014,PHL
11.026983,1997,BRA
11.021091,1985,ROU
11.020677,1985,BEL
10.947953,2003,MEX
10.928921,2009,MEX
10.878644,1991,TWN
10.867526,2002,BRA
10.818997,2009,FRA
10.774616,2009,ESP
10.773973,2016,NLD
10.76672,1996,BRA
10.742052,2008,MEX
10.653319,1993,ITA
10.64453,1998,BRA
10.63781,2009,BRA
10.615093,2013,PHL
10.584423,2003,THA
10.56820154769,1982,CAF
10.546992,1988,BEL
10.535797,1983,BEL
10.534838,1983,ROU
10.529107,2002,THA
10.502691,2006,VEN
10.471161,1996,THA
10.45457904446,1981,CAF
10.452693,1986,BRA
10.45025,1995,BRA
10.382596,1984,ROU
10.367161,1987,BRA
10.275518,1985,BRA
10.273685,1991,BRA
10.242819,1998,IDN
10.238032,2001,THA
10.181599,1998,SRB
10.170564,1987,BEL
10.151469,1989,TWN
10.13558,1992,BEL
10.0419655862,2011,FSM
10.039082,1989,BRA
10.03309968656,1980,CAF
10.031139,1988,BRA
10.0255356072576,2007,FSM
9.998148,1994,BRA
9.9834366,1990,TWN
9.9167221559,2013,FSM
9.8829947,1986,BEL
9.8443222,1983,TUR
9.8423567,1993,BRA
9.8362474,1992,BRA
9.831049,1988,TWN
9.761521455,2014,FSM
9.7540445,1996,SRB
9.7321548,2004,MEX
9.7216511,2005,VEN
9.676589,1994,BEL
9.6473198,2011,FRA
9.637599,1997,SRB
9.6365104623276,2006,FSM
9.622748067595,2005,FSM
9.6206436,2004,SRB
9.6178274,1990,ROU
9.5233173,2014,NLD
9.5072584,1996,ROU
9.50494847918,2009,FSM
9.48781154158,2010,FSM
9.4677191,1998,NLD
9.4662142,1995,ROU
9.4526911,1993,BEL
9.4305782,1990,BRA
9.4170027,1993,ROU
9.39827100206,2008,FSM
9.378399736366,2004,FSM
9.328383624,2015,FSM
9.319561,1995,NLD
9.309347690531,2003,FSM
9.2772379,2003,SRB
9.2420874,1995,BEL
9.2405872,1997,NLD
9.2359295,1998,THA
9.225769,2000,THA
9.2190495,1996,NLD
9.1925135,1994,ROU
9.1818342,1992,ROU
9.123456,1999,THA
9.110342,2009,MYS
9.082078,1997,IDN
9.053441,2012,PHL
9.0134668,2014,FRA
8.9858351,2002,MEX
8.980057384131,2002,FSM
8.9713106,1996,BEL
8.9510326,2014,HKG
8.915555,2003,NLD
8.905509,2012,NAC
8.8975821,2012,ISR
8.8592434,1987,BGR
8.851593,2001,NLD
8.8391914,2004,NLD
8.8169432,1996,DNK
8.7882833,2007,NLD
8.7673445,2002,SRB
8.7618732,1992,SRB
8.7602177,2002,NLD
8.7346573,1995,THA
8.7341108,1989,NLD
8.7076321,2015,FRA
8.6931381,1982,TUR
8.6882524,1982,ROU
8.6751051,2011,SRB
8.6513848352,2016,FSM
8.6132507,2005,SRB
8.607192,2004,VEN
8.6067305,1987,TWN
8.5727053,2011,NAC
8.5676785,1988,NLD
8.55487124853,2001,FSM
8.5514383,2000,SRB
8.5231628,2008,MYS
8.5221891,1981,ROU
8.5194674,2006,ROU
8.5187283,1994,NLD
8.5145655,2004,GRC
8.5066967,2010,ESP
8.4897985,1986,BGR
8.4887047,2005,NLD
8.4815254,2013,NLD
8.4781122,1984,BRA
8.4280291,2003,GRC
8.4218216,2013,HKG
8.4090786,1990,NLD
8.3991442,2005,GRC
8.3911018,1993,SRB
8.3834629,2007,ISR
8.361433,2012,NLD
8.3335257,2001,MEX
8.3183622,2001,SRB
8.3163986,2000,NLD
8.2979097,2008,ROU
8.2948666,2013,SRB
8.2891216,1997,BEL
8.2830095,2002,GRC
8.2824593,2008,NLD
8.2815762,2007,ROU
8.2583103,2006,NLD
8.2451382,1980,ROU
8.1738777,1988,BGR
8.1624088,1989,BGR
8.1404858,2001,GRC
8.1342115,2011,HKG
8.1070147,2016,FRA
8.0762854,2011,BGR
8.0755157,1991,ROU
8.067977,2011,ROU
8.0589008,1993,HKG
8.0203066,2009,SRB
8.0186491,2012,HKG
8.0076828,1992,NLD
8.0056639,2009,HKG
7.982965,2004,ISR
7.9740696,2007,GRC
7.9729428,2011,PHL
7.9698272,1991,NLD
7.9685268,2005,ISR
7.960218,2007,HKG
7.9568992,2012,SRB
7.9559722,2003,ISR
7.9547167,2008,ISR
7.9503226,2006,ISR
7.949717,2008,SRB
7.9353666,1991,DNK
7.9287858,1998,BEL
7.9195633,2011,ISR
7.9024282,1984,BGR
7.8988061,1983,BGR
7.8985634,1997,ROU
7.8869343,1982,BGR
7.8797579,1999,NLD
7.8758421,1993,NLD
7.8581181,1986,TWN
7.8434968,2015,SRB
7.834415,1985,BGR
7.8245969,1981,TUR
7.815845,2016,SRB
7.8150797,1996,IDN
7.8078914,2000,GRC
7.7918439,2009,GRC
7.783453,1993,SVK
7.7792621,1994,THA
7.7616239,2010,NLD
7.7577076,2009,NLD
7.746817282103,2000,FSM
7.7413249,2008,GRC
7.7398434,1994,SRB
7.733717,2006,GRC
7.7327099,2003,ROU
7.7317929,2010,SRB
7.7281027,2009,ISR
7.7199421,2010,ISR
7.7115951,1994,DNK
7.7025399,2007,MYS
7.6852121,2007,SRB
7.662818,2002,ISR
7.6369624,2011,NLD
7.6110573,1990,BGR
7.5414062,1999,SRB
7.5191355,1980,TUR
7.5060711,2006,SRB
7.5038238,2005,ROU
7.4564996,2010,PHL
7.4031782,2006,HKG
7.4008846,2012,GRC
7.3999319,1992,HKG
7.3854866,1980,BGR
7.3673639,1999,GRC
7.3655229,2008,HKG
7.3589921,2013,ISR
7.358911,2004,ROU
7.358211,1998,GRC
7.3337817,2012,ROU
7.32481422996,1998,FSM
7.319591,1999,MEX
7.3039703,2000,BEL
7.300168,1981,BGR
7.2612991,2015,HKG
7.2510204,2001,ISR
7.2498035,2000,MEX
7.2461643,2016,HKG
7.2059703,1998,MEX
7.1983643,1987,NLD
7.1949425,2009,ROU
7.1746778,2011,GRC
7.1597614,2002,ROU
7.1243963,1997,GRC
7.1080585,2016,CHL
7.0902038,1986,DNK
7.0852885,1996,GRC
7.0840545,2012,BGR
7.0839858,1995,IDN
7.0728559,2001,ROU
7.0619903,1994,GRC
7.0574431,2014,GRC
7.03830936236,1999,FSM
7.0272737,2005,HKG
7.0228362,1983,BRA
6.9932947,1985,DNK
6.988009,1987,DNK
6.9856596,1993,DNK
6.9821897,1996,MEX
6.9732676,1993,THA
6.9525003,2014,NAC
6.9469252,1995,GRC
6.9409261,2004,HKG
6.9321856,2010,GRC
6.9311876,2003,HKG
6.9268994,1996,BGR
6.9261179,2016,COL
6.9226737,1995,BGR
6.9212451,1999,BEL
6.9166369,1997,BGR
6.9017625,2014,ISR
6.9009542,2001,BEL
6.8928828,1991,HKG
6.8830557,2015,BGR
6.8697224,1997,MEX
6.8532357,2008,PHL
6.8448792,1995,SVK
6.8258963,2003,VEN
6.7979155,1992,BGR
6.7878542,1993,BGR
6.7765856,2007,BGR
6.7568927,2009,PHL
6.7560277,2015,ISR
6.739791786162,1997,FSM
6.7321296,1993,GRC
6.7286944,1992,THA
6.7212582,1986,NLD
6.7053838,1992,GRC
6.704175,1994,SVK
6.7026582,2010,HKG
6.701932,1998,BGR
6.689013,2014,BGR
6.6783891,2008,BGR
6.6598973,2010,ROU
6.6558518,1994,BGR
6.6529107,1996,SVK
6.6480346,2015,CHL
6.6353965,2000,ROU
6.62887,2015,COL
6.6266747,1991,BGR
6.6085963,1988,DNK
6.598959,1998,ROU
6.56007,2010,BGR
6.5157986,1992,DNK
6.5005732,2013,GRC
6.4982705,2013,CHL
6.4793844,1997,DNK
6.46802,1985,NLD
6.4655676,2002,VEN
6.4573679,1982,HUN
6.4552665,1982,BRA
6.4470816,1995,DNK
6.4337034,2000,ISR
6.4228902,1985,TWN
6.4163475,1990,HKG
6.3711214,2003,BGR
6.3683724,2014,SRB
6.351512,1990,GRC
6.3498855,1984,NLD
6.3366694,1991,THA
6.3156133,1989,GRC
6.3137689,1995,HKG
6.3102646,1991,GRC
6.2684426,2002,BEL
6.2611098,1995,SRB
6.2609735,1980,HUN
6.2572293,2001,BGR
6.2362409,1994,IDN
6.2357426,1981,HUN
6.2228765,1994,HKG
6.20105349697,1996,FSM
6.1893716,1984,HUN
6.1629109,2006,MYS
6.1614127,1983,HUN
6.1348858,2004,BGR
6.1330748,2013,BGR
6.1257091,1995,MEX
6.0746579,1984,TWN
6.070981,1981,BRA
6.0700922,2009,BGR
6.056242,1988,GRC
6.0471525,2006,BGR
6.0377388,1997,SVK
6.0021381,1989,HKG
5.9986763,2005,MYS
5.9617472,2013,NAC
5.9169049,2014,CHL
5.9066725,2015,GRC
5.9000587,2005,BGR
5.8901386,2016,BGR
5.888648,2001,VEN
5.8839607,2000,BGR
5.8673902,1990,DNK
5.8549309,2003,BEL
5.8468337,1980,DNK
5.8360953,1998,ISR
5.8249969,1985,HUN
5.8181777,1987,HUN
5.810317,1999,ROU
5.777317,2004,MYS
5.7698674,1999,BGR
5.7593045,1986,HUN
5.7493782,2016,ISR
5.7487388,2002,BGR
5.7448978,2016,NAC
5.7337737,1999,ISR
5.7217655,2007,PHL
5.7174292,2015,ROU
5.6983471,2003,FIN
5.6949792,2012,CHL
5.67416,1982,DNK
5.6618261,1984,DNK
5.6599936,2002,HKG
5.6594768,2003,DNK
5.636065,2006,PHL
5.6298056,1998,SVK
5.6281815,1988,HKG
5.6215019,2005,PHL
5.6133814,1980,BRA
5.5986991,1993,IDN
5.5937328,2014,ROU
5.5617404,1992,IDN
5.5523229,2013,ROU
5.547246,2014,COL
5.5283618,2007,PAK
5.4982004,1994,MEX
5.4844537,1998,DNK
5.4785805,2006,DNK
5.4631095,2004,BEL
5.4236708,1997,ISR
5.4148126,2004,PHL
5.3706079,1988,HUN
5.3684287,1990,THA
5.3642354,1998,VEN
5.3613539,1991,IDN
5.3493686,1989,DNK
5.3405585,1983,DNK
5.33815687294,1995,FSM
5.3255115,1997,VEN
5.3124027,1999,SVK
5.3023405,1982,NLD
5.2962775,2016,PAK
5.2807426,1987,GRC
5.2327995,1996,HKG
5.2152705,2001,HKG
5.1853361,2005,BEL
5.1649656,1983,TWN
5.1515722,1983,NLD
5.1246729,2000,VEN
5.1172738,1984,AUT
5.1078048,2004,FIN
5.1020527,1996,FIN
5.0818343,2016,ROU
5.0704923,1987,HKG
5.0582867,1989,HUN
5.0524225,2015,NAC
5.036448,2001,SVK
5.0139146,2006,BEL
5.011692473944,1994,FSM
5.0017118,2006,FIN
4.9774036,1985,AUT
4.9671998,1994,FIN
4.9602103,2011,CHL
4.9546819,1999,VEN
4.9355555,2003,SVK
4.9177122,1996,ISR
4.9078913,2000,PHL
4.8969336,2015,PAK
4.8410654,1991,AUT
4.8368444,2000,SVK
4.8173647,1990,IDN
4.7858944,2014,PAK
4.78565969,1993,FSM
4.7839441,2002,SVK
4.7664924,2004,SVK
4.7351351,1986,GRC
4.7115073,1993,MEX
4.7068467,1990,AUT
4.6893935,1998,HKG
4.6610222,1981,DNK
4.6522121,2007,DNK
4.6320701,2003,MYS
4.6154904,1990,HUN
4.5993528,1999,DNK
4.5911903,2016,GRC
4.5879226,2008,PAK
4.5841341,2001,PHL
4.5731153,2007,BEL
4.5667701,2003,PHL
4.5584993,1981,AUT
4.5352573,2006,SVK
4.5210781,2005,SVK
4.5204344,1981,NLD
4.517066,1991,HUN
4.5127316,1985,GRC
4.4855504,2002,PHL
4.482913,1983,AUT
4.4712467,1997,FIN
4.4660583,2000,HKG
4.4507952,2010,FIN
4.4495902,2009,PAK
4.417326,2013,COL
4.4056191,1989,IDN
4.4022222,2007,FIN
4.3769612,2010,CHL
4.3765559,2008,SVK
4.3430424,1980,AUT
4.3389258,2007,SVK
4.3379927,2004,DNK
4.316905,1982,AUT
4.3161793,2004,PAK
4.3161793,2006,PAK
4.3034835,1987,AUT
4.2584214,2002,FIN
4.2541409,1990,MEX
4.2362614,1991,MEX
4.2194014,2010,PAK
4.217761,2005,PAK
4.2137685,2003,AUT
4.1954017,1986,AUT
4.19451,1995,FIN
4.1937032,2011,PAK
4.178432,1980,NLD
4.1758766,1992,HUN
4.1409583,2009,SVK
4.129899,1995,ISR
4.1261015,1992,MEX
4.1219177,2011,COL
4.1095223,2008,DNK
4.0958643,1993,HUN
4.0954266,2001,DNK
4.0706768,1986,HKG
4.067235,2002,DNK
4.0428264335,1992,FSM
4.0259662,1987,VEN
4.0182681,2008,BEL
4.0014544,2009,DNK
3.9728808,1989,AUT
3.9640255,1996,HUN
3.9538152,1999,HKG
3.9518676,1997,HKG
3.9342649,2010,SVK
3.9315381,2011,SVK
3.929702,1997,HUN
3.9276702,2001,AUT
3.9162922,2010,DNK
3.9156611,2004,AUT
3.9043586,1988,AUT
3.8870308,2011,BIH
3.885329,2010,BEL
3.8822272,2000,DNK
3.8761897,1984,GRC
3.8612123,1983,GRC
3.8485529,1995,HUN
3.83341,1993,FIN
3.8321319,2001,FIN
3.8308408,2000,PRT
3.8252399,1996,AUT
3.8171325,1999,PRT
3.8160565,2002,AUT
3.8149114,1994,HUN
3.8054605,1997,AUT
3.7958176,1999,HUN
3.7865212,1982,TWN
3.7836697,1988,IDN
3.7774684,1989,THA
3.7769611,1993,COL
3.7742233,1998,HUN
3.7724373,2008,CHL
3.7708321,1994,ISR
3.7706513,1988,VEN
3.7666783,2012,PAK
3.7592027,2012,SVK
3.7574241,2005,AUT
3.747483,2010,COL
3.7445731,1988,FIN
3.720926,2013,FIN
3.6860602,2005,DNK
3.6802409,2014,BIH
3.6800227,1987,FIN
3.6787322,2016,BIH
3.6485727,1996,VEN
3.6429539,1989,FIN
3.6425395,2012,BEL
3.637841,1980,FIN
3.6362424,2011,BEL
3.6274436,1995,AUT
3.6250429,2013,SVK
3.6228614,2016,MNG
3.6126363,2009,COL
3.610324327,1991,FSM
3.609849,1986,VEN
3.6090808,1990,FIN
3.6090808,2009,FIN
3.6062512,2000,AUT
3.5938177,1999,PHL
3.5937998,2015,MAR
3.5931933,2012,COL
3.5927429,2015,BIH
3.5925663,1995,COL
3.5795946,2013,MNG
3.5779946,1999,AUT
3.5585909,1991,FIN
3.5566752,1995,PRT
3.5548897,1993,ISR
3.5548196,2015,MNG
3.5424852,2013,BEL
3.5397699,2013,PAK
3.5317509,2002,PRT
3.5304739,1994,COL
3.5250134,2006,AUT
3.5207448,2014,SVK
3.5169408,2014,MNG
3.5022748,2015,SVK
3.4978621,2012,BIH
3.4911056,1992,AUT
3.4727683,2016,MAR
3.465539,2001,HUN
3.4526169,1997,PRT
3.4513469,1988,MNG
3.4501975,2009,CHL
3.4489455,2000,HUN
3.447263,2012,MNG
3.4458029,1992,COL
3.440027,1980,TWN
3.4351497,1986,MEX
3.4301288,2011,FIN
3.4274848,2015,PRT
3.4235992,2013,BIH
3.4089997,1996,PRT
3.4076762,2014,MAR
3.399653,2006,PRT
3.3988121,1985,FIN
3.3984067,2005,PRT
3.3981731,1999,FIN
3.3947768,1989,MEX
3.3747289,2004,PRT
3.3573933,2016,SVK
3.3513291,1985,HKG
3.3451588,2010,BIH
3.3384738,2003,HUN
3.3365245,1987,MEX
3.3360965,2003,PRT
3.3341868,2002,BIH
3.3265922,1998,FIN
3.3161423,2003,PAK
3.3159738,1991,COL
3.3157272,2000,FIN
3.2948029,1982,GRC
3.2941511,1984,VEN
3.2915258,1983,VEN
3.2884448,1989,MNG
3.2751174,1985,VEN
3.2705231,1982,VEN
3.268307,1989,COL
3.2675714,1987,MNG
3.26436,2011,DNK
3.2607634,2008,FIN
3.2557161,1994,PRT
3.2471366,1981,GRC
3.245728,1990,COL
3.2452729,1998,AUT
3.2379303,2013,DNK
3.216877,2000,COL
3.2131174,2009,BIH
3.2058678,2001,PRT
3.2013052,1981,TWN
3.1962478,2016,FIN
3.1945877,2002,HUN
3.1888843,1987,THA
3.1772051,1998,PRT
3.1736212,1997,CHL
3.1727343,1991,MNG
3.1719232,1988,THA
3.171092,1997,COL
3.1708782,2014,BEL
3.1698895,2002,MYS
3.1660299,2000,BIH
3.1501918,1998,PHL
3.1434953,2001,COL
3.1392746,1988,MEX
3.1376506,1988,FSM
3.134618,2011,MNG
3.12819742,1987,FSM
3.1278155,1998,COL
3.1259339,1987,COL
3.1205776,2009,BEL
3.1192017,2001,BIH
3.1118031,2014,FIN
3.1117055,1992,ISR
3.1080151,1992,FIN
3.1019468,2010,MNG
3.0990448,1993,AUT
3.0975909,1991,ZWE
3.094625,1995,VEN
3.0933251,1986,MNG
3.0870357,2007,AUT
3.0843627,1993,PRT
3.0817752,1999,CHL
3.0787153,1985,MEX
3.077992,1986,SWE
3.0760969,1990,FSM
3.0750268,1994,AUT
3.0622945,2004,HUN
3.0564973,1990,ZWE
3.0431445,1996,COL
3.0307758,2012,PRT
3.0270224,1989,VEN
3.020228,1989,FSM
3.0194392,1987,SWE
3.0179269,1987,IDN
3.0170925,1990,MNG
3.01243329,1986,FSM
3.0122905,1987,ZWE
3.0060642,1993,ZWE
3.0057046,1985,SWE
2.9948933,1998,BIH
2.9886026,2016,PRT
2.9879513,1988,COL
2.9868155,1998,CHL
2.9826643,2007,CHL
2.9707294,2006,CHL
2.9685082,2003,COL
2.9649704,1989,ZWE
2.9609821,2002,COL
2.9594197,1981,VEN
2.9594197,1991,VEN
2.9562535,1992,ZWE
2.9559057,2012,FIN
2.9421661,1986,COL
2.9416718,2007,PRT
2.9298329,1992,PRT
2.9196153,2008,AUT
2.9086475,2009,PRT
2.9080243,1991,PRT
2.9066937,1986,FIN
2.9065337,1997,PHL
2.9027433,2009,MNG
2.8977263,1988,ZWE
2.8840585,2015,BEL
2.8834057,1994,ZWE
2.8829308,1999,BIH
2.8808885,1983,MEX
2.870507,1984,MEX
2.8703306,1999,ZWE
2.8562038,2005,FIN
2.85607,1988,SWE
2.8457515,1985,FSM
2.8381073,2003,BIH
2.8272156446,2016,OMN
2.8219728,1992,MNG
2.8175287,2014,PRT
2.798377,1985,MNG
2.7784686,1985,COL
2.7740936,2011,AUT
2.7669737,1995,ZWE
2.7647104,2013,PRT
2.7626152,2000,ZWE
2.7588995,2007,MNG
2.753237,1980,GRC
2.7390623,2007,HUN
2.736671,1990,PRT
2.7349708,2006,HUN
2.7298584,2008,MNG
2.7267692,1984,HKG
2.7264204,1990,VEN
2.726058124,2014,OMN
2.7239027,2005,COL
2.7208929,2006,SWE
2.7126355,2010,AUT
2.7080431,1992,VEN
2.7075124,2015,HUN
2.7067590296,1984,FSM
2.7020981,1996,SWE
2.6912882,2006,MNG
2.6906457,2008,HUN
2.6905682,2014,HUN
2.6903219,1994,VEN
2.6886873,2016,HUN
2.6836102,2002,MAR
2.6811347,1990,SWE
2.673691,2002,PAK
2.6624377,2007,COL
2.6594741,1980,VEN
2.6524096,1996,ZWE
2.6519001,2015,AUT
2.639956,2011,HUN
2.6340458,2005,HUN
2.6269193,1984,SWE
2.624028,1991,SWE
2.6206553,2001,ZWE
2.6184192,2001,MAR
2.6167653,2001,MYS
2.6003456,2008,COL
2.5926759,2012,HUN
2.5910025,2008,BIH
2.5871613,1989,SWE
2.5848496,2014,DNK
2.5829756,1992,UZB
2.5823808,1995,PAK
2.580272,2008,PRT
2.5763273,2007,MAR
2.5740035,1999,COL
2.572225392,2016,PRY
2.5701327,1993,MNG
2.5665708,2016,BEL
2.5589809,2012,DNK
2.5572159,2013,HUN
2.5486228,1991,ISR
2.5347488,2005,MAR
2.5317931,2012,AUT
2.5304379,1993,PAK
2.5294726,2006,COL
2.528589,2006,MAR
2.5190778,2013,AUT
2.5119882,2015,FIN
2.511143,2002,MNG
2.5101097,2003,MAR
2.5062666,1984,COL
2.5060911,2002,ZWE
2.5031304,2004,COL
2.499117011,2013,OMN
2.4981921,1986,IDN
2.4978883,2010,HUN
2.4849217,1998,ZWE
2.481005,2016,AUT
2.4802868,2005,MNG
2.472015461,1982,OMN
2.4671645,2004,SWE
2.4577672,2007,SWE
2.455056592,2015,OMN
2.4529366,1982,MEX
2.452255931,2014,PRY
2.4483697,1992,SWE
2.4388521,1996,CHL
2.4382496,1994,SWE
2.4382043,1989,PRT
2.4377992,2004,BIH
2.4281294,1993,SWE
2.4267411,2009,HUN
2.4254403,1984,FIN
2.4239037,1997,ZWE
2.4101493,2001,PAK
2.4077971,1981,COL
2.4052882,1983,COL
2.4046612,1980,COL
2.4019477,1996,PAK
2.3977015,2004,MNG
2.3927085,2001,SWE
2.3919857,2003,SWE
2.3899939,2004,MAR
2.3899188,1998,PAK
2.3890374,2004,CHL
2.38865936944,2006,OMN
2.3876486,1995,SWE
2.3812537,2000,CHL
2.3791512555,1983,FSM
2.3777356,2003,MNG
2.3760824,2008,SWE
2.3719134,2005,CHL
2.3684247,1983,MNG
2.3650303,2000,MNG
2.3614001,1995,MNG
2.3545935,2001,MNG
2.3536735,2005,SWE
2.3520088,2012,MAR
2.3508811,1996,PHL
2.3502445,2009,AUT
2.3449991,2002,SWE
2.3446107,1994,MNG
2.3431962,1982,COL
2.3351915,1990,ISR
2.3319054,1996,MNG
2.3283120329,2012,OMN
2.3214147,1997,BIH
2.3210261,1990,PAK
2.316699,2011,PRT
2.3162904,1982,MNG
2.3155634,2011,MAR
2.3131311,1984,MNG
2.3124835,2013,MAR
2.2937524,1980,MEX
2.2915065,1998,SWE
2.290411,2008,MAR
2.286124,2007,BIH
2.2847135,1997,MNG
2.2813861,1997,SWE
2.2793226,1989,ISR
2.279063,2014,AUT
2.2789252,1992,PAK
2.2765458,1999,MNG
2.2696109,1980,MNG
2.2630689,1994,PAK
2.2624791,1998,MNG
2.2618687,2010,SWE
2.2554142,1999,PAK
2.2521336,1997,PAK
2.250073174,2015,PRY
2.250059303,1988,OMN
2.247699,2003,ZWE
2.2470765,2005,ZWE
2.24531428,1987,OMN
2.233020084,1983,OMN
2.2252843,1986,ZWE
2.216751498,2013,PRY
2.2116728,2000,PAK
2.2039316,1986,THA
2.2007375,1991,PAK
2.1982558,2000,SWE
2.1915064,1993,VEN
2.1881356,1999,SWE
2.17965327,1986,OMN
2.1780155,1983,SWE
2.1708086,2010,MAR
2.1658072,2000,MYS
2.163357,2005,NZL
2.1584601,2015,ZWE
2.1571398,2006,BIH
2.1512637,1987,ISR
2.13478308759,2007,OMN
2.129293,1988,ISR
2.127759,2006,NZL
2.1217704,2016,DNK
2.1129568,2011,SWE
2.11002796469,2005,OMN
2.1040776,2009,MAR
2.0995128,2007,ZWE
2.0939093,2006,ZWE
2.0783434,2012,ZWE
2.0761812,1988,PRT
2.0671985,2014,ZWE
2.064660221,2012,PRY
2.0627775,2004,ZWE
2.062499,2000,MAR
2.0502341,2013,ZWE
2.0451713,1981,MEX
2.0430279,2008,NZL
2.0247271,2005,BIH
2.0194385,1986,ISR
2.0157368,1994,UZB
2.0119331,1983,FIN
2.0050135,1989,IRL
1.9994929688,2011,OMN
1.9984195,1993,UZB
1.99733770972,2009,OMN
1.986211415,1984,OMN
1.9835627,2013,SWE
1.974596614,1985,OMN
1.969455,1988,PAK
1.967166441,1982,FSM
1.9640709,1990,IRL
1.9489907,1983,HKG
1.9488227,2004,NZL
1.931282,2015,SWE
1.9308444,1990,CHL
1.9235265,1989,PAK
1.9202039,1991,IRL
1.91645172686,2008,OMN
1.9141486,1982,FIN
1.9133761,2016,ZWE
1.9122876,2010,ZWE
1.9068707,2011,ZWE
1.9014874,1987,IRL
1.8985629,1988,IRL
1.898006393,1991,OMN
1.8939265,2012,SWE
1.8873308,2016,SWE
1.8840824,1985,ZWE
1.8825862,2002,CHL
1.8790418,2014,SWE
1.8675381,2001,CHL
1.8612009,2003,NZL
1.8569326179,1998,OMN
1.843004466,1989,OMN
1.8373939,1985,ISR
1.8367549,1981,MNG
1.8356543,2015,DNK
1.821851759,1994,OMN
1.8042902,1982,SWE
1.800161244205,2002,OMN
1.8000804,2003,CHL
1.7983453,1992,SVN
1.797560176945,2003,OMN
1.7956158,2009,SWE
1.7858149,1987,PRT
1.7850935,1992,IRL
1.7808396,2016,XKX
1.7798295,1993,IRL
1.7757353,1996,IRL
1.775692,1989,CHL
1.774382476917,2004,OMN
1.7658031,1998,MAR
1.7657619289,1993,OMN
1.762041624,2011,PRY
1.7596059,1995,CHL
1.75894,2010,XKX
1.7579857,2014,UZB
1.75765927108,2010,OMN
1.7576036,2005,IRL
1.7546792,2001,IRL
1.7453766,1995,PHL
1.7386062,2015,LAO
1.7381725,1987,PAK
1.7290528,2012,NZL
1.7267578,2016,LAO
1.7261976,2016,UZB
1.7233888,1993,SVN
1.7166622,1981,FIN
1.7123748,2002,SVN
1.7088252,1999,MAR
1.7023803683,1992,OMN
1.7006446,2011,XKX
1.6950201,2000,IRL
1.6901317,1999,MYS
1.688208346,1999,OMN
1.685077,2004,IRL
1.6810868,1984,ISR
1.6809826,2002,IRL
1.6784149,1998,SVN
1.6773264,2009,XKX
1.6730331,2010,PRT
1.6723877,1980,ZWE
1.672387086525,2001,OMN
1.6698266,1986,PAK
1.662266,1998,IRL
1.6520581,2015,XKX
1.6514393,2013,XKX
1.6481068,1988,ALB
1.6469026,1997,SVN
1.6441491,2004,SVN
1.6433786,1989,ALB
1.6413523,1987,ALB
1.640516700072,2000,OMN
1.6388704,2003,IRL
1.63743499484,2006,PRY
1.63611017142,2009,PRY
1.6349707,2003,SVN
1.6324742,1994,CHL
1.6324422,1985,THA
1.6236631,1994,IRL
1.6227074,1994,PHL
1.6211237,2007,NZL
1.6160595,1997,IRL
1.61515,1985,PAK
1.6104951,2007,SVN
1.6077021,1996,MAR
1.6063888,1984,ZWE
1.6043617,1995,IRL
1.60345820979,2005,PRY
1.6028465,1995,SVN
1.6008251,1985,ALB
1.6003989,2006,SVN
1.6001625,2009,ZWE
1.5994811,1994,SVN
1.599088996,1997,OMN
1.5989758,1997,MAR
1.5970494,1982,ZWE
1.5951201,2012,XKX
1.5947007,1993,PHL
1.5906087,2001,SVN
1.59007062749,2007,PRY
1.5899968,2008,SVN
1.588467,2005,SVN
1.5868587,1991,PHL
1.5862917,1991,CHL
1.5762907,2009,NZL
1.5738069,1986,ALB
1.5659178,1983,ZWE
1.5547264,2015,UZB
1.5523062,2006,IRL
1.5489388,2013,UZB
1.5455018,1980,SWE
1.5410125,1981,ZWE
1.5397673,2008,ZWE
1.5376801,2011,SVN
1.522967539,1990,OMN
1.52072747798,2010,PRY
1.5199354,1999,SVN
1.5177938,1996,SVN
1.5147343,2012,SVN
1.5138165,2009,SVN
1.5083202,1998,MYS
1.5067797,2000,SVN
1.505695,2013,NZL
1.5043321,2010,SVN
1.503144,2012,UZB
1.4995071,1984,ALB
1.4963465,1981,SWE
1.4939846,2015,IRL
1.4881357,2011,UZB
1.4762701,2007,IRL
1.4686487,2008,XKX
1.4624788,2014,ARE
1.4610822,1996,MYS
1.460588572,1980,OMN
1.4546555,2009,UZB
1.4539416,1995,MYS
1.4500663565,1995,OMN
1.448848,1990,ALB
1.447785,2014,NZL
1.4458706,1992,MDA
1.4454987,2005,IDN
1.4434038,2007,IDN
1.4407629,2014,XKX
1.4367429,1992,PHL
1.4362183,2016,LKA
1.4318181,1999,IRL
1.429224,1992,MYS
1.4242146,2012,IRL
1.4216193,1988,PHL
1.4152157,2011,NZL
1.4150181,2010,UZB
1.4138755,2015,NZL
1.413295,1997,MYS
1.41249,2016,IRL
1.4095603,2013,ARE
1.4022037,1982,IDN
1.4022037,1982,PRY
1.398711,2001,MAC
1.398212,1998,MAC
1.3915435,2001,UZB
1.3906601369,1996,OMN
1.3896194,2002,UZB
1.3846799,1983,ALB
1.3839189,1993,CHL
1.3758126,1986,PRT
1.3753806,2007,UZB
1.371984,1992,CHL
1.367993564,1998,PRY
1.3679841,1995,MAR
1.3639706,1986,IRL
1.3617617,2013,SVN
1.3611134,1991,MYS
1.3598548,2016,ARE
1.356272749,1981,OMN
1.3554169,2006,IDN
1.35529678666,2008,PRY
1.3515222,2010,NZL
1.3498305,1998,IDN
1.3476729,2000,UZB
1.3470739,2015,LKA
1.344325483417,2004,PRY
1.3411307,2008,UZB
1.3404,1985,PHL
1.3348384,2011,MAC
1.3348345,1993,MDA
1.3270582,1994,MYS
1.3232948,1983,IDN
1.3232948,1983,PRY
1.3175336,2008,IRL
1.3149046,1988,CHL
1.310179465175,2003,PRY
1.3007452,2014,IRL
1.3007237,2006,UZB
1.299423,1994,MDA
1.2949294,2002,NZL
1.2922566,2000,MAC
1.2903702,1984,PAK
1.2880982,2008,MAC
1.2860467,2001,NZL
1.2768153,1985,IDN
1.2766073,1982,ALB
1.272629,2012,MAC
1.2684706,1999,MAC
1.2615532,2016,NZL
1.257659,2003,MAC
1.2574925,2004,MAC
1.2560835,2004,UZB
1.2520965,1982,PAK
1.2518504,1996,UZB
1.2513387,1990,PHL
1.24571222591,1980,FSM
1.2450842,1980,IDN
1.2450842,1980,PRY
1.2441858,2009,MAC
1.2430215,2005,MAC
1.2388035,2013,IRL
1.2367007,1995,MAC
1.2358426,2011,ARG
1.2350773,2012,ARE
1.233512511935,2002,PRY
1.220997717572,2000,PRY
1.2206434,2000,IDN
1.2191702,2013,ARG
1.215206859175,2001,PRY
1.2143586,2004,IDN
1.2137523,2005,UZB
1.2122494,1996,MAC
1.2120831,2002,MAC
1.209727,1992,NZL
1.2034338,1994,MAC
1.1970013,1992,BLR
1.1955043,2001,IDN
1.1947652,1989,PHL
1.1946819,1993,MYS
1.193104018,1999,PRY
1.192711,2003,IDN
1.1885704,2016,SVN
1.1787449,1999,IDN
1.173888889,1997,PRY
1.1721762,1993,NZL
1.170695627,1994,PRY
1.1705891,2014,ARG
1.1701055,2011,IRL
1.169335,1992,MAC
1.1675049,1997,NZL
1.164067,1983,PAK
1.1621186,1988,NZL
1.1616836,2007,MAC
1.161245784,1993,PRY
1.1593549,2013,MAC
1.1591922,1997,IDN
1.1564126,1995,UZB
1.1556832,1990,MYS
1.1545646,1988,ARG
1.154304,1994,IDN
1.1541985,2010,MAC
1.1516544,2010,IRL
1.1502064,1993,MAC
1.1487176,1993,IDN
1.14578,1988,DZA
1.1450709,1987,DZA
1.1443847,2006,MAC
1.143886814,1996,PRY
1.1415166,1981,ALB
1.1413935,2015,ARE
1.1404202,2014,MAC
1.1354498,2002,IDN
1.1352906,1994,ECU
1.1326565,1996,IDN
1.131078,1997,MAC
1.1309453,1994,ARG
1.1309099,1987,PHL
1.1233039,2012,ARG
1.1187968,1995,NZL
1.1128836,1989,ARG
1.1098483,1998,UZB
1.107604,1990,NZL
1.107252,1999,NZL
1.1050532,1994,NZL
1.1046783,2015,ARG
1.1031146,2015,SVN
1.1017668,1999,UZB
1.0982045,1983,NZL
1.0960915,2012,KGZ
1.0916854,1996,NZL
1.091625013,1995,PRY
1.0880809,1991,NZL
1.0795851,1995,IDN
1.0788231,2014,KGZ
1.0781884,2009,IDN
1.0767329,2014,SVN
1.0765352,2015,KGZ
1.0763927,1984,NZL
1.0746028,1996,ECU
1.0691845,2009,IRL
1.0684435,1998,NZL
1.0679018,2003,UZB
1.0672168,1980,ALB
1.063333,2016,BGD
1.061701527,1991,PRY
1.0609529,1984,THA
1.0605901,1997,UZB
1.0602347,2016,GTM
1.0585703,1986,DZA
1.0585454,1992,KGZ
1.0558426,1991,IDN
1.0545301,1987,ARG
1.0539749,1983,ISR
1.0523729,2000,NZL
1.0448046,2010,ARG
1.0442426841,1981,FSM
1.0439284,1985,NZL
1.0430809,1989,MYS
1.0404798,1981,IDN
1.0404798,1981,PRY
1.034827,1993,BLR
1.0344635,1989,DZA
1.0343843,2008,ARG
1.0328865,1986,PHL
1.032843,1981,PAK
1.0244187,1984,IDN
1.0244187,1984,PRY
1.0228692,2013,BGD
1.0124787,1989,NZL
1.0083576,1985,IDN
1.0083576,1985,PRY
1.0083576,1988,IDN
1.0083576,1988,PRY
1.0077621,2015,MAC
1.0074061,1982,NZL
1.004866,2008,IDN
1.0043626,1987,NZL
1.0031235,1995,ARG
1.0019907,1991,MAR
1.0017341,1986,ARG
0.99726105,1981,NZL
0.99675089,1997,ECU
0.99478734,2005,ARG
0.99472475,1980,NZL
0.99299479,1986,IDN
0.99299479,1986,PRY
0.99102962,2014,LKA
0.98974127,2015,BGD
0.98766804,1982,DZA
0.98348469,2015,GTM
0.982283,2007,ARG
0.98176771,1986,CHL
0.98019898,1980,ARG
0.97693372,1987,IDN
0.97693372,1987,PRY
0.97128725,2014,BGD
0.96879506,1984,CHL
0.96503192,1994,MAR
0.96464384,1987,CHL
0.95380098,1990,ARG
0.94959563,1985,CHL
0.94774622,1984,PHL
0.94633359,1993,KGZ
0.94403219,1995,ECU
0.94294125,2012,BGD
0.93580377,2016,IDN
0.93226576,1982,ARG
0.9311209335,1992,PRY
0.92944872,1992,IDN
0.92879236,1996,ARG
0.92764038,1985,IRL
0.92273164,1982,THA
0.9218455,1999,ARG
0.91757751,2010,IDN
0.91498327,2016,MAC
0.91370046,1989,MAR
0.9114607,1980,PAK
0.91062057,1990,MAR
0.90847772,1993,ECU
0.90725172,1998,ECU
0.90548873,1981,CHL
0.90544808,1986,NZL
0.90457207,2011,ARE
0.89614224,1981,ARG
0.89614224,2006,ARG
0.89225382,2016,AFG
0.8914783,1980,CHL
0.88959312,2016,ARG
0.88850069,1983,ARG
0.88640946,1989,ECU
0.88579643,2000,ECU
0.88392818,1993,MAR
0.88273138,2004,ECU
0.876239,1983,THA
0.87366188,1987,MAR
0.87353629,2005,ECU
0.87324536,1983,IRL
0.87207556,1984,IRL
0.86926132,1984,DZA
0.86926132,1985,DZA
0.86835486,1998,ARG
0.86618018,1988,ECU
0.8656947,1994,KGZ
0.86434114,2006,ECU
0.86270809,2013,KGZ
0.86261141,2016,KGZ
0.86140805,1985,ARG
0.8582111,2003,ECU
0.85514605,1999,ECU
0.85466927,1992,MAR
0.85446119,1997,ARG
0.84902281,1988,MAR
0.84751433,2009,ARG
0.8452515,2010,BGD
0.84302747,1983,DZA
0.84056753,1991,ARG
0.83917814,1992,ARG
0.83881503,2008,KGZ
0.83369076,2002,ECU
0.82528448,2000,ARG
0.81680852,2015,IDN
0.81527251,1991,ALB
0.80933964,2011,IDN
0.80920553,2009,BGD
0.79735333,2014,AFG
0.79410493,1991,DZA
0.79200619,1987,ECU
0.78925687,1995,MDA
0.78465015,2007,ECU
0.78224176,2016,TJK
0.78036255,2011,KGZ
0.77943534,1993,ARG
0.77852005,1990,ECU
0.7777006,2011,AFG
0.77526718,2004,ARG
0.77238995,2001,ECU
0.77161539,1994,BLR
0.7679739,2015,PRI
0.7650401,1982,IRL
0.76218909,2011,BGD
0.75685161,1981,IRL
0.75097966,1986,MAR
0.74973476,1985,NOR
0.74868262,2014,PRI
0.74786967,1986,ECU
0.74548852,2015,BWA
0.74541759,1985,ECU
0.74362284,1984,NOR
0.7415148,1983,CHL
0.7409054,1989,IDN
0.7409054,1989,PRY
0.7409054,1990,IDN
0.7409054,1990,PRY
0.73990053,1982,ECU
0.73990053,1991,ECU
0.73885548,1981,THA
0.73854977,2009,KGZ
0.73768365,2011,HRV
0.73383802,1992,DZA
0.73275346,2004,HRV
0.72851723,2016,DOM
0.72843951,2008,HRV
0.72788399,2016,BWA
0.72741467,2016,KHM
0.72399276,1995,BLR
0.72212332,1981,ECU
0.72166044,2010,HRV
0.72020334,2010,KGZ
0.71945554,1996,BIH
0.7182008,1996,BLR
0.71727121,2015,AFG
0.71460521,2016,PER
0.71256739,1990,DZA
0.70966744,1987,NOR
0.70802414,1992,ECU
0.70781267,2013,AFG
0.70695102,1998,NOR
0.70679814,1984,ECU
0.70672357,2014,IDN
0.70625353,2007,HRV
0.70495909,2008,ECU
0.70287633,1986,NOR
0.70255584,2005,HRV
0.70151818,1983,NOR
0.69816989,1995,BIH
0.69576395,1983,ECU
0.69336885,1982,NOR
0.69268978,1981,NOR
0.69207913,2003,HRV
0.68904102,2015,DOM
0.6865778,1988,NOR
0.68653268,2013,HRV
0.68114489,1999,NOR
0.68009555,1984,ARG
0.67965585,2016,NCL
0.67461956,1996,MDA
0.67163742,2000,NOR
0.67024577,2008,BGD
0.66458493,2016,HRV
0.66422838,1985,PRT
0.66280901,1995,NOR
0.66003275,2006,HRV
0.65993166,2014,HRV
0.65961844,1982,HKG
0.65669703,1980,NOR
0.65633506,1992,HRV
0.65158701,2012,AFG
0.65058506,1996,NOR
0.64883476,2001,ARG
0.64832348,2012,HRV
0.64621514,2007,BGD
0.64593542,2012,IDN
0.64587027,1980,THA
0.64119321,2003,ARG
0.64039844,1997,NOR
0.63857001,1992,BIH
0.63112736,2015,PER
0.62761801,2003,KGZ
0.62562656,2006,PRI
0.62562656,2007,PRI
0.62562656,2008,PRI
0.62562656,2009,PRI
0.62562656,2010,PRI
0.62562656,2011,PRI
0.62562579,2012,PRI
0.62526804,2009,ECU
0.62367243,1993,HRV
0.61984503,2015,HRV
0.61947387,2015,KHM
0.6190533,1982,CHL
0.60543162,2007,KGZ
0.60486001,2014,DOM
0.59969765,2016,PRI
0.59829378,1994,NOR
0.59800249,2015,TJK
0.59746838,2005,BWA
0.59693557,2001,NOR
0.59599864,1994,BIH
0.59483624,1980,IRL
0.59470737,2002,HRV
0.59206128,1983,PHL
0.59146738,2013,IDN
0.58068532,2004,KGZ
0.5792712,1994,DZA
0.57557642,2003,PRI
0.57406682,2010,ARE
0.5740152,2006,BWA
0.57384592,2004,NOR
0.57076293,1993,DZA
0.57012582,2012,PER
0.56977952,1985,MAR
0.561827,1982,ISR
0.55845022,1980,ECU
0.55764562,2005,KGZ
0.55694884,2014,PER
0.55630994,2014,NOR
0.55472219,2005,PRI
0.55342734,1993,BIH
0.55114841,1992,BWA
0.55095118,2011,PER
0.54220968,2004,PRI
0.53853232,1989,NOR
0.53481102,2015,NCL
0.53473127,2002,BWA
0.53238147,2009,ARE
0.53106213,2002,NOR
0.53062695,2004,BWA
0.53004378,2002,ARG
0.52991265,2002,KGZ
0.52991265,2006,KGZ
0.52710897,2000,BWA
0.52630836,1990,NOR
0.52630836,2013,NOR
0.52534997,1993,BWA
0.52351278,1997,KGZ
0.52260607,2013,PRI
0.52260298,2009,HRV
0.52127481,1997,BLR
0.52009946,1998,KGZ
0.51971328,2002,DZA
0.51924616,1999,KGZ
0.51890039,2007,BWA
0.5183543,2007,PER
0.51815909,1993,NOR
0.5171414,1995,BWA
0.51581675,2012,DOM
0.51388019,2010,PER
0.51362342,2001,BWA
0.51340538,2003,NOR
0.50834644,1994,BWA
0.50757307,2013,DOM
0.50684953,2013,PER
0.50644475,2015,NOR
0.50593549,2016,NOR
0.50593513,2012,NOR
0.50255376,2005,BGD
0.50218701,2014,TJK
0.50045794,2009,PER
0.49577978,1996,KGZ
0.49534884,1983,MAR
0.49409738,2014,BLR
0.49310195,2003,BWA
0.49262804,2006,BGD
0.49226895,1984,MAR
0.49118894,2006,DZA
0.48827836,2005,NOR
0.48716667,1998,BLR
0.48605523,2013,LKA
0.48420373,2011,NOR
0.48131239,2001,HRV
0.48128334,2005,PER
0.48084667,2000,KGZ
0.47333801,2008,NOR
0.47201607,2010,ECU
0.4714078,1998,BWA
0.46753249,2011,DOM
0.46730351,2008,BWA
0.46654692,1992,NOR
0.46517718,2008,DOM
0.46203855,2012,LKA
0.46191797,2005,DZA
0.46179318,2010,NOR
0.46175548,2014,MUS
0.46043494,1991,NOR
0.45839763,2007,NOR
0.45827377,2008,PER
0.45525604,2016,MUS
0.45516703,2009,DOM
0.44910008,2014,GTM
0.44810206,1999,DZA
0.44736835,1990,BWA
0.44652018,2011,MNE
0.44526598,1998,DZA
0.44429901,2015,MUS
0.44355822,2013,MUS
0.44165918,2010,MNE
0.43985742,2010,DOM
0.43681443,2009,BWA
0.4356418,1996,BWA
0.4352642,2004,PER
0.43523562,2011,ECU
0.43445095,2014,BWA
0.4337171,1992,TKM
0.43324277,2000,HRV
0.43212381,1991,BWA
0.43092537,1992,LTU
0.4286696,2007,DOM
0.42824945,2003,DZA
0.42362225,2004,DZA
0.42329773,2008,MUS
0.42145196,2012,MUS
0.41900939,2006,NOR
0.41748649,2010,MUS
0.41453764,2006,DOM
0.41409934,2016,ECU
0.40631306,1992,LVA
0.40280741,1999,BWA
0.40153429,2015,BLR
0.40091911,2012,MNE
0.40076751,2011,MUS
0.39987576,1997,BWA
0.39943358,2004,BGD
0.39814138,2015,MNE
0.3981168,1989,BWA
0.39540511,2008,DZA
0.39461535,2014,NCL
0.39441732,1994,HRV
0.39351183,2008,MNE
0.39286697,2006,BFA
0.3897776,2003,BFA
0.38796678,2002,PER
0.38783517,2001,DZA
0.38774914,2007,DZA
0.38703045,2013,MNE
0.38652608,1981,MAR
0.38573715,1993,LTU
0.38429007,1997,DZA
0.38366026,1980,ZMB
0.38133937,1980,PRT
0.38096869,2010,AFG
0.38041514,2013,BLR
0.3800649,2012,ECU
0.37797794,2016,SGP
0.3773084,2014,MNE
0.37682232,2003,BGD
0.37369323,1982,MAR
0.37326622,2003,PER
0.37274936,2009,MUS
0.37200859,2007,MUS
0.37125295,2002,BGD
0.37052041,2011,BFA
0.37012351,1983,PRT
0.3693867,1988,BWA
0.36709127,1993,LVA
0.36693481,1992,TJK
0.36607802,2011,NCL
0.36568359,2001,BGD
0.36546025,2015,SGP
0.36528754,2013,GTM
0.36356929,2009,BFA
0.36293709,2013,BWA
0.36191779,1997,MDA
0.36071357,2012,NCL
0.35906687,2016,BLR
0.35856673,2014,LAO
0.35851449,2010,NCL
0.3561092,2014,SGP
0.3558524,2009,NOR
0.35329974,1981,PRT
0.34769177,1984,PRT
0.34549639,1999,BFA
0.34498149,2007,BFA
0.34478739,2000,BGD
0.34286526,2015,ECU
0.34033069,1995,DZA
0.33931762,2005,BFA
0.33905074,2013,LAO
0.3379572,2006,MNE
0.33791533,1995,KGZ
0.33747372,1997,BGD
0.337062,2001,KGZ
0.33548886,2013,NCL
0.3353841,1995,BGD
0.33427781,2006,PER
0.33400202,1999,BLR
0.33398351,1982,PRT
0.33345592,1982,ZMB
0.33344778,2012,BFA
0.33169627,2008,ARE
0.33149117,2010,BFA
0.33056435,2001,BFA
0.32916456,2000,PER
0.32911524,1993,BGD
0.32875082,2011,LKA
0.32830685,1998,MDA
0.32595494,1980,MAR
0.3252928,1984,CHE
0.32434878,2000,BLR
0.32415885,1986,ZMB
0.32127684,1985,CHE
0.31739146,2012,GTM
0.31566265,1994,LTU
0.31528619,1985,MYS
0.31504095,2016,MNE
0.31487638,2006,MUS
0.31419837,2011,GTM
0.31355977,2010,GTM
0.31305781,2008,BFA
0.31238252,1988,ZMB
0.31192654,1987,BWA
0.30680424,1981,ZMB
0.30606329,1986,BWA
0.30504417,2016,MDG
0.30450857,2014,BFA
0.29976344,2001,PER
0.2986407,2000,BFA
0.29693493,2013,TJK
0.29688734,1983,ZMB
0.29192889,1985,ZMB
0.29130909,1989,ZMB
0.28801519,2008,GTM
0.28635064,1984,ZMB
0.28609934,2007,GTM
0.28507581,1987,MYS
0.28502697,2000,DZA
0.28463119,1981,CHE
0.28164905,2004,BFA
0.28028399,2005,DOM
0.27931973,2016,KEN
0.27865678,2001,BLR
0.27687472,1994,BGD
0.27559531,1986,CHE
0.27395451,1987,ZMB
0.27332705,2006,GTM
0.27322891,1985,BWA
0.27311933,2015,KEN
0.27214578,2006,ARE
0.27141121,2004,GTM
0.27084655,2016,ETH
0.26972321,1998,PER
0.26604858,2014,ECU
0.26333165,1999,PER
0.26273701,2009,AFG
0.26153943,1987,CHE
0.26133814,2007,MNE
0.26130581,2006,LTU
0.26119336,2005,GTM
0.26045707,1994,LVA
0.25822008,1997,HRV
0.25630096,1993,PER
0.25505272,1982,BWA
0.25378653,2004,DOM
0.25307989,2014,KHM
0.2530196,2013,MDG
0.25049552,1982,CHE
0.24921049,2002,BFA
0.24918945,1983,BWA
0.24905969,2002,GTM
0.24824701,2006,VAT
0.24820776,2007,LTU
0.24798556,1990,CHE
0.24778828,1992,GEO
0.2476092,2014,KEN
0.24684414,2010,BWA
0.24625781,1984,BWA
0.24499954,2012,TJK
0.24482359,1993,ZMB
0.24362345,1995,LTU
0.24281316,1998,HRV
0.24172458,1992,ZMB
0.24167395,2016,SEN
0.24032208,1995,PER
0.23870498,2011,SEN
0.23799491,2009,VAT
0.23718871,2013,SGP
0.23631959,2005,MUS
0.23629023,1981,BWA
0.23593768,1989,CHE
0.23511255,2015,MDG
0.23509143,1984,MYS
0.23391804,2013,BFA
0.23386525,2013,LTU
0.23373294,2003,GTM
0.23344359,1986,MYS
0.2330994,1980,LUX
0.23242746,1991,ZMB
0.23242746,1994,ZMB
0.23098566,2015,SEN
0.23056807,1990,ZMB
0.23039059,2012,BLR
0.22975539,2014,MDG
0.22890975,1983,CHE
0.22776875,2015,KWT
0.22753234,2015,ETH
0.22740376,1988,CHE
0.22685224,1988,MYS
0.22599967,2016,BFA
0.22552262,2003,DOM
0.22546907,1996,DZA
0.2251253,2013,GEO
0.22421069,2014,ETH
0.22135678,1996,LTU
0.21808229,2011,LTU
0.21802017,2014,KWT
0.217528,1980,BWA
0.21696521,1983,MYS
0.21673462,2014,SEN
0.2164315,2009,MNE
0.21494539,2002,BLR
0.21384814,1999,HRV
0.21344334,1992,ALB
0.21231273,2015,BFA
0.21225078,2011,BWA
0.21218817,2008,LTU
0.2116324,2012,VAT
0.2109001,2013,VAT
0.21006836,2003,MDA
0.20881125,2016,KWT
0.20841655,2014,GEO
0.20782772,2013,SEN
0.20723392,2012,SEN
0.20695655,2015,GEO
0.20631997,1991,CHE
0.20577407,2011,VAT
0.20515656,2003,MUS
0.20498425,2012,LTU
0.2039877,1995,HRV
0.20352387,2014,LTU
0.20320888,2002,MUS
0.20229262,2013,ECU
0.20219573,1989,MLT
0.20019381,1990,MLT
0.19991572,2010,VAT
0.19963412,1994,UMI
0.19951306,2014,VAT
0.19944334,1981,LUX
0.19647054,2010,LTU
0.19570379,1994,LUX
0.19494212,1994,PER
0.19477247,2016,PAN
0.19411966,2001,MUS
0.19356309,1981,DZA
0.18920344,2003,BLR
0.18795681,2005,LTU
0.18775268,2009,GTM
0.18762738,2004,MUS
0.18741161,1993,UMI
0.18734109,2016,TZA
0.18636285,2003,NCL
0.18596441,1982,PHL
0.18459643,1993,TJK
0.18388662,1996,BGD
0.18351711,2002,PRI
0.18328026,2006,NCL
0.1823395,2008,AFG
0.18198518,2016,GEO
0.18151195,2004,NCL
0.17938372,1993,MLT
0.17885822,1999,MDA
0.17834009,2002,NCL
0.17825249,1982,LUX
0.17747839,2003,LTU
0.17515522,1995,UMI
0.17512475,2012,KEN
0.17326643,1992,LUX
0.17289408,2004,LTU
0.17264314,1993,LUX
0.17160068,2014,JOR
0.17158426,1997,LTU
0.17088977,2012,ALB
0.17065427,1997,PER
0.17041874,2010,SEN
0.16961695,1996,UMI
0.16839831,2005,NCL
0.16782787,2001,NCL
0.16609152,2000,UMI
0.16503321,2015,LTU
0.16479896,1999,UMI
0.16428432,2000,NCL
0.16425511,2000,MUS
0.16415185,1998,UMI
0.16395943,2009,NCL
0.16392969,1996,HRV
0.16285931,1997,UMI
0.16243444,2016,LTU
0.162157,1991,MLT
0.16109954,2013,ETH
0.15928215,2011,LBN
0.15848622,2009,LTU
0.15812846,1980,CHE
0.15799668,2007,NCL
0.15773019,2013,KWT
0.15739757,1980,PHL
0.15736347,2008,NCL
0.15723202,1996,PER
0.15620694,2012,MDG
0.15454055,2015,TZA
0.15443574,1995,LVA
0.153937,2015,PAN
0.1527625,1988,MLT
0.15243727,2013,PAN
0.15234485,2013,KEN
0.1514152,2014,PAN
0.1512361,1981,PHL
0.15082902,1996,LUX
0.15082355,2009,SEN
0.15059049,2004,BLR
0.15004884,2013,MDA
0.14931621,1988,PRI
0.14928117,1992,UMI
0.14904912,1994,GEO
0.14892735,2012,BWA
0.1486526,2012,LBN
0.14738345,2011,PAN
0.14657342,2011,ALB
0.1464688,1996,LVA
0.1453882,1998,LTU
0.14524728,2000,MDA
0.14464708,2002,MDA
0.14314158,1986,BFA
0.14262138,2014,NER
0.14253147,1992,PER
0.14233848,2012,KWT
0.14218014,1997,LBN
0.14133236,2008,VAT
0.14088094,2015,VAT
0.14053918,2005,ARE
0.13953729,1981,BFA
0.13924815,2012,PAN
0.13914345,1993,ALB
0.13913548,2007,VAT
0.13904841,1996,LBN
0.13855064,1992,CHE
0.13818426,2002,LTU
0.1374777,1982,BFA
0.13730213,2000,GTM
0.13719784,2002,DOM
0.13696279,1985,BFA
0.1357981,2016,NER
0.13524753,1995,LUX
0.13490322,1984,BFA
0.13466758,2013,NPL
0.13453467,2007,CHE
0.13449803,1997,ZMB
0.13388523,1989,NCL
0.13259259,1993,GEO
0.13254488,2000,VAT
0.13116555,2012,NER
0.1310111,2007,ARE
0.13026142,1987,LUX
0.12933798,1999,SJM
0.12927397,2011,TJK
0.12923934,1983,BFA
0.12812404,1985,MLT
0.1277553,2012,NPL
0.12772292,2001,GTM
0.12769464,1980,BFA
0.1276902,2007,AFG
0.12768017,1998,ZMB
0.12766561,2007,SEN
0.12766561,2008,SEN
0.12746121,2014,LBN
0.12705338,1998,SJM
0.12700474,1995,CHE
0.12652187,1991,LUX
0.12577473,2011,KEN
0.12560034,2011,NER
0.12476877,1997,SJM
0.1246104,2014,TZA
0.12431869,2016,VAT
0.12429617,2015,NER
0.12429114,1989,PRI
0.12402884,1985,LUX
0.1240079,2012,ETH
0.12278232,1989,LUX
0.12278232,1990,LUX
0.12226996,2011,NPL
0.12220572,1987,PRI
0.12198094,1994,MLT
0.12148301,2004,ARE
0.1214509,1987,MLT
0.12130813,2012,GEO
0.12091254,1984,LUX
0.12091254,1997,LUX
0.12057126,1998,LBN
0.12016572,1993,EST
0.12016106,1991,PER
0.12011669,1997,LVA
0.12010748,2013,WLD
0.1195553,2010,ALB
0.11953288,2001,DOM
0.11949426,2003,NPL
0.11947481,2008,CHE
0.11941849,2010,LBN
0.11904274,2001,LUX
0.11904269,1992,EST
0.11883867,2008,MDA
0.11883867,2011,MDA
0.11880904,1980,NGA
0.11880904,2005,HND
0.11796884,1994,CHE
0.11759036,2012,JOR
0.11755154,2008,NPL
0.11748117,2014,NPL
0.11685464,2010,TJK
0.11666535,2013,NER
0.11657251,1999,LTU
0.11652365,1996,ZMB
0.11587368,1995,LBN
0.1157256,2008,TJK
0.1157256,2009,TJK
0.11556287,2012,WLD
0.1155543,2015,NPL
0.11545885,2010,CHE
0.11498524,2009,NPL
0.1146373,2001,MDA
0.1146373,2012,MDA
0.11448158,1985,NCL
0.11445487,2006,CHE
0.11415166,1994,ALB
0.11405667,1986,LUX
0.11403712,2006,MDA
0.11395288,1993,CHE
0.11383479,1991,NCL
0.11379632,2012,TGO
0.1136508,2016,JOR
0.113188,1986,NCL
0.11315163,2010,NPL
0.11296597,2004,HND
0.11296597,2011,WLD
0.11212505,2001,SJM
0.11194488,2009,CHE
0.11163635,2004,MDA
0.11163635,2010,MDA
0.11145755,2010,NER
0.11133,1999,LBN
0.11036905,2010,WLD
0.11006106,2015,MDA
0.11000235,1993,TKM
0.10995407,1988,NCL
0.10995407,1992,NCL
0.10995407,1993,NCL
0.1097218,1980,IDN
0.10971981,2003,HND
0.10943493,2005,CHE
0.10923555,2005,MDA
0.10876331,1992,MLT
0.10874803,2009,ALB
0.10866049,1996,NCL
0.1082526,2002,SJM
0.10811625,2005,BLR
0.10792892,2011,CHE
0.10769635,1981,OWID_
0.10743498,2009,MDA
0.10720079,2000,LUX
0.10719091,2003,ARE
0.10712472,2013,LBN
0.10672011,1994,NCL
0.10672011,1995,NCL
0.10647367,2016,HND
0.10645319,1990,OWID_
0.10626213,2009,GEO
0.10614389,2013,JOR
0.10607332,1990,NCL
0.10583066,1989,OWID_
0.10556432,2007,TJK
0.10553274,2004,NPL
0.10540853,2011,LVA
0.10510939,2015,ZMB
0.10487301,2000,SJM
0.10482133,1985,PER
0.10482133,1989,PER
0.1040845,1983,LUX
0.10402301,2016,NGA
0.10396376,1980,OWID_
0.10379124,2005,NPL
0.10334053,1988,OWID_
0.10326549,1980,SJM
0.10322751,2014,WLD
0.10317913,2016,ZMB
0.10305373,2006,NPL
0.10283798,1988,LUX
0.10276216,2016,NPL
0.10271697,1987,OWID_
0.10234431,2010,LVA
0.10209189,1994,SJM
0.10098641,1986,PER
0.10091854,1986,SJM
0.10025223,1987,NCL
0.099608213,1986,OWID_
0.099395014,2001,CHE
0.099327117,1981,IDN
0.099280104,2007,LVA
0.099280104,2008,LVA
0.099228367,1990,CUB
0.099163525,2006,SEN
0.099050149,2006,KEN
0.098893017,2013,CHE
0.09843865,2015,LBN
0.098301314,2009,ZMB
0.098250113,2014,ZMB
0.097790644,1988,PER
0.097738005,1984,OWID_
0.097612403,2004,NER
0.09739814,1985,SJM
0.097167358,1998,BGD
0.097115479,1985,OWID_
0.097112857,1982,OWID_
0.096811377,1987,SJM
0.096763581,1986,PRI
0.096392162,2009,DZA
0.096224666,1981,SJM
0.096224666,1982,SJM
0.095873177,1987,PER
0.095379055,1996,CHE
0.095379055,2012,CHE
0.095358849,1999,LUX
0.094735593,1998,LUX
0.094464324,1990,SJM
0.094113141,2011,ETH
0.094032928,1991,BGD
0.093624361,2002,NPL
0.093316555,1984,PER
0.093120098,2014,MDA
0.092869088,2003,CHE
0.092397317,1982,IDN
0.092351183,2013,ZMB
0.092067234,2000,LBN
0.091967031,1998,NER
0.091731384,1995,ZMB
0.091619298,2006,LUX
0.091541387,2002,HND
0.091511823,1983,OWID_
0.091363087,2004,CHE
0.091295972,2008,SJM
0.091112256,2002,ARE
0.090897821,2014,CHE
0.090881072,2007,KEN
0.090754539,1986,MLT
0.090575211,2009,NER
0.090370506,2008,KEN
0.090256602,2005,SEN
0.089871943,2003,ZMB
0.089857116,2000,CHE
0.089770503,1989,SJM
0.089744575,2014,ALB
0.089644447,2005,NER
0.089568704,1991,UMI
0.089474678,1998,LVA
0.089349374,2004,KEN
0.089183718,1995,SJM
0.08883898,1990,PRI
0.088831663,2007,SJM
0.088596977,1991,SJM
0.088324785,1998,DOM
0.088295221,1999,MUS
0.088286467,1992,BGD
0.088068932,2003,SJM
0.08783941,2001,LBN
0.08775416,1987,AFG
0.087646008,2000,HND
0.087525219,2016,ISL
0.087392733,2005,ZMB
0.087307654,1989,NER
0.086778097,2004,SJM
0.086753353,2016,TGO
0.08674594,2003,NER
0.086365439,2010,TGO
0.086347535,1981,NGA
0.086347535,1986,NGA
0.086347535,2015,WLD
0.086343147,2002,CHE
0.086236812,1981,MYS
0.085792124,2000,LTU
0.085663415,1988,SJM
0.085625075,2016,SJM
0.085418433,2008,NER
0.085407667,2007,ISL
0.085311264,2006,SJM
0.085311264,2012,SJM
0.085184775,2012,LVA
0.084948473,2006,BLR
0.084701829,2013,ISL
0.084489837,2005,SJM
0.084311694,1982,CUB
0.084293686,2002,ZMB
0.084196486,2009,SJM
0.084075846,1986,AFG
0.083996244,2014,TGO
0.083733663,1987,NER
0.083733559,2002,NER
0.083611608,2002,LBN
0.083349988,2015,JOR
0.083105281,1997,EST
0.083054081,2001,ZMB
0.082988128,2006,NER
0.08276625,2011,LAO
0.082638904,1995,NER
0.082584269,2005,ISL
0.082377605,2011,SJM
0.082300976,2011,MDG
0.082096584,2012,LAO
0.08198195,2016,MDA
0.081878439,2015,ISL
0.081811778,1990,PER
0.081717499,1985,CUB
0.081693634,2015,TGO
0.081690833,2002,KEN
0.08167351,2010,SJM
0.081614845,2007,LAO
0.081483208,1994,TKM
0.08130537,2001,NPL
0.081293285,1982,MYS
0.081054434,1999,ALB
0.081020087,2015,CHE
0.080669701,1992,KEN
0.080327667,2007,NPL
0.08025147,1997,NER
0.080080189,1991,PRI
0.079955034,2000,ZMB
0.079855233,2001,HND
0.079669222,2006,LVA
0.079669222,2009,LVA
0.079648569,1995,KEN
0.079346582,1985,AFG
0.079339549,2015,SJM
0.079335235,2010,ZMB
0.079255156,1983,PER
0.079138525,1988,NER
0.079115197,1983,IDN
0.07877934,1998,BFA
0.078751728,2011,JOR
0.07868509,2006,LAO
0.07862743,2009,KEN
0.078556783,2016,WLD
0.078539029,2010,LAO
0.078530803,2004,LUX
0.078266554,2005,LAO
0.078025386,2007,MDA
0.077907547,1987,NGA
0.077848025,2004,LAO
0.077830695,2001,LVA
0.077770166,1984,AFG
0.07761462,1980,NCL
0.07761462,1998,NCL
0.077586927,2011,TGO
0.077475823,1999,ZMB
0.077447928,1996,NER
0.077315964,1986,BGD
0.077217855,1999,LVA
0.077177621,1986,CUB
0.077096231,1985,NER
0.077095732,1990,KEN
0.077095732,1991,KEN
0.076937489,2008,ISL
0.076623499,2001,LTU
0.076585665,1984,NER
0.076585159,2003,KEN
0.076433353,2009,LAO
0.076424673,2010,KEN
0.076367021,1996,EST
0.076326258,1996,ALB
0.076275535,1996,SJM
0.076257356,2015,ALB
0.076231651,2006,ISL
0.076193742,1982,AFG
0.076193742,1983,AFG
0.076037772,2005,LUX
0.075750291,1991,NER
0.075497545,1990,NER
0.075428329,2016,LBN
0.075414509,2007,LUX
0.075411759,2004,SEN
0.075053461,1997,KEN
0.074819952,2010,ISL
0.07478109,1981,PER
0.074609652,2007,NER
0.074543297,2001,NER
0.074257553,2009,LBN
0.074153669,2013,LVA
0.074114092,2011,ISL
0.074114092,2012,ISL
0.074032322,2005,KEN
0.07399749,1993,NER
0.073540822,2005,LVA
0.073521756,1996,KEN
0.073503822,2015,HND
0.073408231,2004,ISL
0.073362961,2011,HND
0.073341973,1984,SJM
0.073087111,1997,NCL
0.073011592,2000,NER
0.072989777,1998,PRI
0.072682068,2000,NPL
0.072637782,1984,CUB
0.072570793,2013,TZA
0.072515428,1988,AFG
0.072436355,2008,EST
0.072374888,1999,NER
0.07215561,1997,PRI
0.072021529,2008,ZMB
0.07179983,1992,ARM
0.071793526,1999,NCL
0.07175047,1994,NER
0.071674958,2008,LUX
0.071536466,2008,LAO
0.071415275,2012,HND
0.07132142,1983,PRI
0.071290702,2000,ISL
0.071236931,2014,SJM
0.071051702,2002,LUX
0.071025848,2003,LAO
0.070941001,2013,ALB
0.070904352,1996,PRI
0.070584841,2014,ISL
0.0702793,1997,CHE
0.070150547,1994,LBN
0.069582447,2012,TZA
0.069524206,1993,LBN
0.069467582,2010,HND
0.069173142,2001,ISL
0.069173142,2002,ISL
0.069173142,2009,ISL
0.069117405,2011,GEO
0.068818927,1995,PRI
0.068746462,1991,CUB
0.068462417,2015,JAM
0.068351842,2009,TGO
0.067870133,1992,NER
0.067755572,2016,SAU
0.067750372,1982,PER
0.067567669,1994,PRI
0.067519873,2008,HND
0.066884384,1989,KEN
0.066884384,1993,KEN
0.06687066,2009,HND
0.066735193,1989,AFG
0.066733502,1993,PRI
0.066733502,1999,PRI
0.066733502,2000,PRI
0.066619225,1984,NCL
0.066374242,1983,NER
0.066319309,2004,ZMB
0.066221423,1985,NGA
0.065939061,1980,DZA
0.065684244,1981,AFG
0.065675117,2016,CHE
0.065176047,1987,BGD
0.065106943,2011,TZA
0.065033391,2014,SAU
0.064819083,2009,LUX
0.064800598,2014,JAM
0.064648077,2001,PRI
0.064230986,1992,PRI
0.064102404,2015,SAU
0.064088002,2012,ZMB
0.063572563,2010,LUX
0.063332431,1990,BFA
0.063310809,1986,NER
0.062738501,1983,NCL
0.062727407,1984,MLT
0.062531404,1980,AFG
0.062509686,2002,LVA
0.062416166,1997,DOM
0.062289275,1994,KEN
0.061896872,2003,LVA
0.061612394,1980,CUB
0.061612394,1981,CUB
0.061612394,1988,CUB
0.061594989,1999,NPL
0.061532136,2006,TJK
0.061512541,1988,VAT
0.061396722,2014,LVA
0.061238505,1996,DOM
0.061040662,2013,JAM
0.061020434,2013,SJM
0.060757574,1998,KEN
0.060707178,2010,LKA
0.060643367,2003,LKA
0.060643367,2004,LKA
0.060631435,2010,TZA
0.060084779,2002,JAM
0.060058344,2004,LVA
0.05999713,2003,ISL
0.059847035,1983,SJM
0.059822392,2016,OMN
0.059541825,1984,NPL
0.0594455,2000,LVA
0.059366658,2005,LKA
0.059366658,2009,LKA
0.059342925,2016,ALB
0.059306782,2002,LAO
0.059225868,1999,KEN
0.059079912,2014,HND
0.058733411,1999,CHE
0.058698352,1987,BFA
0.058430672,2009,WLD
0.058416575,2012,BTN
0.058409132,2008,LKA
0.058369637,1983,CUB
0.058309909,1983,NPL
0.058145061,2005,TJK
0.058086772,1992,SJM
0.058036428,2003,JAM
0.057993628,2013,SAU
0.057978291,2009,TZA
0.057919424,2011,BLR
0.057786077,2013,TGO
0.057694167,1988,KEN
0.057227436,1998,CHE
0.056423992,1994,CUB
0.056422379,2008,GEO
0.055654194,1994,VAT
0.055470172,2011,LUX
0.055322476,2004,TJK
0.055274427,2010,BTN
0.05526242,2013,KHM
0.05518451,1984,NGA
0.055174775,1990,AFG
0.055126879,1987,CUB
0.055113509,2007,TGO
0.054900765,2003,TZA
0.054900765,2008,TZA
0.054761361,2000,DOM
0.054711752,2001,ALB
0.054630764,2000,KEN
0.054630764,2001,KEN
0.054179188,2015,MWI
0.054064255,1988,BFA
0.054036282,1995,ALB
0.053600397,2003,LUX
0.053563751,2002,TZA
0.053549372,1989,BFA
0.053414587,2007,BLR
0.053158659,1990,UMI
0.05303666,1981,NCL
0.053036131,1988,BGD
0.053034466,1991,BFA
0.052826665,2014,LUX
0.052232787,1986,ISL
0.052166656,2015,OMN
0.05205505,2008,LBN
0.051835619,2013,MWI
0.05139045,2006,LKA
0.051218338,2016,JAM
0.051195715,1985,BGD
0.051107362,2012,LUX
0.050840385,2009,BLR
0.050840385,2010,BLR
0.05033822,2008,TGO
0.050321095,2016,LUX
0.050151981,2007,LBN
0.050115258,1989,ISL
0.050115258,1994,ISL
0.050084461,2016,BEN
0.049938478,1995,CUB
0.049785025,2001,TZA
0.049690671,2004,LBN
0.049595535,2004,TZA
0.049409397,1998,ISL
0.049394567,1991,AFG
0.049316127,2013,HND
0.049308106,2000,ALB
0.049160279,1999,JAM
0.049088676,2007,ZMB
0.049063578,2001,VAT
0.048969779,2005,LBN
0.048909724,2008,BLR
0.04885285,2016,MWI
0.048852421,2009,EST
0.048703536,1985,ISL
0.048611652,2015,LVA
0.048477497,1998,JAM
0.048446525,1984,HTI
0.048248883,2006,LBN
0.048061285,1999,BGD
0.047936589,1980,PER
0.047560982,2000,LAO
0.047531068,1999,TZA
0.047322709,2014,MWI
0.047291838,1988,ISL
0.04728175,2008,ALB
0.047167849,2007,EST
0.04710656,1995,DOM
0.046972226,1987,KEN
0.046812195,1994,NPL
0.046744522,2013,LUX
0.046606332,1995,EST
0.046586003,1996,ISL
0.04646166,1981,KEN
0.046401557,1985,NPL
0.046139449,1980,MYS
0.046095312,1998,MUS
0.046049986,1983,HTI
0.046006303,2000,TZA
0.045951091,1985,KEN
0.045880143,1990,ISL
0.045880143,1995,ISL
0.045746364,1997,JAM
0.045746163,2001,LAO
0.045725733,1994,TJK
0.04545866,2015,LUX
0.045402113,1987,VAT
0.045398604,1993,CUB
0.045063581,1992,JAM
0.045063581,2004,JAM
0.044796836,1982,NGA
0.044615239,1985,HTI
0.04429033,2005,TZA
0.044018563,2011,BTN
0.044006281,2011,ZMB
0.043731943,2000,MWI
0.043698017,1996,JAM
0.043498386,1990,NGA
0.043414272,2007,LKA
0.043398254,1986,KEN
0.043266065,1991,OWID_
0.04322904,2003,ALB
0.04322904,2004,ALB
0.043205231,2003,VAT
0.04284915,1989,MUS
0.042673856,2000,JAM
0.042377122,1984,KEN
0.042350914,1987,ISL
0.042350914,1991,ISL
0.042350914,1999,ISL
0.042199936,1991,NGA
0.042041264,1982,NCL
0.041994981,1996,MWI
0.04195435,2003,LBN
0.041884586,1997,NPL
0.04187813,2002,ALB
0.041740645,1986,VAT
0.041708436,1984,PRI
0.041708436,1985,PRI
0.0415507,2007,HND
0.041541088,2003,MWI
0.04133359,2007,TZA
0.041309021,2012,SAU
0.041289095,2002,MWI
0.041049916,2009,BTN
0.041037105,2001,MWI
0.041018113,2014,EST
0.040991124,2000,EST
0.040991124,2011,EST
0.040939219,1997,ISL
0.04090146,1994,MUS
0.04090146,1995,MUS
0.040741455,1980,MWI
0.04057055,1998,NPL
0.040517859,2014,BTN
0.040429585,1999,EST
0.040429585,2004,EST
0.040319111,1997,MWI
0.040284105,2005,JAM
0.04025225,1993,MUS
0.040242057,1991,NPL
0.040200997,1996,NPL
0.040114637,1989,MWI
0.040114611,1994,MWI
0.039868068,1994,EST
0.039613202,2010,MWI
0.03960301,1983,NGA
0.03960301,1992,MUS
0.039487824,1993,MWI
0.039487824,1995,MWI
0.039420784,1987,NPL
0.039365243,1999,MWI
0.039306551,1998,EST
0.039038647,1990,MWI
0.038953774,1991,MUS
0.038861059,1988,MWI
0.038832631,1992,MWI
0.03882166,1984,ISL
0.038547676,1985,MWI
0.0384483,2004,MWI
0.03830456,2006,HND
0.038304057,2011,JAM
0.038235757,1989,JAM
0.038234293,1982,MWI
0.03790275,2001,EST
0.037843,1996,TZA
0.037778255,1995,NPL
0.037714746,2012,MWI
0.037646648,1987,MWI
0.037607454,2006,MWI
0.037587527,1992,BFA
0.037552997,1993,JAM
0.037552997,1995,JAM
0.037521649,2006,TZA
0.037409965,1993,ISL
0.037406005,2011,MWI
0.037346885,1982,VAT
0.037346885,1984,VAT
0.037346885,2005,VAT
0.037006162,1981,HKG
0.036980689,1986,MWI
0.036778256,2016,BTN
0.036704585,2016,LVA
0.036614593,1999,VAT
0.036583241,2005,MWI
0.036568586,2006,ZMB
0.036474485,2005,ALB
0.036474485,2006,ALB
0.036474485,2007,ALB
0.036446184,1998,TZA
0.03639226,2012,JAM
0.036356848,1986,MUS
0.036356848,1990,MUS
0.036356848,1999,HND
0.036353871,1991,MWI
0.036204357,2007,GEO
0.036187433,1994,JAM
0.036187433,2001,JAM
0.036086898,2010,PAN
0.035994105,1998,MWI
0.035937406,2012,EST
0.035918742,1994,DOM
0.035882324,1981,VAT
0.035882324,1998,VAT
0.035707638,1989,NGA
0.03550465,1990,JAM
0.035397481,2007,MWI
0.035375893,2013,EST
0.035307139,2008,MWI
0.035292432,1992,ISL
0.035060391,1994,PAN
0.034821868,1991,JAM
0.034821868,2009,JAM
0.034814376,2002,EST
0.034726202,2011,SAU
0.034700271,1983,MLT
0.034473501,2009,MWI
0.034417737,1997,VAT
0.034411129,1993,PAN
0.034409162,1988,NGA
0.033846762,1983,MWI
0.033811729,2015,BTN
0.033759948,1992,NGA
0.033691321,2010,EST
0.033671923,1980,NPL
0.033261288,1986,NPL
0.033097219,1998,ALB
0.032857154,1993,SJM
0.032855038,2006,BTN
0.032773521,2008,JAM
0.032593157,1984,MWI
0.032568287,2005,EST
0.032461476,1987,MUS
0.032389112,1984,BGD
0.031927928,1989,VAT
0.031740177,2009,PAN
0.031407952,2010,JAM
0.031163024,2008,WLD
0.031163024,2012,NGA
0.031094622,1995,MLT
0.030756271,1980,VAT
0.030756271,1985,VAT
0.030703204,2013,BTN
0.030481931,1992,CUB
0.030464377,2015,NGA
0.030261215,2000,PAN
0.030085998,1981,MWI
0.030050585,1997,BTN
0.029976232,1988,NPL
0.02995888,2008,BTN
0.029919306,2003,TJK
0.029866263,1991,PAN
0.029864574,1997,MUS
0.02984195,2014,NGA
0.029441603,1999,DOM
0.029152382,1994,TZA
0.029150214,1990,BGD
0.029088369,1998,LAO
0.029088117,2005,BTN
0.028780838,1998,BTN
0.028744318,1982,NPL
0.028744318,1990,NPL
0.028651727,2013,NGA
0.02855939,1993,VAT
0.028205425,2010,SAU
0.027987104,2013,DZA
0.027939007,1995,TZA
0.027934341,1999,BTN
0.027934341,2000,BTN
0.027916886,2002,NGA
0.02788488,1993,TZA
0.027704341,1982,HTI
0.02768033,2010,ETH
0.027368031,2015,EST
0.027269188,1992,PAN
0.027219802,2014,DZA
0.027094804,1983,VAT
0.026904579,2002,BTN
0.026342686,1997,ALB
0.026178112,2015,BEN
0.026116394,1983,ISL
0.025996363,1990,VAT
0.025990764,1992,OWID_
0.025969174,1988,MUS
0.025969174,1996,MUS
0.025459262,1981,NPL
0.025390079,2010,GEO
0.025268484,2006,EST
0.025161039,1997,LAO
0.024971621,1996,BTN
0.024945064,2009,SAU
0.024939338,2014,GHA
0.024670724,2010,NGA
0.024580127,2007,JAM
0.024544967,1999,PAN
0.024257438,2008,PAN
0.024238294,2014,BEN
0.024200184,1995,BFA
0.0235913,1997,TZA
0.023486126,1982,KEN
0.023373585,1995,PAN
0.023251487,2009,ETH
0.023145126,1995,TJK
0.023145126,2002,TJK
0.02310762,2001,BTN
0.022975709,1982,NER
0.022666413,1988,HTI
0.022655493,1997,BFA
0.022240693,2012,SGP
0.022174183,1993,NPL
0.022140613,1996,BFA
0.0220738,1985,MUS
0.0220738,2009,NGA
0.022008877,1995,BTN
0.021944361,1984,IDN
0.021849021,2006,JAM
0.021430893,2010,MDG
0.021364331,2008,NGA
0.021233708,1996,LAO
0.020776534,1990,PAN
0.02077535,2011,NGA
0.020322541,1997,TJK
0.019747833,1995,GEO
0.019679407,1992,AZE
0.019678926,1987,CYP
0.0194769,2001,NGA
0.019244529,1989,TUN
0.019046159,1994,BTN
0.018910794,1992,HTI
0.018828722,1998,PAN
0.018603036,1988,TUN
0.018424287,2008,SAU
0.0183916,2003,AFG
0.0183916,2006,AFG
0.018331874,1994,ARM
0.018307308,2002,VAT
0.018202208,1991,HTI
0.018163064,1998,SAU
0.017961541,1983,TUN
0.017866127,2004,AFG
0.017865142,2001,ARE
0.017832203,2013,GHA
0.017657239,1992,NPL
0.017657036,2003,BTN
0.017646216,1982,ISL
0.017611107,2015,DZA
0.017585332,2016,DZA
0.017530195,1997,PAN
0.01749998,1998,TJK
0.017407188,2003,EST
0.017340653,2005,AFG
0.017227381,2014,ECU
0.017082356,2005,SAU
0.016995138,2016,EST
0.016991632,1993,BFA
0.016942877,2008,OWID_
0.016940355,1981,ISL
0.016862344,2002,CUB
0.016678577,1981,TUN
0.016510196,2007,OWID_
0.016487295,1986,DOM
0.016391627,1994,SAU
0.016370945,2000,TJK
0.016370945,2001,TJK
0.016338157,1983,KEN
0.016296666,1993,FJI
0.016296666,1994,FJI
0.016230738,1984,MUS
0.016230738,1994,NGA
0.016213788,2003,CUB
0.016110428,1996,VAT
0.016110227,2007,NGA
0.016026994,2015,ECU
0.016015492,1982,MLT
0.015986336,1998,GEO
0.015784914,2001,PAN
0.015672147,1982,BGD
0.015565231,2008,CUB
0.015395613,1984,TUN
0.015317123,1981,NER
0.0151639,2007,SAU
0.014932287,2003,NGA
0.014926285,1996,FJI
0.014916674,1999,CUB
0.014916674,2004,CUB
0.014916674,2009,CUB
0.014916674,2010,CUB
0.014916674,2011,CUB
0.014826582,2013,ECU
0.014696689,1997,SAU
0.014494888,2010,OWID_
0.014359118,1999,SAU
0.014321387,2009,OWID_
0.014268143,2000,CUB
0.014268143,2005,CUB
0.014268143,2012,CUB
0.014217951,1997,FJI
0.014012418,1995,FJI
0.013967776,2005,OWID_
0.013748899,2003,ARM
0.01370519,1990,FJI
0.013662338,2001,AFG
0.0136609,1987,DOM
0.013471155,1980,TUN
0.013471155,1985,TUN
0.013403712,2011,KWT
0.013387343,1994,BFA
0.013293063,1989,CYP
0.013254348,2006,OWID_
0.013189831,1985,DOM
0.013165214,1999,GEO
0.013157647,1986,HTI
0.013157142,1987,HTI
0.013140799,1982,FJI
0.0129846,1995,NGA
0.012983843,1999,TJK
0.012971031,1989,CUB
0.012925353,1998,FJI
0.012851176,1981,BGD
0.012659892,1993,DOM
0.01264143,1990,CYP
0.01264143,1991,CYP
0.012598906,2007,KHM
0.012569472,1984,FJI
0.012528184,1993,SAU
0.012408304,2012,ECU
0.012322473,1998,CUB
0.012276519,1980,BGD
0.012039913,1995,SAU
0.0120015,2006,AZE
0.01199812,1980,FJI
0.011964827,2014,MOZ
0.0118595,1988,CYP
0.011772207,2012,OWID_
0.011676187,2007,BTN
0.011673917,2007,CUB
0.011632856,1999,FJI
0.011545159,1989,BGD
0.011423337,1991,DOM
0.011290291,1996,TJK
0.011286105,1992,FJI
0.011230314,1996,SAU
0.01122025,1996,PAN
0.011034945,2002,AFG
0.010986594,2000,FJI
0.01085196,2002,LKA
0.010834506,1992,DOM
0.010688749,2007,NAM
0.010663477,2003,FJI
0.010644131,2012,KHM
0.010534214,2002,FJI
0.010388255,1988,PAN
0.010387675,1999,NGA
0.01037683,1997,CUB
0.010344091,1996,GEO
0.010344091,1997,GEO
0.010337684,2010,ECU
0.010284114,1981,FJI
0.010284114,1983,FJI
0.010284114,1991,FJI
0.010263734,1987,TUN
0.010235939,2003,SAU
0.010211424,1980,NER
0.010094495,1998,NAM
0.010075629,2013,MOZ
0.010010153,1990,DOM
0.0098444447,1995,LAO
0.009738992,1989,PAN
0.0096940463,2001,FJI
0.0096439812,1985,CYP
0.0096304119,2011,KHM
0.0096222647,1990,TUN
0.0096222647,1992,TUN
0.0096169179,2003,PAN
0.0095792115,1999,GTM
0.0095006954,1995,NAM
0.0094768861,2011,ECU
0.0092619443,2006,SAU
0.009194375,2005,MDG
0.009165925,2002,ARM
0.009141434,1985,FJI
0.0091372728,1989,FJI
0.009135507,2011,OWID_
0.0090632206,2016,ECU
0.0089807706,1982,TUN
0.0089807706,1993,TUN
0.0089335553,2000,GEO
0.0089069204,1991,NAM
0.0088161724,2015,MOZ
0.008741742,1990,HTI
0.0087277191,1989,HTI
0.008715461,1993,OWID_
0.0086752065,2013,OWID_
0.0086625703,2007,AZE
0.0086166672,2010,KHM
0.0086052408,2010,JOR
0.0085700816,1986,FJI
0.0085554784,2004,OWID_
0.0085151987,1983,BGD
0.0084701777,1980,ISL
0.0084649567,1988,BTN
0.0084633678,2005,GEO
0.0084480839,2012,DZA
0.0084311599,2001,CUB
0.0084167831,2004,SAU
0.0083131213,1996,NAM
0.0083040912,2008,ETH
0.0081690783,1980,KEN
0.0081677921,2015,OWID_
0.008161108,2008,AZE
0.0081258984,2006,MDG
0.0081239315,2008,NAM
0.008109807,2009,KHM
0.0080417078,1992,BTN
0.0079697501,1987,BTN
0.0077907499,1998,NGA
0.0077896649,2009,MDG
0.0077212634,1989,MDG
0.0076978067,1986,TUN
0.0076978067,1991,TUN
0.0076184585,1989,BTN
0.0076184585,1990,BTN
0.0076184585,1991,BTN
0.0075587835,2004,CYP
0.0075434237,1993,MDG
0.0075229937,2006,GEO
0.007384147,2016,OWID_
0.0073015704,2008,KHM
0.0072613163,2014,OWID_
0.0071678185,1986,CYP
0.0071678185,2006,CYP
0.0071296073,2008,MDG
0.007127312,1981,MDG
0.007127312,1982,MDG
0.007127312,1987,MDG
0.007127312,1988,MDG
0.0071255215,1992,NAM
0.0071195941,2004,PAN
0.0070517473,2010,OMN
0.0070046075,1990,MDG
0.0070046075,1991,MDG
0.0070046075,1992,MDG
0.0069269994,2016,MOZ
0.0069071753,2001,CYP
0.0069071753,2002,CYP
0.0069071753,2003,CYP
0.0069071753,2005,CYP
0.0068765557,2002,SAU
0.0068478785,1994,OWID_
0.006780107,2011,OMN
0.0067768535,1984,CYP
0.0065945997,2006,ECU
0.0065826196,2004,GEO
0.0065333862,1983,MDG
0.0065333862,1986,MDG
0.0065317214,1997,NAM
0.0065162103,2007,CYP
0.0064923,1997,NGA
0.0064657917,1994,MDG
0.0064657917,1997,MDG
0.0064657917,1998,MDG
0.0063858884,2000,CYP
0.0062253256,1995,OWID_
0.0062061823,2009,OMN
0.0060687982,1999,LAO
0.0060118223,1994,TUN
0.0059394352,1980,MDG
0.005937947,1994,NAM
0.0059230411,2008,TTO
0.0059061171,2011,TTO
0.0059004924,2002,PAN
0.0058883103,1989,DOM
0.005858927,1991,SAU
0.0058516124,2003,OWID_
0.0057116812,1988,DOM
0.0056422451,2001,GEO
0.0056422451,2003,GEO
0.0055463766,2006,NAM
0.0054975473,2007,MDG
0.0054622618,1988,JAM
0.0054373425,2010,AZE
0.0054249838,2003,NAM
0.0053881598,1995,MDG
0.0053881598,1996,MDG
0.0053881598,2000,MDG
0.0053881598,2001,MDG
0.0053881598,2002,MDG
0.0053881598,2003,MDG
0.0053881598,2004,MDG
0.0053441473,1993,NAM
0.00534329,2008,CYP
0.0052329437,2009,NAM
0.0052329437,2012,NAM
0.0051938249,1993,NGA
0.0051938249,1996,NGA
0.0051938249,2004,NGA
0.0051938249,2005,NGA
0.0051938249,2006,NGA
0.0051260535,1995,VAT
0.0050706659,2013,OMN
0.0050649913,2011,NAM
0.0049755038,2002,OWID_
0.0049276073,1989,NPL
0.0048889928,1993,MRT
0.0048889928,1994,MRT
0.0047666663,2009,ECU
0.0046707978,1982,MRT
0.0046707978,1983,MRT
0.0046707978,1984,MRT
0.0046707978,1985,MRT
0.0046690069,1996,OWID_
0.0046557151,1993,BTN
0.0046436084,2009,AZE
0.0046222708,2005,PAN
0.004570717,1988,FJI
0.004373204,1995,AZE
0.004373204,1996,AZE
0.004373204,1997,AZE
0.0043105278,1999,MDG
0.0042886352,2012,AZE
0.0042037885,1992,AFG
0.004157607,1984,MDG
0.0041239108,2002,AZE
0.0041202786,2011,AZE
0.004040048,1993,CYP
0.0040250407,2007,TTO
0.0040035518,1980,MRT
0.0040035518,1981,MRT
0.0040035518,1987,MRT
0.0040035518,1988,MRT
0.0040035518,1989,MRT
0.0040035518,1990,MRT
0.0040035518,1991,MRT
0.0040035518,1992,MRT
0.0039621121,2013,AZE
0.0039230939,2004,BTN
0.0039097262,1999,CYP
0.0037628841,1981,CHE
0.0037147102,2012,CHE
0.0037103973,2014,OMN
0.0036783149,1993,AFG
0.0036614668,1992,VAT
0.0036122336,2015,TTO
0.0035627733,1999,NAM
0.0035189628,2005,AZE
0.0035187611,1994,CYP
0.0035187611,2010,CYP
0.003493312,2012,OMN
0.0033884142,1992,CYP
0.0033884142,1998,CYP
0.0033362804,1986,MRT
0.0033000617,2006,PAN
0.0032704261,2004,AZE
0.0032627082,2011,SGP
0.0031528415,1994,AFG
0.003135741,1982,CHE
0.0031126628,1997,OWID_
0.0030801517,2011,TUN
0.0030531392,2008,ECU
0.0029755312,2016,NAM
0.0029233219,2008,JOR
0.0029221112,2000,NAM
0.0029154778,1993,AZE
0.0028671275,2009,CYP
0.0028580979,1987,FJI
0.0028561307,2010,TTO
0.0028211225,2002,GEO
0.0028024837,1995,MRT
0.0027898727,2015,CYP
0.0027246487,1980,MAC
0.0027198063,2006,TTO
0.0026432071,2015,NAM
0.0026273679,1995,AFG
0.0026064841,1995,CYP
0.0025807072,2011,CHE
0.0025461027,1996,ARM
0.0025461027,1997,ARM
0.0025461027,1998,ARM
0.0025350051,1983,TZA
0.0025350051,1985,TZA
0.0025350051,1986,TZA
0.00253498,1990,TZA
0.00253498,1991,TZA
0.00253498,1992,TZA
0.002531802,2013,CHE
0.0024994926,2003,AZE
0.002476793,1997,CYP
0.0024667042,1996,TUN
0.0024490489,1998,OWID_
0.0024364379,2014,TTO
0.0023759052,1985,MDG
0.0023607721,2013,NAM
0.0023582499,1980,URY
0.0023582499,2010,URY
0.002345639,1996,CYP
0.0023229392,2016,CHE
0.0022901506,2001,OWID_
0.00225484,2013,TUN
0.0021438636,2009,TTO
0.0021161195,2008,OMN
0.002111075,2005,TTO
0.002111075,2005,ECU
0.0020354092,1996,MRT
0.0020076651,2010,DZA
0.0019900098,2014,TUN
0.001979921,2015,CHE
0.0019471325,1980,HKG
0.0019471325,2000,NGA
0.0019168662,2001,TUN
0.0019118219,2013,CUB
0.0019017331,1984,TZA
0.0019017331,1987,TZA
0.0019017331,1988,TZA
0.0019017331,1989,TZA
0.0018815555,1983,CHE
0.001873989,2006,TUN
0.0018689446,2015,CUB
0.0018588558,2014,CYP
0.0018008454,2012,TUN
0.001795801,2001,SAU
0.0017857122,1999,OWID_
0.0017680569,2009,URY
0.0017680569,2012,URY
0.0017655346,2003,TTO
0.001755446,2014,NAM
0.0017377905,2001,AZE
0.0017176131,2007,ECU
0.0016974355,2010,CHE
0.0016949133,2011,CYP
0.0016747358,2010,NAM
0.0016722135,1992,SAU
0.0016671692,1981,SGP
0.0016570804,2004,TUN
0.0016369029,2012,TTO
0.0015763702,1996,AFG
0.0015612371,2007,PAN
0.0015284485,1993,ARM
0.0015284485,1995,ARM
0.0015284485,1999,ARM
0.0015284485,2007,ARM
0.0015133155,1990,SGP
0.0015032267,1990,MAC
0.0015032267,2014,CHE
0.0014729603,2014,AZE
0.001467916,1993,MAC
0.001467916,1994,MAC
0.0014351275,1991,MAC
0.0014351275,1992,MAC
0.0014351275,1996,MAC
0.0014250387,2011,DZA
0.0013619839,1980,GRL
0.0013619839,1981,GRL
0.0013443285,2010,TUN
0.0013064956,2004,TTO
0.0012913625,1997,MRT
0.0012686627,1981,TZA
0.0012686627,1982,TZA
0.0012610962,1995,MAC
0.0012535296,1984,CHE
0.0012409186,2004,ECU
0.0012283077,2016,CUB
0.0012232633,2016,TUN
0.0011778638,1981,URY
0.0011778638,2006,URY
0.0011778638,2007,URY
0.0011778638,2008,URY
0.0011778638,2011,URY
0.0011778638,2014,CUB
0.0011652529,1989,SGP
0.0011299422,1991,SGP
0.00112742,2009,JOR
0.0011148091,2004,JOR
0.0011122868,1980,SGP
0.0011122868,1982,SGP
0.0011122868,1983,SGP
0.0011122868,1985,SGP
0.0010946315,1992,SGP
0.0010694095,2004,MAC
0.0010593208,1995,TUN
0.0010567986,2002,TTO
0.0010517542,1997,AFG
0.0010517542,1998,AFG
0.0010416654,1998,TUN
0.0010189657,2008,ARM
0.0010189657,2012,ARM
0.00099374377,2003,ECU
0.00099122163,1992,TTO
0.00098869938,2002,NAM
0.00098113285,1994,SGP
0.00097608846,1997,TUN
0.00097356626,2005,OMN
0.00094582216,1997,SGP
0.00093573338,2003,MAC
0.00093068898,1995,SGP
0.00091303367,2005,SGP
0.00091051147,2007,MAC
0.00088781171,1993,SGP
0.00087772298,2010,KWT
0.00084493443,1995,TTO
0.0008373679,1986,LAO
0.0008348457,2005,MAC
0.00082223472,2006,MAC
0.00081466814,1993,PNG
0.00081466814,1994,PNG
0.00081466814,1995,PNG
0.00080457935,2001,ECU
0.00079196843,2007,JOR
0.00077935745,1996,SGP
0.00076926866,2001,CHE
0.00076674647,2003,TUN
0.00075917994,1995,JOR
0.00075413554,1997,TTO
0.00075413554,2005,JOR
0.00074909115,2008,TUN
0.00074404676,1994,TTO
0.00072891358,1994,AZE
0.00072891358,1998,AZE
0.00072639139,2000,MAC
0.00071882486,2013,TTO
0.00071630266,1980,SUR
0.00071630266,1981,SUR
0.00071630266,1982,SUR
0.00071630266,1983,SUR
0.00071630266,1984,SUR
0.00071378046,2001,TTO
0.00071378046,2009,CHE
0.00071125827,2002,ECU
0.00070369168,2001,MAC
0.0006910807,2013,ARM
0.00068603631,2016,ARM
0.00068351417,1997,MAC
0.00068351417,1998,MAC
0.00068099197,1981,MAC
0.00068099197,1982,MAC
0.00068099197,1982,GRL
0.00068099197,1983,MAC
0.00068099197,1983,GRL
0.00068099197,1984,MAC
0.00068099197,1984,GRL
0.00067846978,1996,PNG
0.00066838099,1985,PNG
0.00066838099,1986,PNG
0.00066838099,1987,PNG
0.00066838099,1988,PNG
0.00066838099,1989,PNG
0.00066838099,1990,PNG
0.00066838099,1991,PNG
0.00066838099,1992,PNG
0.00066838099,2007,OMN
0.0006633366,1998,SGP
0.0006633366,2000,OWID_
0.00065829221,2015,ARM
0.00065324781,2002,MAC
0.00064820342,1996,CUB
0.00064568123,1997,PNG
0.00064568123,1998,PNG
0.00064568123,1998,MRT
0.0006330703,1980,TZA
0.0006330703,1999,MAC
0.00062802591,1980,CHE
0.00062802591,2009,TUN
0.00062550372,2008,SGP
0.00061289273,1991,TTO
0.00061037054,2006,KWT
0.0006053262,2003,CHE
0.00059523742,2009,KWT
0.00059271522,2014,ARM
0.00059019303,1982,URY
0.00059019303,1990,URY
0.00059019303,1996,URY
0.00059019303,1997,URY
0.00059019303,1998,URY
0.00059019303,1999,URY
0.00059019303,2000,URY
0.00059019303,2001,URY
0.00059019303,2002,URY
0.00059019303,2003,URY
0.00059019303,2004,URY
0.00059019303,2005,URY
0.00055488234,1984,SGP
0.00055488234,1986,SGP
0.00055488234,1987,SGP
0.00055488234,1988,SGP
0.00055488234,2003,JOR
0.00054983795,1986,BTN
0.00053470477,2000,TTO
0.00052966038,2000,LKA
0.00052461604,1999,AFG
0.00052461604,2000,AFG
0.00050948287,2006,ARM
0.00050948287,2010,ARM
0.00050696067,1983,BTN
0.00050443847,1998,TTO
0.00049939408,2001,NAM
0.00049182749,2007,KWT
0.0004893053,2004,SGP
0.00046660559,1982,BTN
0.0004615612,1981,BTN
0.00045651683,2015,TUN
0.00044390585,1980,BTN
0.00042372831,1985,BTN
0.00041868395,1985,LAO
0.00041868395,1987,LAO
0.00041868395,1988,LAO
0.00041868395,1989,LAO
0.00041868395,1990,LAO
0.00041868395,1991,LAO
0.00041868395,1992,LAO
0.00041868395,1993,LAO
0.00041868395,1994,LAO
0.00040607297,1996,JOR
0.00039850641,1998,LKA
0.00039850641,2007,ETH
0.00039598421,2006,JOR
0.00038841763,1997,LKA
0.00038841763,2007,CHE
0.00038085107,1984,BTN
0.00037832887,1996,LKA
0.00036824009,1995,LKA
0.00036067353,1994,LKA
0.00035310694,1991,LKA
0.00034554035,1993,LKA
0.00034301815,2000,SAU
0.00034301815,2005,TUN
0.00034301815,2007,TUN
0.00033797379,2005,KWT
0.00032788501,1992,LKA
0.00031527405,2002,SGP
0.00031275186,2001,SGP
0.00031022966,2008,KWT
0.00030770747,1999,SGP
0.00030518527,1990,LKA
0.00030014091,1996,TTO
0.00030014091,2001,LKA
0.00028752993,2004,OMN
0.00028500773,2010,SGP
0.00027239678,1999,TTO
0.00026987458,1993,TTO
0.00026987458,2016,URY
0.00026735238,2007,SGP
0.00026230802,1999,TUN
0.00026230802,2006,SGP
0.00022346625,2006,KHM
0.00020429758,2003,SGP
0.00019446104,2000,SGP
0.00017024799,2009,SGP
0.00016747357,1984,LAO
0.00016570804,2015,URY
0.00015965478,1999,LKA
0.00015637593,2005,NAM
0.00015410596,1998,JOR
0.00014174721,2000,KHM
0.00014149499,2016,TTO
0.00013039734,2012,CYP
0.00013039734,2013,CYP
0.00012913626,2004,FJI
0.00012560518,1983,LAO
0.00011198534,2005,KHM
0.00010164436,1999,JOR
0.00010113991,2015,AZE
0.00010113991,2016,AZE
9.4329997E-05,2016,CYP
8.3736784E-05,1982,LAO
8.1466816E-05,2003,OMN
7.7935743E-05,2000,TUN
7.3900235E-05,2002,KWT
7.3648021E-05,2002,OMN
7.33958E-05,2016,CRI
7.1125825E-05,2013,URY
6.7090317E-05,2004,KWT
6.6585882E-05,2014,URY
6.5577005E-05,2005,WLD
6.1037055E-05,2006,CHE
6.0280399E-05,2014,CRI
5.8514863E-05,2013,CRI
5.1957162E-05,1997,JOR
4.8930531E-05,2000,JOR
4.4138367E-05,2002,TUN
4.1868392E-05,1981,LAO
4.1616175E-05,2001,KWT
4.1616175E-05,2002,JOR
4.1616175E-05,2003,KWT
3.9093982E-05,1996,HND
3.8589544E-05,2006,WLD
3.7580667E-05,1980,LAO
3.5310695E-05,2001,JOR
3.3545159E-05,2001,KHM
2.6987458E-05,1994,HND
2.62308E-05,1998,HND
2.2699731E-05,2002,ETH
1.9572213E-05,2004,NAM
1.7529237E-05,2003,KHM
1.6242919E-05,2004,WLD
1.4199944E-05,1994,JOR
1.3947724E-05,2002,KHM
1.3266732E-05,1997,HND
1.1299422E-05,2000,KWT
9.2060027E-06,2015,GHA
9.2060027E-06,2016,GHA
8.3736786E-06,2006,OMN
6.1037058E-06,2015,CRI
6.0784837E-06,2006,ETH
4.338171E-06,1995,CRI
3.5562912E-06,1996,CRI
3.5562912E-06,2004,CRI
3.5058474E-06,2005,CRI
3.3545159E-06,1998,CRI
3.2031844E-06,2011,CRI
3.1527404E-06,2010,CRI
2.7744115E-06,1994,CRI
2.7744115E-06,2004,ETH
2.7491897E-06,1997,CRI
2.3229393E-06,1995,HND
2.214485E-06,2003,ETH
2.2018739E-06,2001,CRI
2.2018739E-06,2012,CRI
2.1539522E-06,2002,CRI
2.1060307E-06,2003,CRI
1.717613E-06,2008,CRI
1.5587149E-06,2009,CRI
1.4527828E-06,2006,CRI
1.3317176E-06,2007,Err:502
1.152642E-06,2007,CRI
1.1072425E-06,2001,ETH
1.0063548E-06,1999,CRI
5.5992672E-07,2000,CRI
3.2536283E-07,2004,KHM
