TZA,1961,1.3
TZA,1960,1.4
TZA,1962,1.4
ETH,1961,1.5
ETH,1962,1.5
ETH,1963,1.5
TZA,1963,1.5
TZA,1964,1.6
ETH,1964,1.7
ETH,1978,1.7
TZA,1965,1.7
ETH,1965,1.8
ETH,1977,1.8
ETH,1992,1.8
ETH,1966,1.9
ETH,1976,1.9
ETH,1979,1.9
ETH,1981,1.9
ETH,1982,1.9
ETH,1983,1.9
ETH,1984,1.9
ETH,1985,1.9
ETH,1991,1.9
BWA,1968,2
ETH,1968,2
ETH,1975,2
ETH,1980,2
ETH,1986,2
TZA,1966,2
ETH,1967,2.1
ETH,1969,2.1
ETH,1974,2.1
ETH,1987,2.1
ETH,1990,2.1
TZA,1986,2.1
ETH,1970,2.2
ETH,1988,2.2
ETH,1989,2.2
TZA,1983,2.2
TZA,1985,2.2
ETH,1971,2.3
ETH,1972,2.3
ETH,1973,2.3
TZA,1967,2.3
TZA,1968,2.3
TZA,1984,2.3
TZA,1987,2.3
TZA,1989,2.3
TZA,1969,2.4
TZA,1970,2.4
TZA,1988,2.4
BWA,1967,2.5
ETH,1993,2.5
TZA,1995,2.5
TZA,1996,2.5
ETH,1994,2.6
TZA,1982,2.6
TZA,1990,2.6
TZA,1993,2.6
TZA,1994,2.6
TZA,1997,2.6
TZA,1971,2.7
TZA,1975,2.7
TZA,1981,2.7
TZA,1991,2.7
TZA,1992,2.7
TZA,1972,2.8
TZA,1973,2.8
TZA,1974,2.8
TZA,1978,2.8
TZA,1998,2.8
ETH,1995,2.9
TZA,1977,2.9
TZA,1980,2.9
TZA,1999,2.9
TZA,1976,3
TZA,1979,3
TZA,2000,3
ETH,1996,3.1
TZA,2001,3.1
ETH,1997,3.3
TZA,2002,3.3
ETH,1998,3.4
BWA,1966,3.5
ETH,1999,3.6
FIN,1805,3.6
TZA,2003,3.6
NGA,1999,3.8
BWA,1969,3.9
ETH,2000,3.9
NGA,1998,3.9
NGA,2000,3.9
TZA,2004,4
BWA,1964,4.1
ETH,2001,4.1
NGA,2001,4.1
MWI,1995,4.2
ETH,2002,4.3
MWI,1993,4.3
MWI,1994,4.3
MWI,1997,4.3
MWI,1998,4.3
MWI,2001,4.3
NGA,1997,4.3
NGA,2002,4.3
MWI,1982,4.4
MWI,1996,4.4
NGA,1996,4.4
ETH,2003,4.5
KEN,1969,4.5
KEN,1975,4.5
KEN,1977,4.5
MWI,1987,4.5
MWI,1988,4.5
MWI,1989,4.5
NGA,2003,4.5
NGA,2004,4.5
TZA,2005,4.5
KEN,1976,4.6
KEN,1978,4.6
KEN,1979,4.6
MWI,1981,4.6
MWI,1999,4.6
MWI,2000,4.6
MWI,2002,4.6
NGA,1995,4.6
BWA,1965,4.7
KEN,1980,4.7
MWI,1990,4.7
MWI,1991,4.7
MWI,1992,4.7
NGA,2005,4.7
KEN,1970,4.8
KEN,1972,4.8
KEN,1981,4.8
ETH,2004,4.9
JPN,1872,4.9
KEN,1973,4.9
KEN,1974,4.9
KEN,1982,4.9
MWI,1983,4.9
MWI,1984,4.9
TZA,2006,4.9
MWI,2003,5
NGA,1994,5
NGA,2006,5
THA,1960,5
KEN,1971,5.1
KEN,1983,5.1
KEN,1984,5.1
MWI,1967,5.1
MWI,1968,5.1
TZA,2007,5.1
BWA,1971,5.2
MWI,1969,5.2
MWI,1971,5.2
MWI,1985,5.2
NGA,1960,5.2
NGA,1993,5.2
NGA,2007,5.2
TZA,2008,5.2
THA,1961,5.2
ZMB,1999,5.2
KEN,1985,5.3
MWI,1970,5.3
MWI,2004,5.3
TZA,2009,5.3
THA,1962,5.3
TZA,2010,5.4
ZMB,2000,5.4
BWA,1970,5.5
ETH,2005,5.5
MWI,1973,5.5
NGA,1961,5.5
NGA,2008,5.5
TZA,2011,5.5
THA,1963,5.5
ZMB,2001,5.5
KEN,1986,5.6
NGA,1992,5.6
ZMB,1998,5.6
MWI,1966,5.7
MWI,1974,5.7
MWI,1986,5.7
NGA,1987,5.7
NGA,2009,5.7
THA,1964,5.7
ZMB,1995,5.7
ZMB,1996,5.7
MWI,1976,5.8
MWI,1980,5.8
MWI,2005,5.8
NGA,1986,5.8
KEN,1987,5.9
MWI,1977,5.9
NGA,1989,5.9
NGA,1990,5.9
THA,1965,5.9
ZMB,2002,5.9
MWI,1972,6
NGA,1962,6
NGA,1988,6
NGA,1991,6
NGA,2010,6
BWA,1972,6.1
ETH,2006,6.1
KEN,1988,6.1
THA,1966,6.1
ZMB,1997,6.1
MWI,1975,6.2
ZMB,2003,6.2
NGA,1984,6.3
NGA,1985,6.3
THA,1967,6.3
ZMB,1994,6.3
MWI,1979,6.4
ETH,2007,6.5
KEN,1989,6.5
MWI,1978,6.5
NGA,1963,6.5
THA,1968,6.5
ZMB,1993,6.5
ZMB,2004,6.5
JPN,1880,6.6
MWI,2006,6.6
NGA,2011,6.6
SEN,1973,6.7
THA,1969,6.7
ZMB,2005,6.7
ZMB,2008,6.7
KEN,1990,6.8
NGA,1964,6.8
NGA,1968,6.8
ZMB,2006,6.8
NGA,1983,6.9
THA,1970,6.9
ZMB,2007,6.9
SEN,1972,7
SEN,1978,7
ZMB,1992,7
ZMB,2009,7
SEN,1970,7.1
SEN,1971,7.1
SEN,1980,7.1
ETH,2008,7.2
KEN,1991,7.2
SEN,1975,7.2
SEN,1981,7.2
SEN,1985,7.2
THA,1971,7.2
ZMB,1991,7.2
ZMB,2010,7.2
CHN,1952,7.3
SEN,1983,7.3
SEN,1984,7.3
SEN,1986,7.3
NGA,1967,7.4
SEN,1974,7.4
SEN,1989,7.4
CHN,1963,7.5
MWI,2007,7.5
NGA,1971,7.5
SEN,1979,7.5
SEN,1990,7.5
THA,1972,7.5
SEN,1982,7.6
SEN,1987,7.6
SEN,1988,7.6
SEN,1991,7.6
BWA,1973,7.7
KEN,1992,7.7
SEN,1976,7.7
CHN,1962,7.8
CHN,1964,7.8
ETH,2009,7.8
NGA,1969,7.8
NGA,1974,7.8
CHN,1953,7.9
SEN,1977,7.9
SEN,1992,7.9
KOR,1955,7.9
THA,1973,7.9
BWA,1977,8
IDN,1961,8
ZMB,1990,8
BWA,1976,8.1
SEN,1993,8.1
ZMB,1989,8.1
BWA,1978,8.2
MWI,2008,8.2
NGA,1965,8.2
NGA,1966,8.2
NGA,1970,8.2
NGA,1975,8.2
THA,1974,8.2
ZMB,1988,8.2
CHN,1965,8.3
KEN,1993,8.3
NGA,1972,8.3
ZMB,1986,8.3
BWA,1974,8.4
CHN,1955,8.4
SEN,1994,8.4
ZMB,1987,8.4
CHN,1954,8.5
CHN,1967,8.5
CHN,1968,8.5
MWI,2009,8.5
THA,1975,8.5
THA,1978,8.5
CHN,1966,8.6
ETH,2010,8.7
ZMB,1985,8.7
NGA,1973,8.8
THA,1976,8.8
BWA,1975,8.9
CHN,1957,8.9
KEN,1994,8.9
SEN,1995,8.9
CHN,1969,9
NGA,1977,9
NGA,1982,9
ZMB,1982,9
ZMB,1984,9
MWI,2010,9.1
NGA,1976,9.2
THA,1977,9.2
ZMB,1983,9.2
SEN,1996,9.3
NGA,1978,9.4
NGA,1979,9.4
NGA,1981,9.4
ZMB,1981,9.4
FIN,1880,9.6
ZMB,1979,9.6
ZMB,1980,9.6
NGA,1980,9.7
SEN,1997,9.7
BWA,1979,9.9
BWA,1983,9.9
ETH,2011,9.9
KEN,1995,9.9
THA,1984,9.9
IDN,1971,10
CHN,1970,10.1
THA,1985,10.1
ZMB,1978,10.1
THA,1981,10.2
THA,1983,10.3
THA,1986,10.3
THA,1988,10.3
ZMB,1977,10.3
JPN,1890,10.4
SEN,1998,10.4
BWA,1982,10.5
KEN,1996,10.5
ZMB,1971,10.5
BWA,1984,10.6
BWA,1985,10.6
CHN,1956,10.6
SEN,1999,10.6
THA,1980,10.6
ZMB,1976,10.6
BWA,1980,10.7
IND,1975,10.7
IND,1980,10.7
IDN,1972,10.7
THA,1987,10.7
CHN,1961,10.8
IND,1974,10.8
THA,1979,10.8
ZMB,1968,10.8
IND,1979,10.9
IDN,1973,10.9
SEN,2000,10.9
ZMB,1970,10.9
BWA,1981,11
CHN,1971,11
IND,1973,11
IND,1976,11
IND,1981,11
IND,1982,11
IND,1972,11.1
BWA,2010,11.2
IND,1971,11.2
IND,1977,11.2
KEN,1997,11.2
THA,1989,11.2
ZMB,1967,11.2
ZMB,1975,11.2
IND,1970,11.3
ZMB,1973,11.3
BOL,1961,11.4
GHA,1983,11.4
IND,1967,11.4
IND,1968,11.4
IND,1985,11.4
IDN,1974,11.4
SEN,2001,11.4
THA,1982,11.4
BWA,2009,11.5
HKG,2010,11.5
IND,1983,11.5
IND,1984,11.5
ZMB,1972,11.5
HKG,2011,11.6
IND,1960,11.6
IND,1986,11.6
IDN,1976,11.6
KOR,1963,11.6
KOR,1964,11.6
ZMB,1974,11.6
IND,1969,11.7
IND,1978,11.7
IDN,1975,11.7
CHN,1972,11.8
IND,1961,11.8
IND,1966,11.8
IND,1987,11.8
IND,1962,11.9
KEN,1998,11.9
SEN,2002,11.9
BOL,1958,12
HKG,2009,12
BWA,1986,12.1
BWA,2008,12.1
CHN,1973,12.1
EGY,1960,12.1
IND,1965,12.1
IND,1988,12.1
SEN,2003,12.1
BOL,1959,12.2
IND,1991,12.2
IDN,1977,12.2
IND,1963,12.3
ZMB,1965,12.3
ZMB,1969,12.3
CHN,1974,12.4
HKG,2008,12.4
IND,1964,12.4
BOL,1960,12.5
BOL,1962,12.5
GHA,1982,12.5
GHA,1984,12.5
IDN,1978,12.5
ESP,1877,12.5
IDN,1979,12.6
KEN,1999,12.6
BOL,1987,12.7
BOL,1988,12.7
IND,1989,12.7
IND,1992,12.7
BOL,1957,12.8
BOL,1986,12.8
BWA,2006,12.8
SEN,2004,12.8
ZMB,1966,12.8
BOL,1963,12.9
IND,1990,12.9
KEN,2000,12.9
GHA,1966,13
HKG,2007,13
BOL,1950,13.1
IDN,1983,13.1
MAR,1960,13.1
SEN,2006,13.1
IDN,1980,13.2
SEN,2005,13.2
SEN,2008,13.2
BOL,1964,13.3
CHN,1975,13.3
IND,1993,13.3
IDN,1982,13.3
KEN,2001,13.3
SWE,1850,13.3
THA,1990,13.3
SEN,2009,13.4
BWA,2005,13.5
HKG,2006,13.5
IDN,1981,13.5
BWA,1987,13.6
SEN,2007,13.6
ESP,1900,13.6
GHA,1965,13.7
PHL,1973,13.7
PHL,1986,13.7
KOR,1965,13.7
KOR,1966,13.7
BOL,1989,13.8
BWA,2007,13.8
FIN,1920,13.8
HKG,2005,13.8
JPN,1900,13.8
KEN,2002,13.8
SEN,2010,13.9
IDN,1984,14
SWE,1854,14
BOL,1985,14.1
GHA,1985,14.1
IDN,1992,14.1
MAR,1962,14.1
PHL,2009,14.1
SWE,1852,14.1
BOL,1951,14.2
CHN,1976,14.2
IND,1994,14.2
PER,2003,14.2
SWE,1853,14.2
SWE,1855,14.2
SWE,1858,14.2
GHA,1964,14.3
HKG,2004,14.3
IDN,1985,14.3
IDN,1991,14.3
KEN,2003,14.3
MAR,1964,14.3
PHL,1974,14.3
PHL,2012,14.3
SWE,1851,14.3
BOL,1966,14.4
GHA,1972,14.4
GHA,1981,14.4
PHL,2008,14.4
GHA,1967,14.5
GHA,1968,14.5
GHA,1986,14.5
PHL,1985,14.5
PHL,2010,14.5
USA,1840,14.5
CHN,1977,14.6
GHA,1995,14.6
GHA,1996,14.6
IDN,1986,14.6
MAR,1963,14.6
PHL,2011,14.6
SWE,1857,14.6
BOL,1965,14.7
MAR,1965,14.7
PHL,1982,14.7
PHL,1983,14.7
THA,1991,14.7
FIN,1910,14.8
GHA,1994,14.8
KEN,2004,14.8
PER,2005,14.8
PHL,2006,14.8
THA,1992,14.8
USA,2010,14.8
USA,2011,14.8
USA,2012,14.8
USA,2013,14.8
USA,2014,14.8
EGY,1961,14.9
GHA,1991,14.9
GHA,1997,14.9
PHL,2007,14.9
SWE,1856,14.9
USA,2015,14.9
BOL,1953,15
GHA,1987,15
GHA,1993,15
GHA,1998,15
GHA,2007,15
GHA,2009,15
GHA,2010,15
PHL,1972,15
PHL,1981,15
PHL,1987,15
SWE,1859,15
BOL,1952,15.1
CRI,1952,15.1
FIN,1900,15.1
GHA,1969,15.1
GHA,1992,15.1
GHA,1999,15.1
GHA,2001,15.1
IND,1995,15.1
IDN,1987,15.1
PER,2004,15.1
PHL,1984,15.1
BOL,1968,15.2
BOL,1990,15.2
COL,1975,15.2
CRI,1951,15.2
GHA,2002,15.2
GHA,2003,15.2
PER,2002,15.2
PHL,1977,15.2
PHL,1978,15.2
BOL,1967,15.3
GHA,2000,15.3
GHA,2004,15.3
GHA,2005,15.3
GHA,2006,15.3
MAR,1966,15.3
PHL,2002,15.3
PHL,2005,15.3
USA,2009,15.3
CHN,1960,15.4
CRI,1950,15.4
GHA,1971,15.4
GHA,2008,15.4
IND,1996,15.4
PER,2001,15.4
PER,2006,15.4
PHL,1990,15.4
BOL,1956,15.5
EGY,1967,15.5
GHA,1962,15.5
GHA,1970,15.5
GHA,1988,15.5
GHA,1990,15.5
KEN,2005,15.5
MAR,1961,15.5
PER,1999,15.5
BWA,2004,15.6
BRA,1950,15.6
BRA,1951,15.6
COL,1952,15.6
HKG,2003,15.6
IDN,1988,15.6
KEN,2006,15.6
MAR,1967,15.6
PHL,1979,15.6
PHL,2003,15.6
PHL,2004,15.6
BRA,1952,15.7
BRA,1953,15.7
GHA,1963,15.7
IND,1997,15.7
IND,1998,15.7
IDN,1993,15.7
MEX,1950,15.7
PHL,1975,15.7
PHL,1976,15.7
PHL,2000,15.7
SWE,1860,15.7
BRA,1954,15.8
BRA,1955,15.8
BRA,1956,15.8
COL,1951,15.8
EGY,1962,15.8
KEN,2007,15.8
PER,2000,15.8
BOL,1954,15.9
BRA,1957,15.9
BRA,1958,15.9
BRA,1959,15.9
BRA,1960,15.9
COL,1974,15.9
FIN,1930,15.9
GHA,1989,15.9
MYS,1975,15.9
PHL,1988,15.9
PHL,1993,15.9
PHL,1999,15.9
PHL,2001,15.9
ESP,1860,15.9
SWE,1861,15.9
SWE,1862,15.9
BOL,1983,16
BWA,1988,16
BWA,1997,16
BWA,2003,16
COL,1976,16
CRI,1953,16
CRI,1959,16
GHA,1961,16
IND,1999,16
KEN,2008,16
KEN,2009,16
MEX,1951,16
MAR,1968,16
PHL,1980,16
PHL,1995,16
PHL,1998,16
ESP,1887,16
COL,1950,16.1
COL,1977,16.1
IDN,1989,16.1
PHL,1971,16.1
GHA,1960,16.2
KEN,2010,16.2
PHL,1989,16.2
PHL,1994,16.2
KOR,1967,16.2
SWE,1863,16.2
BOL,1970,16.3
BRA,1961,16.3
CRI,1961,16.3
KEN,2011,16.3
MAR,1969,16.3
NLD,2011,16.3
ESP,1910,16.3
THA,1998,16.3
COL,1953,16.4
CRI,1958,16.4
GHA,1979,16.4
NLD,2010,16.4
PHL,1991,16.4
PHL,1992,16.4
EGY,1973,16.5
GHA,1974,16.5
MEX,1952,16.5
THA,1993,16.5
BOL,1955,16.6
EGY,1968,16.6
GHA,1973,16.6
IDN,1998,16.6
MEX,1954,16.6
PER,1985,16.6
PER,2007,16.6
BOL,1969,16.7
BOL,1971,16.7
BRA,1962,16.7
COL,1973,16.7
HKG,2002,16.7
IND,2000,16.7
IDN,1990,16.7
MEX,1953,16.7
PER,1986,16.7
PER,2009,16.7
USA,2008,16.7
ARG,2002,16.8
MEX,1955,16.8
NLD,2009,16.8
BOL,1972,16.9
BOL,1982,16.9
BOL,1984,16.9
BWA,1998,16.9
BWA,2002,16.9
COL,1979,16.9
COL,2001,16.9
CRI,1960,16.9
EGY,1969,16.9
GHA,1980,16.9
NLD,2007,16.9
PER,2008,16.9
SWE,1867,16.9
THA,1994,16.9
COL,1999,17
CRI,1954,17
CRI,1955,17
EGY,1974,17
NLD,2008,17
PER,1979,17
PHL,1996,17
PHL,1997,17
THA,1999,17
BOL,1993,17.1
BWA,1995,17.1
BRA,1963,17.1
BRA,1972,17.1
CHN,1978,17.1
COL,1958,17.1
COL,1978,17.1
COL,1985,17.1
CRI,1962,17.1
GHA,2011,17.1
MAR,1970,17.1
PER,1960,17.1
PER,1998,17.1
PER,2011,17.1
SWE,1868,17.1
COL,1986,17.2
CRI,1964,17.2
EGY,1966,17.2
NLD,2006,17.2
SWE,1864,17.2
SWE,1869,17.2
CHN,1979,17.3
COL,1960,17.3
EGY,1970,17.3
EGY,1971,17.3
IND,2001,17.3
MEX,1956,17.3
MEX,1958,17.3
PER,1990,17.3
PER,1991,17.3
SWE,1865,17.3
USA,2007,17.3
BWA,1996,17.4
COL,1954,17.4
CRI,1963,17.4
EGY,1963,17.4
EGY,1972,17.4
NLD,2005,17.4
PER,1992,17.4
PER,1993,17.4
PER,2010,17.4
SWE,1870,17.4
BRA,1964,17.5
COL,1959,17.5
COL,1963,17.5
GHA,1975,17.5
PER,1963,17.5
PER,1984,17.5
PER,1987,17.5
SWE,1866,17.5
COL,1961,17.6
COL,1964,17.6
COL,1965,17.6
COL,1972,17.6
EGY,1964,17.6
THA,2000,17.6
USA,2006,17.6
BOL,1991,17.7
COL,1955,17.7
COL,1982,17.7
CRI,2010,17.7
HKG,2001,17.7
JPN,1910,17.7
MEX,1959,17.7
PER,1980,17.7
KOR,1970,17.7
USA,2005,17.7
BWA,1994,17.8
COL,1956,17.8
COL,1957,17.8
COL,1980,17.8
COL,1981,17.8
GHA,1976,17.8
IDN,2006,17.8
IDN,2007,17.8
IDN,2009,17.8
MEX,1960,17.8
MAR,1971,17.8
NLD,2004,17.8
PER,1981,17.8
SWE,1871,17.8
USA,2003,17.8
USA,2004,17.8
BRA,1965,17.9
CHN,1980,17.9
COL,1962,17.9
COL,1984,17.9
COL,2000,17.9
CRI,1956,17.9
EGY,1965,17.9
IND,2005,17.9
IDN,2003,17.9
IDN,2008,17.9
MEX,1957,17.9
PER,1961,17.9
PER,1962,17.9
PER,1964,17.9
PER,1983,17.9
BOL,1973,18
BWA,2000,18
CHN,1981,18
COL,1983,18
COL,2003,18
CRI,2011,18
GHA,1978,18
IND,2006,18
KOR,1968,18
SWE,1872,18
GBR,2009,18
BWA,1999,18.1
BWA,2001,18.1
COL,1966,18.1
COL,1987,18.1
COL,1989,18.1
CRI,1957,18.1
IND,2003,18.1
IDN,1999,18.1
IDN,2000,18.1
IDN,2004,18.1
IDN,2005,18.1
NLD,2003,18.1
PER,1982,18.1
PER,1997,18.1
KOR,1971,18.1
ARG,2000,18.2
BOL,1981,18.2
CHN,1982,18.2
COL,1988,18.2
IDN,2010,18.2
TWN,1963,18.2
USA,2002,18.2
ARG,2001,18.3
BOL,1992,18.3
BRA,1966,18.3
THA,1997,18.3
ARG,2003,18.4
CHN,1983,18.4
COL,2002,18.4
GHA,1977,18.4
IND,2004,18.4
IDN,1996,18.4
PER,1965,18.4
PER,1969,18.4
PER,1994,18.4
PER,1995,18.4
KOR,1969,18.4
VEN,2003,18.4
BRA,1971,18.5
HKG,2000,18.5
MUS,1970,18.5
MEX,1961,18.5
PER,1989,18.5
PER,1996,18.5
KOR,1972,18.5
THA,1995,18.5
THA,2001,18.5
GBR,2010,18.5
BOL,1974,18.6
BRA,2003,18.6
COL,1967,18.6
COL,1971,18.6
CRI,2009,18.6
IND,2002,18.6
IDN,1995,18.6
NLD,2002,18.6
PER,1968,18.6
COL,1998,18.7
CRI,1965,18.7
CRI,1966,18.7
IDN,2001,18.7
MYS,1976,18.7
MAR,1972,18.7
PER,1988,18.7
BRA,1967,18.8
BRA,1999,18.8
BRA,2001,18.8
BRA,2002,18.8
DNK,2011,18.8
PER,1966,18.8
PER,1978,18.8
ARG,1999,18.9
BWA,1993,18.9
BRA,1998,18.9
BRA,2004,18.9
COL,1968,18.9
CRI,1967,18.9
IDN,1994,18.9
IDN,2002,18.9
GBR,2008,18.9
GBR,2011,18.9
BOL,1975,19
BOL,1994,19
BRA,1973,19
EGY,1977,19
IND,2007,19
MEX,1962,19
MAR,1973,19
NLD,2001,19
PER,1967,19
BRA,1997,19.1
BRA,2000,19.1
BRA,2006,19.1
EGY,1976,19.1
IDN,2011,19.1
USA,2001,19.1
VEN,2002,19.1
VEN,2004,19.1
BWA,1989,19.2
BRA,1968,19.2
COL,2007,19.2
COL,2009,19.2
EGY,1975,19.2
HKG,1999,19.2
IND,2010,19.2
MYS,1977,19.2
MYS,1978,19.2
PER,1970,19.2
BRA,1995,19.3
COL,2004,19.3
EGY,1978,19.3
IDN,1997,19.3
NLD,2000,19.3
THA,2008,19.3
BOL,1995,19.4
BRA,1996,19.4
COL,1969,19.4
COL,1997,19.4
DNK,2010,19.4
THA,1996,19.4
THA,2003,19.4
BEL,2007,19.5
COL,1970,19.5
EGY,1979,19.5
EGY,1980,19.5
IND,2008,19.5
NLD,1999,19.5
GBR,2007,19.5
BOL,1976,19.6
BOL,1980,19.6
BOL,2001,19.6
BRA,1969,19.6
BRA,1994,19.6
BRA,2005,19.6
BRA,2007,19.6
CHN,1984,19.6
COL,1996,19.6
TWN,1964,19.6
THA,2002,19.6
GBR,2006,19.6
VEN,1950,19.6
ARG,2004,19.7
BRA,1974,19.7
COL,1990,19.7
CRI,1968,19.7
FRA,2007,19.7
IND,2009,19.7
MYS,1979,19.7
MEX,1963,19.7
VEN,2005,19.7
BEL,2006,19.8
BOL,1996,19.8
BRA,2011,19.8
FRA,2006,19.8
NLD,1998,19.8
BOL,1979,19.9
BRA,1992,19.9
BRA,1993,19.9
BRA,2010,19.9
CRI,1969,19.9
MUS,1971,19.9
MAR,1974,19.9
PER,1976,19.9
SWE,1873,19.9
GBR,2005,19.9
VEN,1951,19.9
ARG,2009,20
BEL,2005,20
CRI,1970,20
CRI,1982,20
DNK,2009,20
FIN,1940,20
FRA,2005,20
MEX,1964,20
THA,2005,20
USA,1860,20
ARG,2005,20.1
BWA,1992,20.1
BRA,1970,20.1
BRA,2009,20.1
CHN,1959,20.1
COL,1991,20.1
FRA,2004,20.1
IDN,2012,20.1
NLD,1997,20.1
PER,1977,20.1
VEN,1953,20.1
ARG,1998,20.2
ARG,2010,20.2
BOL,1977,20.2
BOL,1978,20.2
THA,2004,20.2
THA,2011,20.2
ARG,2006,20.3
BEL,2004,20.3
CRI,2008,20.3
MYS,1987,20.3
NLD,1996,20.3
KOR,1973,20.3
SWE,1875,20.3
SWE,1882,20.3
BRA,1984,20.4
COL,2008,20.4
COL,2010,20.4
PER,1972,20.4
PER,1973,20.4
THA,2006,20.4
THA,2010,20.4
USA,2000,20.4
VEN,2001,20.4
BRA,1975,20.5
BRA,2008,20.5
COL,1994,20.5
CRI,1983,20.5
FRA,2003,20.5
HKG,1998,20.5
MYS,1980,20.5
MYS,1986,20.5
THA,2007,20.5
THA,2009,20.5
GBR,2004,20.5
VEN,1952,20.5
VEN,1961,20.5
ARG,2008,20.6
CHN,1985,20.6
COL,2005,20.6
ZAF,2011,20.6
ARG,2011,20.7
BEL,2003,20.7
BOL,1999,20.7
SWE,1874,20.7
USA,1999,20.7
VEN,1963,20.7
CRI,1971,20.8
EGY,2004,20.8
FRA,2002,20.8
PER,1971,20.8
PER,1975,20.8
USA,1850,20.8
ARG,2007,20.9
BRA,1991,20.9
CHL,2010,20.9
COL,1992,20.9
COL,2006,20.9
EGY,2003,20.9
NLD,1995,20.9
VEN,1960,20.9
VEN,1962,20.9
CHN,2002,21
CRI,1984,21
CRI,2006,21
EGY,1993,21
MYS,1981,21
MYS,1988,21
SWE,1884,21
GBR,2003,21
USA,1998,21
BOL,1998,21.1
BWA,1990,21.1
CHN,1990,21.1
CHN,1991,21.1
CHN,2003,21.1
CRI,2005,21.1
DNK,2006,21.1
DNK,2007,21.1
DNK,2008,21.1
EGY,1992,21.1
EGY,1994,21.1
FRA,2001,21.1
USA,1997,21.1
BEL,2002,21.2
BRA,1976,21.2
CRI,2004,21.2
DNK,2005,21.2
EGY,1987,21.2
EGY,1995,21.2
FRA,2000,21.2
MEX,1965,21.2
ZAF,2010,21.2
USA,1996,21.2
VEN,2011,21.2
ARG,1997,21.3
BOL,2006,21.3
BRA,1983,21.3
CHN,1989,21.3
CHN,1992,21.3
COL,1993,21.3
DNK,2004,21.3
EGY,1986,21.3
EGY,2005,21.3
JPN,1920,21.3
JPN,1930,21.3
TWN,1965,21.3
USA,1995,21.3
VEN,1996,21.3
VEN,1999,21.3
CRI,2007,21.4
EGY,2002,21.4
FRA,1999,21.4
NLD,1994,21.4
SWE,1876,21.4
VEN,1966,21.4
VEN,2010,21.4
ARG,1996,21.5
BOL,1997,21.5
BRA,1978,21.5
BRA,1985,21.5
CHL,1983,21.5
CHL,2005,21.5
CHL,2009,21.5
EGY,1988,21.5
EGY,1989,21.5
TWN,1966,21.5
USA,1994,21.5
VEN,1964,21.5
VEN,2000,21.5
CHL,2011,21.6
CHN,1986,21.6
CRI,2003,21.6
EGY,1991,21.6
MYS,1982,21.6
MYS,1985,21.6
MEX,1966,21.6
ZAF,2003,21.6
SWE,1880,21.6
USA,1993,21.6
VEN,1967,21.6
VEN,2006,21.6
BRA,1977,21.7
BRA,1979,21.7
EGY,1990,21.7
SWE,1877,21.7
GBR,2002,21.7
VEN,1965,21.7
DNK,2003,21.8
EGY,1981,21.8
EGY,1985,21.8
FRA,1998,21.8
NLD,1993,21.8
ZAF,2002,21.8
SWE,1883,21.8
USA,1992,21.8
VEN,1954,21.8
VEN,2009,21.8
BEL,2001,21.9
CHN,1987,21.9
CHN,2001,21.9
CRI,2002,21.9
EGY,1982,21.9
EGY,1996,21.9
HKG,1997,21.9
ZAF,1999,21.9
SWE,1881,21.9
VEN,1969,21.9
ARG,1994,22
ARG,1995,22
BEL,2000,22
BWA,1991,22
CHL,2004,22
CHL,2006,22
CHN,1993,22
CHN,2004,22
EGY,1983,22
EGY,1984,22
ZAF,2006,22
ESP,1920,22
BOL,2000,22.1
BOL,2002,22.1
BRA,1980,22.1
CHL,2007,22.1
CHN,1988,22.1
CHN,2000,22.1
COL,1995,22.1
EGY,2006,22.1
MYS,1983,22.1
PER,1974,22.1
ZAF,2000,22.1
ZAF,2001,22.1
VEN,1970,22.1
VEN,1995,22.1
VEN,2008,22.1
BEL,1999,22.2
BRA,1990,22.2
CHL,2003,22.2
CHL,2008,22.2
CRI,1972,22.2
EGY,2001,22.2
FRA,1997,22.2
ZAF,1960,22.2
ZAF,2009,22.2
USA,1991,22.2
BRA,1982,22.3
CHN,1994,22.3
DNK,2002,22.3
MEX,1967,22.3
KOR,1974,22.3
VEN,1968,22.3
CHL,2001,22.4
CHL,2002,22.4
EGY,2000,22.4
ZAF,2004,22.4
ZAF,2005,22.4
VEN,2007,22.4
CRI,1973,22.5
EGY,1997,22.5
MYS,1984,22.5
NLD,1992,22.5
GBR,2001,22.5
BEL,1998,22.6
CHN,1995,22.6
CHN,1999,22.6
FRA,1996,22.6
ZAF,1961,22.6
ARG,1993,22.7
BOL,2008,22.7
EGY,1999,22.7
JPN,1950,22.7
JPN,2012,22.7
MAR,1975,22.7
SWE,1885,22.7
CHL,1985,22.8
CHL,2000,22.8
EGY,1998,22.8
EGY,2007,22.8
JPN,2011,22.8
MEX,1968,22.8
MAR,1987,22.8
ZAF,1998,22.8
VEN,1958,22.8
BEL,1997,22.9
BRA,1988,22.9
BRA,1989,22.9
DNK,2001,22.9
MYS,1989,22.9
ZAF,1962,22.9
ZAF,2007,22.9
ZAF,2008,22.9
SWE,1878,22.9
SWE,1887,22.9
SWE,1891,22.9
VEN,1955,22.9
VEN,1994,22.9
BRA,1987,23
FRA,1995,23
HKG,1996,23
JPN,2010,23
MAR,1984,23
USA,1990,23
VEN,1998,23
CHL,1999,23.1
CHN,1996,23.1
CHN,1998,23.1
CRI,2001,23.1
DNK,2000,23.1
MAR,1986,23.1
MAR,1994,23.1
MAR,1999,23.1
NLD,1991,23.1
GBR,2000,23.1
VEN,1957,23.1
VEN,1989,23.1
BRA,1986,23.2
CHL,1984,23.2
CRI,2000,23.2
FRA,1994,23.2
JPN,1953,23.2
JPN,1955,23.2
MUS,1972,23.2
MAR,1980,23.2
MAR,1995,23.2
MAR,1996,23.2
SWE,1879,23.2
SWE,1888,23.2
BEL,1996,23.3
CHN,1997,23.3
CHN,2005,23.3
EGY,2008,23.3
MEX,1969,23.3
MAR,1993,23.3
MAR,2000,23.3
MAR,2001,23.3
SWE,1892,23.3
VEN,1959,23.3
CRI,1974,23.4
CRI,1985,23.4
DNK,1999,23.4
EGY,2011,23.4
MAR,1998,23.4
MAR,2002,23.4
MAR,2004,23.4
ZAF,1963,23.4
SWE,1890,23.4
SWE,1893,23.4
TWN,1967,23.4
BOL,2005,23.5
BOL,2007,23.5
BRA,1981,23.5
CHL,1986,23.5
EGY,2012,23.5
MEX,1971,23.5
MAR,1989,23.5
USA,1989,23.5
VEN,1956,23.5
VEN,1997,23.5
EGY,2010,23.6
JPN,1954,23.6
JPN,2009,23.6
MAR,1985,23.6
MAR,1992,23.6
MAR,2003,23.6
MAR,2005,23.6
VEN,1971,23.6
BEL,1995,23.7
BOL,2009,23.7
CRI,1975,23.7
MAR,1983,23.7
MAR,1997,23.7
NLD,1990,23.7
SWE,1894,23.7
BOL,2010,23.8
DNK,1998,23.8
MEX,1970,23.8
MAR,1979,23.8
MAR,1988,23.8
NLD,1989,23.8
SWE,1889,23.8
GBR,1999,23.8
CRI,1981,23.9
CRI,1988,23.9
EGY,2009,23.9
MAR,1991,23.9
FRA,1993,24
MAR,1978,24
MAR,1981,24
NLD,1988,24
ZAF,1997,24
ESP,1940,24
USA,1988,24
VEN,1990,24
CRI,1998,24.1
DNK,1997,24.1
MAR,1976,24.1
MAR,2006,24.1
KOR,1975,24.1
TWN,1968,24.1
USA,1987,24.1
VEN,1984,24.1
VEN,1985,24.1
BEL,1994,24.2
CHL,1982,24.2
CRI,1999,24.2
JPN,1956,24.2
MAR,1982,24.2
NLD,1987,24.2
HKG,1995,24.3
MEX,1972,24.3
BOL,2003,24.4
BOL,2004,24.4
CRI,1987,24.4
DNK,1994,24.4
MAR,1990,24.4
NLD,1986,24.4
SWE,1896,24.4
CRI,1986,24.5
DNK,1996,24.5
USA,1932,24.5
ARG,1992,24.6
CRI,1997,24.6
DNK,1993,24.6
MYS,1990,24.6
ZAF,1996,24.6
SWE,1886,24.6
GBR,1997,24.6
VEN,1987,24.6
ARG,1991,24.7
BEL,1993,24.7
CHN,2006,24.7
CRI,1976,24.7
CRI,1996,24.7
NLD,1985,24.7
ZAF,1964,24.7
GBR,1998,24.7
USA,1986,24.7
VEN,1986,24.7
CHL,1953,24.8
DNK,1995,24.8
JPN,2008,24.8
MEX,1973,24.8
MEX,1977,24.9
MAR,2007,24.9
NLD,1984,24.9
VEN,1972,24.9
VEN,1975,24.9
CRI,1995,25
DNK,1992,25
FRA,1992,25
MEX,1995,25
MAR,2012,25
TWN,1969,25
GBR,1996,25
USA,1933,25
CRI,1977,25.1
FIN,2004,25.1
HKG,1994,25.1
MAR,1977,25.1
MAR,2009,25.1
VEN,1974,25.1
CHL,1952,25.2
FIN,2005,25.2
FIN,2006,25.2
FIN,2007,25.2
NLD,1983,25.2
VEN,1988,25.2
VEN,1993,25.2
ARG,1990,25.3
CHL,1987,25.3
CRI,1989,25.3
MAR,2011,25.3
GBR,1994,25.3
GBR,1995,25.3
USA,1985,25.3
DNK,1991,25.4
MEX,1975,25.4
MAR,2008,25.4
MAR,2010,25.4
SWE,1895,25.4
USA,1983,25.4
BEL,1992,25.5
CRI,1978,25.5
CRI,1980,25.5
MUS,1962,25.5
MEX,1983,25.5
MEX,2004,25.5
ESP,1950,25.5
GBR,1993,25.5
FIN,2003,25.6
JPN,1957,25.6
JPN,2007,25.6
ZAF,1965,25.6
KOR,2007,25.6
KOR,2008,25.6
KOR,2009,25.6
FIN,1994,25.7
FRA,1886,25.7
FRA,1991,25.7
ITA,1951,25.7
JPN,2005,25.7
JPN,2006,25.7
MEX,1978,25.7
MEX,2003,25.7
MEX,2009,25.7
MEX,2011,25.7
SWE,2010,25.7
USA,1880,25.7
USA,1984,25.7
DNK,1990,25.8
MEX,1974,25.8
MEX,1984,25.8
MEX,2010,25.8
VEN,1991,25.8
BEL,1991,25.9
CHL,1958,25.9
FIN,1993,25.9
JPN,1940,25.9
SWE,2009,25.9
VEN,1973,25.9
VEN,1983,25.9
VEN,1992,25.9
ARG,1989,26
CRI,1979,26
DNK,1983,26
DNK,1989,26
MEX,1976,26
NLD,1982,26
ZAF,1966,26
ZAF,1995,26
KOR,2006,26
USA,1982,26
CHN,1958,26.1
FIN,2002,26.1
FRA,1866,26.1
MEX,1986,26.1
MEX,1988,26.1
MEX,1996,26.1
MEX,2002,26.1
SWE,1897,26.1
VEN,1976,26.1
BEL,1990,26.2
CRI,1990,26.2
CRI,1993,26.2
FIN,1995,26.2
FIN,1996,26.2
FRA,1990,26.2
JPN,2004,26.2
MEX,1985,26.2
MEX,1987,26.2
NLD,1807,26.2
KOR,2010,26.2
ARG,1982,26.3
BEL,1988,26.3
BEL,1989,26.3
CHN,2007,26.3
DNK,1982,26.3
MYS,1991,26.3
ZAF,1994,26.3
GBR,1992,26.3
USA,1934,26.3
CHL,1998,26.4
DNK,1988,26.4
FRA,1989,26.4
ITA,1952,26.4
MEX,1994,26.4
ZAF,1993,26.4
SWE,2006,26.4
USA,1938,26.4
CHL,1996,26.5
CRI,1994,26.5
ZAF,1967,26.5
SWE,1898,26.5
USA,1870,26.5
FIN,1992,26.6
FIN,1997,26.6
FIN,2001,26.6
FRA,1988,26.6
ITA,2011,26.6
JPN,1958,26.6
MEX,2005,26.6
KOR,2005,26.6
SWE,2005,26.6
TWN,1970,26.6
ARG,1988,26.7
CHL,1963,26.7
CHL,1995,26.7
CHN,2008,26.7
ITA,2010,26.7
MEX,2006,26.7
ZAF,1968,26.7
SWE,2004,26.7
SWE,2007,26.7
USA,1931,26.7
VEN,1982,26.7
ARG,1983,26.8
ARG,1985,26.8
BEL,1987,26.8
DNK,1984,26.8
MEX,2007,26.8
MEX,2008,26.8
KOR,1976,26.8
USA,1935,26.8
VEN,1981,26.8
CHL,1994,26.9
CRI,1992,26.9
FIN,1998,26.9
FRA,1856,26.9
HKG,1993,26.9
JPN,2003,26.9
MEX,1979,26.9
MEX,1993,26.9
ZAF,1992,26.9
CHL,1988,27
CHL,1997,27
DNK,1981,27
FIN,1999,27
FIN,2000,27
FRA,1987,27
MEX,1989,27
MEX,2001,27
SWE,2008,27
CRI,1991,27.1
NLD,1981,27.1
KOR,2002,27.1
VEN,1977,27.1
CHL,1961,27.2
CHL,1962,27.2
DNK,1985,27.2
DNK,1987,27.2
ZAF,1969,27.2
KOR,1999,27.2
KOR,2001,27.2
KOR,2004,27.2
SWE,2003,27.2
USA,1890,27.2
CHN,2009,27.3
JPN,1959,27.3
MYS,2009,27.3
MYS,2010,27.3
KOR,2003,27.3
ESP,1994,27.3
USA,1936,27.3
ARG,1986,27.4
ARG,1987,27.4
CHL,1980,27.4
CHL,1992,27.4
ITA,1953,27.4
ITA,2009,27.4
JPN,2002,27.4
SWE,1899,27.4
SWE,1994,27.4
USA,1981,27.4
BEL,1986,27.5
MEX,1980,27.5
MEX,1992,27.5
MEX,1997,27.5
SWE,1902,27.5
CHL,1951,27.6
CHL,1991,27.6
MEX,1991,27.6
ESP,1995,27.6
SWE,2002,27.6
GBR,1991,27.6
VEN,1980,27.6
DNK,1986,27.7
FIN,1991,27.7
FRA,1986,27.7
MEX,1982,27.7
KOR,1998,27.7
SWE,1901,27.7
SWE,1993,27.7
ARG,1953,27.8
CHL,1990,27.8
MUS,1973,27.8
MEX,1998,27.8
ZAF,1971,27.8
ESP,1993,27.8
ESP,1996,27.8
USA,1939,27.8
USA,1980,27.8
CHL,1993,27.9
MYS,2011,27.9
MEX,1990,27.9
MEX,1999,27.9
ZAF,1970,27.9
ZAF,1972,27.9
ZAF,1991,27.9
KOR,2000,27.9
SWE,2000,27.9
USA,1975,27.9
CHL,1960,28
ITA,2008,28
MEX,1981,28
KOR,1977,28
SWE,1900,28
SWE,2001,28
VEN,1979,28
ARG,1984,28.1
BEL,1985,28.1
FIN,1950,28.1
JPN,2001,28.1
NLD,1980,28.1
KOR,1981,28.1
SWE,1999,28.1
CHN,2010,28.2
FRA,1985,28.2
ITA,1954,28.2
ITA,2006,28.2
JPN,1960,28.2
MEX,2000,28.2
KOR,1982,28.2
USA,1900,28.2
USA,1976,28.2
ITA,2007,28.3
MYS,1992,28.3
SWE,1995,28.3
SWE,1996,28.3
CHL,1964,28.4
ESP,1997,28.4
SWE,1992,28.4
SWE,1997,28.4
VEN,1978,28.4
CHL,1989,28.5
DNK,1980,28.5
FRA,1896,28.5
ITA,2004,28.5
ITA,2005,28.5
ESP,2007,28.5
TWN,1971,28.5
USA,1977,28.5
MYS,2007,28.6
ESP,1985,28.6
ESP,1998,28.6
ESP,2006,28.6
SWE,1998,28.6
USA,1945,28.6
BEL,1984,28.7
CHL,1950,28.7
CHL,1957,28.7
CHL,1969,28.7
ITA,1955,28.7
ITA,2002,28.7
ITA,2003,28.7
ZAF,1973,28.7
ZAF,1975,28.7
USA,1978,28.7
CHL,1972,28.8
CHL,1981,28.8
FRA,1984,28.8
ITA,2001,28.8
JPN,2000,28.8
SGP,2011,28.8
ZAF,1978,28.8
ESP,1986,28.8
USA,1937,28.8
USA,1979,28.8
CHL,1970,28.9
MYS,2008,28.9
MUS,1983,28.9
MUS,2011,28.9
SGP,1970,28.9
ZAF,1977,28.9
USA,1930,28.9
CHN,2011,29
FIN,1990,29
ITA,2000,29
ESP,1987,29
ESP,1992,29
ESP,2005,29
USA,1940,29
CHL,1968,29.1
FIN,1988,29.1
JPN,1999,29.1
MYS,1993,29.1
ZAF,1976,29.1
ZAF,1990,29.1
ESP,1999,29.1
ESP,2004,29.1
SWE,1903,29.1
SWE,1909,29.1
GBR,1990,29.1
BEL,1983,29.2
CHL,1971,29.2
FIN,1989,29.2
FRA,1906,29.2
JPN,1961,29.2
NLD,1979,29.2
SGP,2010,29.2
ESP,1988,29.2
ESP,2003,29.2
SWE,1908,29.2
DNK,1979,29.3
FRA,1921,29.3
ITA,1956,29.3
MUS,2010,29.3
KOR,1980,29.3
ESP,1984,29.3
SWE,1904,29.3
FIN,1987,29.4
FRA,1901,29.4
SGP,1995,29.4
SGP,2004,29.4
ZAF,1974,29.4
KOR,1983,29.4
ESP,2000,29.4
SWE,1910,29.4
ITA,1999,29.5
JPN,1998,29.5
ZAF,1989,29.5
ESP,2002,29.5
CHL,1978,29.6
SGP,2003,29.6
SGP,2005,29.6
ZAF,1979,29.6
SWE,1991,29.6
GBR,1988,29.6
FRA,1946,29.7
ESP,2001,29.7
SWE,1907,29.7
ARG,1950,29.8
CHL,1967,29.8
CHL,1977,29.8
DNK,1978,29.8
ITA,1997,29.8
ITA,1998,29.8
ESP,1989,29.8
ESP,1991,29.8
GBR,1989,29.8
USA,1971,29.8
ARG,1954,29.9
FIN,1986,29.9
FRA,1983,29.9
HKG,1992,29.9
ITA,1996,29.9
KOR,1978,29.9
SWE,1905,29.9
USA,1974,29.9
ARG,1975,30
BEL,1982,30
CHL,1965,30
CHL,1966,30
CHL,1979,30
MYS,2005,30
MUS,2009,30
NLD,1978,30
SGP,2006,30
ZAF,1988,30
ESP,1990,30
GBR,1987,30
USA,1972,30
DNK,1977,30.1
JPN,1962,30.1
SGP,1996,30.1
ARG,1952,30.2
CHL,1973,30.2
MYS,2006,30.2
ITA,1957,30.3
MYS,2004,30.3
SGP,2009,30.3
ESP,1983,30.3
TWN,1972,30.3
GBR,1986,30.3
USA,1910,30.3
ARG,1981,30.4
CHL,1959,30.4
CHL,1976,30.4
FIN,1985,30.4
ITA,1958,30.4
ITA,1995,30.4
NLD,1977,30.4
SWE,1906,30.4
SWE,1911,30.4
USA,1929,30.4
USA,1973,30.4
ARG,1951,30.5
FRA,1936,30.5
ITA,1994,30.5
JPN,1963,30.5
JPN,1997,30.5
SGP,2002,30.5
ZAF,1987,30.5
KOR,1979,30.5
SWE,1990,30.5
DNK,1976,30.6
ITA,1993,30.6
JPN,1996,30.6
SWE,1922,30.6
USA,1970,30.6
ARG,1967,30.7
ARG,1979,30.7
FRA,1982,30.7
SGP,1971,30.7
SGP,2007,30.7
ZAF,1986,30.7
ARG,1963,30.8
DNK,1975,30.8
FIN,1984,30.8
ITA,1959,30.8
ITA,1992,30.8
MYS,1994,30.8
NLD,1976,30.8
ESP,1982,30.8
USA,1944,30.8
CHL,1955,30.9
CHL,1975,30.9
JPN,1995,30.9
MUS,1974,30.9
SWE,1912,30.9
SWE,1918,30.9
SWE,1921,30.9
SWE,1923,30.9
JPN,1964,31
JPN,1987,31
MUS,2006,31
NLD,1849,31
ZAF,1983,31
ZAF,1984,31
KOR,1984,31
KOR,1985,31
GBR,1985,31
BEL,1981,31.1
JPN,1983,31.1
ZAF,1980,31.1
KOR,1997,31.1
FIN,1983,31.2
JPN,1965,31.2
JPN,1982,31.2
JPN,1984,31.2
JPN,1986,31.2
NLD,1975,31.2
ZAF,1985,31.2
USA,1961,31.2
ARG,1966,31.3
FRA,1981,31.3
ITA,1991,31.3
JPN,1966,31.3
JPN,1985,31.3
MUS,1982,31.3
MUS,2005,31.3
NLD,1859,31.3
SGP,2008,31.3
SWE,1917,31.3
SWE,1989,31.3
GBR,1984,31.3
ARG,1955,31.4
ARG,1978,31.4
JPN,1978,31.4
JPN,1979,31.4
MUS,1975,31.4
MUS,2008,31.4
SGP,1994,31.4
SWE,1919,31.4
ARG,1956,31.5
ARG,1968,31.5
ARG,1976,31.5
FIN,1982,31.5
SGP,1997,31.5
ZAF,1982,31.5
SWE,1915,31.5
USA,1962,31.5
USA,1963,31.5
USA,1964,31.5
ARG,1964,31.6
FIN,1960,31.6
JPN,1977,31.6
JPN,1981,31.6
JPN,1988,31.6
JPN,1994,31.6
NLD,1889,31.6
USA,1958,31.6
USA,1968,31.6
USA,1969,31.6
ARG,1965,31.7
ARG,1977,31.7
ITA,1960,31.7
JPN,1980,31.7
ZAF,1981,31.7
SWE,1916,31.7
SWE,1920,31.7
SWE,1986,31.7
SWE,1987,31.7
SWE,1988,31.7
CHL,1956,31.8
HKG,1991,31.8
ITA,1990,31.8
SGP,1973,31.8
ESP,1981,31.8
SWE,1913,31.8
SWE,1985,31.8
USA,1941,31.8
USA,1946,31.8
USA,1960,31.8
USA,1967,31.8
ITA,1989,31.9
SWE,1984,31.9
ITA,1987,32
ITA,1988,32
NLD,1974,32
SGP,2001,32
GBR,1983,32
USA,1965,32
ARG,1959,32.1
ARG,1962,32.1
ARG,1973,32.1
FIN,1981,32.1
JPN,1967,32.1
JPN,1968,32.1
JPN,1976,32.1
JPN,1989,32.1
JPN,1993,32.1
KOR,1986,32.1
TWN,1973,32.1
FIN,1978,32.2
FRA,1980,32.2
JPN,1975,32.2
JPN,1990,32.2
SWE,1914,32.2
USA,1959,32.2
ARG,1972,32.3
ARG,1974,32.3
FIN,1979,32.3
JPN,1969,32.3
MYS,1995,32.3
MYS,2002,32.3
MUS,2007,32.3
KOR,1996,32.3
SWE,1983,32.3
ARG,1971,32.4
BEL,1980,32.4
MYS,2003,32.4
USA,1966,32.4
ARG,1969,32.5
ARG,1970,32.5
BEL,1846,32.5
FRA,1979,32.5
ITA,1986,32.5
JPN,1992,32.5
SGP,1975,32.5
SWE,1924,32.5
FIN,1970,32.6
JPN,1970,32.6
JPN,1991,32.6
MYS,1998,32.6
MYS,1999,32.6
MUS,2004,32.6
NLD,1899,32.6
NLD,1973,32.6
SGP,1998,32.6
ARG,1980,32.7
FIN,1980,32.7
TWN,1974,32.7
USA,1920,32.7
FIN,1971,32.8
FRA,1926,32.8
JPN,1971,32.8
MUS,1984,32.8
USA,1943,32.8
CHL,1954,32.9
DNK,1974,32.9
FIN,1977,32.9
ITA,1961,32.9
ESP,1970,32.9
SWE,1933,32.9
SWE,1982,32.9
ARG,1957,33
ITA,1985,33
JPN,1972,33
GBR,1982,33
DNK,1952,33.1
FRA,1911,33.1
FRA,1978,33.1
SGP,1976,33.1
SGP,1977,33.1
KOR,1994,33.1
KOR,1995,33.1
USA,1954,33.1
BEL,1979,33.2
MYS,2000,33.2
SGP,1993,33.2
ESP,1980,33.2
USA,1949,33.2
USA,1957,33.2
CHL,1974,33.3
DNK,1955,33.3
FRA,1931,33.3
JPN,1974,33.3
NLD,1972,33.3
ESP,1971,33.3
TWN,1975,33.3
DNK,1953,33.4
DNK,1956,33.4
FIN,1976,33.4
USA,1955,33.4
MUS,1980,33.5
MUS,1981,33.5
KOR,1993,33.5
USA,1956,33.5
DNK,1951,33.6
FIN,1972,33.6
HKG,1990,33.6
MYS,1996,33.6
MYS,2001,33.6
SWE,1927,33.6
SWE,1932,33.6
USA,1942,33.6
DNK,1950,33.7
JPN,1973,33.7
NLD,1971,33.7
SGP,1999,33.7
SWE,1926,33.7
DNK,1958,33.8
FRA,1977,33.8
SGP,1972,33.8
ESP,1972,33.8
SWE,1981,33.8
USA,1947,33.8
ARG,1960,33.9
ITA,1984,33.9
NLD,1949,33.9
SGP,2000,33.9
USA,1952,33.9
DNK,1954,34
DNK,1957,34
ITA,1962,34
USA,1950,34
ARG,1961,34.1
DNK,1973,34.1
ESP,1979,34.1
GBR,1981,34.1
USA,1951,34.1
KOR,1987,34.2
SWE,1925,34.2
ARG,1958,34.3
BEL,1978,34.3
FRA,1976,34.3
NLD,1909,34.3
ESP,1973,34.3
DNK,1972,34.4
SGP,1992,34.4
ESP,1978,34.4
USA,1953,34.4
FIN,1975,34.5
MYS,1997,34.5
NLD,1970,34.5
SWE,1929,34.5
SWE,1980,34.5
ESP,1974,34.6
SWE,1928,34.6
SWE,1934,34.6
TWN,2003,34.6
FIN,1973,34.7
FIN,1974,34.7
MUS,1976,34.7
MUS,1985,34.7
SWE,1931,34.7
TWN,1976,34.7
DEU,1991,34.8
ESP,1975,34.8
ESP,1976,34.8
SWE,1979,34.8
USA,1948,34.8
FRA,1975,34.9
SGP,1978,34.9
KOR,1992,34.9
ESP,1977,34.9
TWN,2009,34.9
TWN,2010,34.9
DNK,1971,35
NLD,1930,35
SGP,1974,35
KOR,1988,35
TWN,2002,35
TWN,2004,35
ITA,1965,35.1
MUS,1977,35.1
KOR,1989,35.1
ESP,1964,35.1
SWE,1978,35.2
TWN,2012,35.2
ITA,1966,35.3
NLD,1969,35.3
KOR,1990,35.3
TWN,2011,35.3
DNK,1959,35.4
ITA,1963,35.4
BEL,1977,35.5
FRA,1954,35.5
DEU,1988,35.5
DEU,1990,35.5
ITA,1983,35.5
NLD,1968,35.5
SWE,1930,35.5
TWN,2005,35.5
DEU,1987,35.6
HKG,1989,35.6
NLD,1920,35.6
NLD,1947,35.6
SGP,1979,35.6
SGP,1991,35.6
FRA,1974,35.7
ITA,1964,35.7
ITA,1967,35.7
MUS,1979,35.7
TWN,2001,35.7
TWN,2006,35.7
MUS,2003,35.8
GBR,1980,35.8
FRA,1970,35.9
FRA,1971,35.9
FRA,1972,35.9
FRA,1973,35.9
DEU,1989,35.9
NLD,1967,35.9
SGP,1986,35.9
KOR,1991,35.9
SWE,1935,35.9
SWE,1977,35.9
TWN,1977,35.9
TWN,2007,35.9
TWN,2008,35.9
MUS,1978,36.1
NLD,1966,36.1
SGP,1980,36.1
SGP,1987,36.1
SWE,1940,36.1
BEL,1856,36.3
DNK,1960,36.3
DNK,1970,36.3
ITA,1968,36.3
TWN,1996,36.3
ITA,1982,36.4
BEL,1976,36.5
NLD,1960,36.5
SGP,1985,36.5
SWE,1941,36.5
TWN,2000,36.5
DNK,1961,36.6
DNK,1963,36.6
DNK,1969,36.6
DEU,1986,36.6
TWN,1999,36.6
NLD,1961,36.7
SGP,1990,36.7
DNK,1962,36.8
SGP,1983,36.8
SGP,1988,36.8
GBR,1979,36.8
DNK,1965,36.9
DNK,1968,36.9
SWE,1936,36.9
DNK,1966,37
DNK,1967,37
ITA,1969,37
ITA,1981,37
NLD,1962,37
SWE,1976,37
TWN,1997,37
DNK,1964,37.1
NLD,1965,37.1
TWN,1995,37.1
TWN,1998,37.1
ITA,1978,37.2
SGP,1989,37.2
ITA,1976,37.3
ITA,1979,37.3
MUS,2002,37.3
TWN,1993,37.3
GBR,1801,37.3
GBR,1978,37.3
DEU,1984,37.4
ITA,1977,37.4
NLD,1963,37.4
TWN,1994,37.4
BEL,1975,37.5
DEU,1983,37.5
DEU,1985,37.5
ITA,1980,37.5
NLD,1964,37.5
SGP,1982,37.5
SWE,1937,37.5
SWE,1975,37.5
TWN,1978,37.6
ITA,1971,37.7
ITA,1973,37.7
TWN,1992,37.7
GBR,1977,37.7
DEU,1982,37.8
HKG,1988,37.8
ITA,1970,37.8
ITA,1972,37.8
SWE,1938,37.8
GBR,1976,37.8
ITA,1974,37.9
ITA,1975,37.9
MUS,1988,37.9
SGP,1981,37.9
SGP,1984,37.9
SWE,1942,38
SWE,1972,38
SWE,1974,38
FRA,1962,38.1
TWN,1991,38.1
MUS,1987,38.2
MUS,2001,38.2
SWE,1971,38.3
SWE,1973,38.3
MUS,2000,38.4
GBR,1975,38.4
DEU,1981,38.5
BEL,1974,38.6
SWE,1939,38.6
MUS,1997,38.7
SWE,1943,38.7
TWN,1983,38.8
TWN,1990,38.8
BEL,1973,39
TWN,1982,39
MUS,1998,39.2
MUS,1999,39.2
SWE,1944,39.2
BEL,1972,39.3
TWN,1985,39.3
TWN,1986,39.3
MUS,1996,39.4
DEU,1980,39.5
TWN,1979,39.5
HKG,1987,39.6
BEL,1866,39.8
DEU,1950,39.8
GBR,1974,39.8
BEL,1880,39.9
BEL,1971,39.9
DEU,1978,39.9
TWN,1989,39.9
DEU,1979,40
TWN,1984,40
GBR,1973,40
HKG,1986,40.1
MUS,1986,40.1
MUS,1995,40.1
SWE,1970,40.1
TWN,1981,40.2
TWN,1988,40.2
BEL,1970,40.3
TWN,1980,40.3
GBR,1972,40.3
FRA,1968,40.4
TWN,1987,40.5
MUS,1989,40.7
SWE,1945,40.7
DEU,1975,40.9
DEU,1977,40.9
SWE,1969,40.9
HKG,1985,41
GBR,1861,41
DEU,1951,41.2
DEU,1976,41.2
GBR,1971,41.3
BEL,1890,41.5
MUS,1994,41.5
SWE,1946,41.5
SWE,1948,41.6
SWE,1949,41.6
SWE,1968,41.7
GBR,1932,41.7
MUS,1993,41.8
SWE,1947,41.9
DEU,1952,42
SWE,1950,42
GBR,1841,42
GBR,1970,42
GBR,1931,42.1
GBR,1933,42.1
MUS,1992,42.2
MUS,1990,42.3
MUS,1991,42.3
SWE,1951,42.3
GBR,1871,42.4
SWE,1967,42.5
DEU,1974,42.6
GBR,1968,42.6
GBR,1969,42.6
SWE,1952,42.7
GBR,1934,42.9
SWE,1953,43
GBR,1881,43
GBR,1967,43
DEU,1953,43.2
SWE,1966,43.2
GBR,1935,43.2
GBR,1948,43.3
SWE,1954,43.4
DEU,1973,43.6
GBR,1891,43.6
GBR,1949,43.6
GBR,1963,43.6
SWE,1955,43.7
DEU,1954,43.8
DEU,1972,43.8
GBR,1930,43.8
GBR,1952,43.8
GBR,1901,43.9
GBR,1950,43.9
GBR,1966,43.9
SWE,1956,44
SWE,1965,44
GBR,1936,44
GBR,1938,44
GBR,1964,44
GBR,1965,44
GBR,1911,44.1
GBR,1953,44.1
GBR,1962,44.1
DEU,1958,44.2
DEU,1967,44.2
GBR,1951,44.2
GBR,1959,44.2
SWE,1964,44.3
GBR,1851,44.3
GBR,1958,44.3
DEU,1971,44.4
SWE,1957,44.4
GBR,1921,44.4
GBR,1954,44.4
DEU,1957,44.5
HKG,1980,44.6
SWE,1963,44.6
GBR,1937,44.6
GBR,1956,44.6
GBR,1957,44.6
GBR,1960,44.6
GBR,1961,44.6
DEU,1959,44.7
DEU,1968,44.7
SWE,1958,44.7
GBR,1955,44.7
SWE,1962,44.8
DEU,1963,45.1
SWE,1959,45.1
SWE,1961,45.1
GBR,1926,45.2
GBR,1929,45.2
DEU,1955,45.3
DEU,1956,45.3
GBR,1928,45.3
DEU,1969,45.4
SWE,1960,45.4
GBR,1922,45.4
DEU,1960,45.5
DEU,1962,45.5
DEU,1970,45.5
DEU,1961,45.7
DEU,1966,45.7
DEU,1964,45.9
GBR,1927,45.9
GBR,1925,46
BEL,1900,46.1
DEU,1965,46.2
HKG,1979,46.3
HKG,1984,46.3
GBR,1923,46.3
GBR,1924,46.5
HKG,1983,47.5
GBR,1920,47.5
HKG,1978,47.9
HKG,1974,48.1
HKG,1982,48.4
HKG,1981,49
BEL,1910,49.5
HKG,1977,49.5
HKG,1975,50.3
BEL,1920,50.9
HKG,1976,50.9
BEL,1947,51.7
BEL,1930,51.8
BEL,1961,52.6
