,"France","Germany","Italy","United Kingdom","Zimbabwe","Zambia","Yugoslavia","Yemen","Western Sahara","Wake Island","Viet Nam","Venezuela","Uzbekistan","U.S. Territories","U.S. Pacific Islands","United States Virgin Islands","United Arab Emirates","United States of America","Ukraine","Uruguay","Uganda","Turks and Caicos Islands","Turkmenistan","Tunisia","Trinidad and Tobago","Tonga","Togo","Timor-Leste","Thailand","Tanzania","Taiwan","Turkey","Tajikistan","Vanuatu","Switzerland","Sweden","Swaziland","Suriname","Sri Lanka","Spain","Sudan","South Sudan","South Korea","South Africa","Somalia","Slovenia","Slovakia","Singapore","Sierra Leone","Seychelles","Serbia","Senegal","Sao Tome and Principe","Samoa","Saint Vincent and the Grenadines","Saudi Arabia","Saint Pierre and Miquelon","Solomon Islands","Saint Lucia","Saint Kitts and Nevis","Rwanda","Russian Federation & USSR","Reunion","Romania","Puerto Rico","Portugal","Qatar","Poland","Peru","Paraguay","Syria","Saint Helena","Panama","Palestinian Territories","Pakistan","Oman","Norway","Northern Mariana Islands","North Korea","Niue","Papua New Guinea","Nigeria","Nicaragua","New Zealand","New Caledonia","Netherlands","Nepal","Nauru","Namibia","Mozambique","Morocco","Montserrat","Montenegro","Philippines","Niger","Netherlands Antilles","Moldova","Mexico","Mauritius","Martinique","Malta","Mali","Maldives","Malawi","Madagascar","Malaysia","Macedonia","Macao Special Administrative Region (China)","Lithuania","Luxembourg","Libya","Liberia","Lesotho","Lebanon","Latvia","Laos","Kyrgyzstan","Kosovo","Kiribati","Kenya","Kazakhstan","Mongolia","Mauritania","Kuwait","Jordan","Jamaica","Ivory Coast","Israel","Ireland","Iraq","Iran","Indonesia","India","Inde","Hungary","Iceland","Hong Kong Special Administrative Region (China)","Guinea-Bissau","Guatemala","Haiti","Guinea","Guadeloupe","Grenada","Guyana","Guam","Greenland","Gibraltar","Greece","Ghana","Georgia","Gabon","Gambia","French Polynesia","French Guiana","Fiji","Finland","Falkland Islands (Malvinas)","Faeroe Islands","Ethiopia","Estonia","Equatorial Guinea","El Salvador","Egypt","Ecuador","Dominican Republic","Japan","Eritrea","Honduras","Djibouti","Denmark","Democratic Republic of the Congo","Czechoslovakia","Czechia","Cyprus","Cuba","Croatia","Costa Rica","Cook Islands","Congo","Comoros","Dominica","Czech republic","Colombia","Chile","Chad","Central African Republic","Cape Verde","Canada","Cameroon","Cayman Islands","Cambodia","Burma","Burkina Faso","Bulgaria","Brunei Darussalam","British Virgin Islands","Brazil","Burundi","Botswana","Bosnia and Herzegovina","China","Bhutan","Bermuda","Belize","Belgium","Belarus","Barbados","Bangladesh","Benin","Azerbaijan","Austria","Bahamas","Australia","Bahrain","Bolivia","Aruba","Armenia","Argentina","Antigua and Barbuda","American Samoa","Algeria","Afghanistan","Albania","Angola","Persian Gulf","EU28","OECD","OPEC","World","North America","Eurasia","Africa","Asia and Oceania","Central and South America","Europe","Middle East"
"1980-01-01 00:00:00",35.03413,137.955387,12.531035,80.040627,1.6723877,0.38366026,14.85446,0,0,0,2.6594741,0.030756271,,0,0,0,0,388.99277,,0.0023582499,0,0,,0.013471155,0,0,0,,0.64587027,0.0006330703,3.440027,7.5191355,,0,0.15812846,1.5455018,0.10326549,0.00071630266,0,17.831762,0,,17.465998,53.610939,0,,,0.0011122868,0,0,,0,0,0,0,0,0,0,0,0,0,289.02686,0,8.2451382,0,0.38133937,0,81.916161,0.047936589,0,0.00062802591,0,0,,0.9114607,0,0.65669703,0,18.262463,0,0,0.11880904,0,0.99472475,0.07761462,4.178432,0.033671923,0,,0,0.32595494,0,,0.15739757,0.010211424,0,,2.2937524,0,0,0,0,0,0.040741455,0.0059394352,0.046139449,,0.0027246487,,0.2330994,0,0,0,0,,0.000037580667,,,0,0.0081690783,,2.2696109,0.0040035518,0,0,0,0,0,0.59483624,0,1.2450842,0.1097218,48.495758,,6.2609735,0.0084701777,0.0019471325,0,0,0,0,0,0,0,0,0.0013619839,0,2.753237,0,,0,0,0,0,0.01199812,3.637841,0,0,0,,0,0,0.55845022,0,0,56.448475,,0,0,5.8468337,0.10396376,39.326889,,0,0.061612394,,0,0,0,0,0,,2.4046612,0.8914783,0,0,0,17.246611,0,0,0,0.12769464,0,7.3854866,0,0,5.6133814,0,0.217528,,365.99594,0.00044390585,0,0,11.963846,,0,0.012276519,0,,4.3430424,0,25.697536,0,0,,,0.98019898,0,0,0.065939061,0.062531404,1.0672168,0,1.2450842,422.67870921,925.4218610277,1.460588572,1796.28658943419,408.5344953839,289.02686,57.2440666406,543.932649319517,10.03309968656,486.2697061777,1.24571222591
"1981-01-01 00:00:00",31.372465,140.178124,13.23586,75.897911,1.5410125,0.30680424,17.780325,0,0,0,2.9594197,0.035882324,,0,0,0,0,401.21832,,0.0011778638,0,0,,0.016678577,0,0,0,,0.73885548,0.0012686627,3.2013052,7.8245969,,0,0.28463119,1.4963465,0.096224666,0.00071630266,0,23.379433,0,,19.482603,58.531551,0,,,0.0016671692,0,0,,0,0,0,0,0,0,0,0,0,0,289.91577,0,8.5221891,0,0.35329974,0,75.368362,0.07478109,0,0.0037628841,0,0,,1.032843,0,0.69268978,0,18.99235,0,0,0.086347535,0,0.99726105,0.05303666,4.5204344,0.025459262,0,,0,0.38652608,0,,0.1512361,0.015317123,0,,2.0451713,0,0,0,0,0,0.030085998,0.007127312,0.086236812,,0.00068099197,,0.19944334,0,0,0,0,,0.000041868392,,,0,0.04646166,,1.8367549,0.0040035518,0,0,0,0,0,0.75685161,0,1.0404798,0.099327117,54.627235,,6.2357426,0.016940355,0.037006162,0,0,0,0,0,0,0,0,0.0013619839,0,3.2471366,0,,0,0,0,0,0.010284114,1.7166622,0,0,0,,0,0,0.72212332,0,0,62.458035,,0,0,4.6610222,0.10769635,39.073589,,0,0.061612394,,0,0,0,0,0,,2.4077971,0.90548873,0,0,0,17.62468,0,0,0,0.13953729,0,7.300168,0,0,6.070981,0,0.23629023,,364.80878,0.0004615612,0,0,11.833706,,0,0.012851176,0,,4.5584993,0,26.063032,0,0,,,0.89614224,0,0,0.19356309,0.065684244,1.1415166,0,1.0404798,414.83365659,938.624748795,1.356272749,1824.16313718072,420.8895332839,289.91577,62.3290818955,557.881984857762,10.45457904446,481.647945415,1.0442426841
"1982-01-01 00:00:00",33.221279,140.536251,14.408751,71.176903,1.5970494,0.33345592,18.652357,0,0,0,3.2705231,0.037346885,,0,0,0,0,386.43954,,0.00059019303,0,0,,0.0089807706,0,0,0,,0.92273164,0.0012686627,3.7865212,8.6931381,,0,0.25049552,1.8042902,0.096224666,0.00071630266,0,25.982918,0,,19.834461,62.660851,0,,,0.0011122868,0,0,,0,0,0,0,0,0,0,0,0,0,299.93219,0,8.6882524,0,0.33398351,0,77.755768,0.067750372,0,0.003135741,0,0,,1.2520965,0,0.69336885,0,19.981508,0,0,0.044796836,0,1.0074061,0.042041264,5.3023405,0.028744318,0,,0,0.37369323,0,,0.18596441,0.022975709,0,,2.4529366,0,0,0.016015492,0,0,0.038234293,0.007127312,0.081293285,,0.00068099197,,0.17825249,0,0,0,0,,0.000083736784,,,0,0.023486126,,2.3162904,0.0046707978,0,0,0,0,0.561827,0.7650401,0,1.4022037,0.092397317,58.213715,,6.4573679,0.017646216,0.65961844,0,0,0.027704341,0,0,0,0,0,0.00068099197,0,3.2948029,0,,0,0,0,0,0.013140799,1.9141486,0,0,0,,0,0,0.73990053,0,0,62.173275,,0,0,5.67416,0.097112857,40.373112,,0,0.084311694,,0,0,0,0,0,,2.3431962,0.6190533,0,0,0,19.041517,0,0,0,0.1374777,0,7.8869343,0,0,6.4552665,0,0.25505272,,384.68289,0.00046660559,0,0,11.632897,,0,0.015672147,0,,4.316905,0,27.756218,0,0,,,0.93226576,0,0,0.98766804,0.076193742,1.2766073,0,1.4022037,421.347260392,933.735113886,2.472015461,1865.5312898119,407.93467459197,299.93219,67.2925488701,586.532522983144,10.56820154769,491.303985378,1.967166441
"1983-01-01 00:00:00",29.389465,139.7178,13.27804,71.189873,1.5659178,0.29688734,20.816378,0,0,0,3.2915258,0.027094804,,0,0,0,0,400.88858,,0,0,0,,0.017961541,0,0,0,,0.876239,0.0025350051,5.1649656,9.8443222,,0,0.22890975,2.1780155,0.059847035,0.00071630266,0,27.084349,0,,21.15748,65.953407,0,,,0.0011122868,0,0,,0,0,0,0,0,0,0,0,0,0,298.85361,0,10.534838,0.07132142,0.37012351,0,79.621223,0.079255156,0,0.0018815555,0,0,,1.164067,0,0.70151818,0,20.844294,0,0,0.03960301,0,1.0982045,0.062738501,5.1515722,0.058309909,0,,0,0.49534884,0,,0.59206128,0.066374242,0,,2.8808885,0,0,0.034700271,0,0,0.033846762,0.0065333862,0.21696521,,0.00068099197,,0.1040845,0,0,0,0,,0.00012560518,,,0,0.016338157,,2.3684247,0.0046707978,0,0,0,0,1.0539749,0.87324536,0,1.3232948,0.079115197,61.829437,,6.1614127,0.026116394,1.9489907,0,0,0.046049986,0,0,0,0,0,0.00068099197,0,3.8612123,0,,0,0,0,0,0.010284114,2.0119331,0,0,0,,0,0,0.69576395,0,0,60.831947,,0,0,5.3405585,0.091511823,40.707977,,0,0.058369637,,0,0,0,0,0,,2.4052882,0.7415148,0,0,0,20.179852,0,0,0,0.12923934,0,7.8988061,0,0,7.0228362,0,0.24918945,,407.87292,0.00050696067,0,0,10.535797,,0,0.0085151987,0,,4.482913,0,26.772564,0,0,,,0.88850069,0,0,0.84302747,0.076193742,1.3846799,0,1.3232948,419.819962041,946.703514994,2.233020084,1916.94924465355,423.95000149197,298.85361,70.4387636091,616.45690763632,11.34094719566,493.529863465,2.3791512555
"1984-01-01 00:00:00",27.958414,143.292519,14.919001,49.430569,1.6063888,0.28635064,23.218246,0,0,0,3.2941511,0.037346885,,0,0,0,0,430.55377,,0,0,0,,0.015395613,0,0,0,,1.0609529,0.0019017331,6.0746579,11.605694,,0,0.3252928,2.6269193,0.073341973,0.00071630266,0,26.743647,0,,24.990788,70.341499,0,,,0.00055488234,0,0,,0,0,0,0,0,0,0,0,0,0,302.24246,0,10.382596,0.041708436,0.34769177,0,85.220886,0.093316555,0,0.0012535296,0,0,,1.2903702,0,0.74362284,0,21.393808,0,0,0.05518451,0,1.0763927,0.066619225,6.3498855,0.059541825,0,,0,0.49226895,0,,0.94774622,0.076585665,0,,2.870507,0.016230738,0,0.062727407,0,0,0.032593157,0.004157607,0.23509143,,0.00068099197,,0.12091254,0,0,0,0,,0.00016747357,,,0,0.042377122,,2.3131311,0.0046707978,0,0,0,0,1.6810868,0.87207556,0,1.0244187,0.021944361,66.945076,,6.1893716,0.03882166,2.7267692,0,0,0.048446525,0,0,0,0,0,0.00068099197,0,3.8761897,0,,0,0,0,0,0.012569472,2.4254403,0,0,0,,0,0,0.70679814,0,0,68.263367,,0,0,5.6618261,0.097738005,41.223812,,0.0067768535,0.072637782,,0,0,0,0,0,,2.5062666,0.96879506,0,0,0,22.497812,0,0,0,0.13490322,0,7.9024282,0,0,8.4781122,0,0.24625781,,447.4845,0.00038085107,0,0,11.697268,,0,0.032389112,0,,5.1172738,0,27.03734,0,0,,,0.68009555,0,0,0.86926132,0.077770166,1.4995071,0,1.0244187,411.2044186305,983.82209323,1.986211415,2014.16951085858,455.92276999197,302.24246,74.9690015809,675.54166332995,12.92744189566,489.8594150305,2.7067590296
"1985-01-01 00:00:00",26.718954,144.350426,16.283747,67.44976,1.8840824,0.29192889,24.543623,0,0,0,3.2751174,0.030756271,,0,0,0,0,440.83939,,0,0,0,,0.013471155,0,0,0,,1.6324422,0.0025350051,6.4228902,15.265343,,0,0.32127684,3.0057046,0.09739814,0,0,27.644196,0,,28.049465,72.25882,0,,,0.0011122868,0,0,,0,0,0,0,0,0,0,0,0,0,304.41699,0,11.021091,0.041708436,0.66422838,0,89.372238,0.10482133,0,0,0,0,,1.61515,0,0.74973476,0,16.907501,0,0.00066838099,0.066221423,0,1.0439284,0.11448158,6.46802,0.046401557,0,,0,0.56977952,0,,1.3404,0.077096231,0,,3.0787153,0.0220738,0,0.12812404,0,0,0.038547676,0.0023759052,0.31528619,,0,,0.12402884,0,0,0,0,,0.00041868395,,,0,0.045951091,,2.798377,0.0046707978,0,0,0,0,1.8373939,0.92764038,0,1.0083576,1.2768153,70.285019,,5.8249969,0.048703536,3.3513291,0,0,0.044615239,0,0,0,0,0,0,0,4.5127316,0,,0,0,0,0,0.009141434,3.3988121,0,0,0,,0,0,0.74541759,0,0.013189831,71.74231,,0,0,6.9932947,0.097115479,40.184681,,0.0096439812,0.081717499,,0,0,0,0,0,,2.7784686,0.94959563,0,0,0,22.045876,0,0,0,0.13696279,0,7.834415,0,0,10.275518,0,0.27322891,,466.82852,0.00042372831,0,0,11.020677,,0,0.051195715,0,,4.9774036,0,29.944347,0,0,,,0.86140805,0,0,0.86926132,0.079346582,1.6008251,0,1.0083576,438.7301331212,1033.815544566,1.974596614,2094.48186790435,465.9639813,304.41699,77.3599753331,707.26905052805,15.181798886,521.4443203572,2.8457515
"1986-01-01 00:00:00",22.771631,147.027886,14.69109,73.390892,2.2252843,0.32415885,24.92354,0,0,0,3.609849,0.041740645,,0,0,0,0,435.34061,,0,0,0,,0.0076978067,0,0,0,,2.2039316,0.0025350051,7.8581181,18.219486,,0,0.27559531,3.077992,0.10091854,0,0,26.802429,0,,28.957815,72.340103,0,,,0.00055488234,0,0,,0,0,0,0,0,0,0,0,0,0,313.44574,0,11.275525,0.096763581,1.3758126,0,92.830673,0.10098641,0,0,0,0,,1.6698266,0,0.70287633,0,16.729227,0,0.00066838099,0.086347535,0,0.90544808,0.113188,6.7212582,0.033261288,0,,0,0.75097966,0,,1.0328865,0.063310809,0,,3.4351497,0.036356848,0,0.090754539,0,0,0.036980689,0.0065333862,0.23344359,,0,,0.11405667,0,0,0,0,,0.0008373679,,,0,0.043398254,,3.0933251,0.0033362804,0,0,0,0,2.0194385,1.3639706,0,0.99299479,2.4981921,75.727722,,5.7593045,0.052232787,4.0706768,0,0,0.013157647,0,0,0,0,0,0,0,4.7351351,0,,0,0,0,0,0.0085700816,2.9066937,0,0,0,,0,0,0.74786967,0,0.016487295,68.903748,,0,0,7.0902038,0.099608213,39.391201,,0.0071678185,0.077177621,,0,0,0,0,0,,2.9421661,0.98176771,0,0,0,20.573061,0,0,0,0.14314158,0,8.4897985,0,0,10.452693,0,0.30606329,,480.65732,0.00054983795,0,0,9.8829947,,0,0.077315964,0,,4.1954017,0,29.659842,0,0,0,,1.0017341,0,0,1.0585703,0.084075846,1.5738069,0,0.99299479,444.6006704275,1032.745056487,2.17965327,2127.78466398868,459.3488207,313.44574,78.2400524364,728.27353469878,15.724674109,529.7394087545,3.01243329
"1987-01-01 00:00:00",20.410984,144.258179,15.129904,74.502098,3.0122905,0.27395451,24.153173,0,0,0,4.0259662,0.045402113,,0,0,0,0,454.20755,,0,0,0,,0.010263734,0,0,0,,3.1888843,0.0019017331,8.6067305,17.764238,,0,0.26153943,3.0194392,0.096811377,0,0,25.964087,0,,29.245516,76.742538,0,,,0.00055488234,0,0,,0,0,0,0,0,0,0,0,0,0,314.31976,0,12.272739,0.12220572,1.7858149,0,97.840157,0.095873177,0,0,0,0,,1.7381725,0,0.70966744,0,16.179695,0,0.00066838099,0.077907547,0,1.0043626,0.10025223,7.1983643,0.039420784,0,,0,0.87366188,0,,1.1309099,0.083733663,0,,3.3365245,0.032461476,0,0.1214509,0,0,0.037646648,0.007127312,0.28507581,,0,,0.13026142,0,0,0,0,,0.00041868395,,,0,0.046972226,,3.2675714,0.0040035518,0,0,0,0,2.1512637,1.9014874,0,0.97693372,3.0179269,81.890244,,5.8181777,0.042350914,5.0704923,0,0,0.013157142,0,0,0,0,0,0,0,5.2807426,0,,0,0,0,0,0.0028580979,3.6800227,0,0,0,,0,0,0.79200619,0,0.0136609,68.82515,,0,0,6.988009,0.10271697,39.519943,,0.019678926,0.055126879,,0,0,0,0,0,,3.1259339,0.96464384,0,0,0,23.155304,0,0,0,0.058698352,0,8.8592434,0,0,10.367161,0,0.31192654,,508.1438,0.0079697501,0,0,10.170564,,0,0.065176047,0,,4.3034835,0,32.442593,0,0,0,,1.0545301,0,0,1.1450709,0.08775416,1.6413523,0,0.97693372,449.654887946,1060.341215444,2.24531428,2199.83203925718,480.6993785,314.31976,83.6529947579,768.42686177828,15.857694771,533.74715203,3.12819742
"1988-01-01 00:00:00",19.821688,141.622604,14.604688,71.826515,2.8977263,0.31238252,24.683495,0,0,0,3.7706513,0.061512541,,0,0,0,0,475.34015,,0,0,0,,0.018603036,0,0,0,,3.1719232,0.0019017331,9.831049,15.128805,,0,0.22740376,2.85607,0.085663415,0,0,21.816315,0,,31.002787,77.404755,0,,,0.00055488234,0,0,,0,0,0,0,0,0,0,0,0,0,319.27832,0,13.99682,0.14931621,2.0761812,0,95.698929,0.097790644,0,0,0,0.010388255,,1.969455,0,0.6865778,0,20.096573,0,0.00066838099,0.034409162,0,1.1621186,0.10995407,8.5676785,0.029976232,0,,0,0.84902281,0,,1.4216193,0.079138525,0,,3.1392746,0.025969174,0,0.1527625,0,0,0.038861059,0.007127312,0.22685224,,0,,0.10283798,0,0,0,0,,0.00041868395,,,0,0.057694167,,3.4513469,0.0040035518,0,0,0.0054622618,0,2.129293,1.8985629,0,1.0083576,3.7836697,87.451714,,5.3706079,0.047291838,5.6281815,0,0,0.022666413,0,0,0,0,0,0,0,6.056242,0,,0,0,0,0,0.004570717,3.7445731,0,0,0,,0,0,0.86618018,0,0.0057116812,74.462326,,0,0,6.6085963,0.10334053,38.959713,,0.0118595,0.061612394,,0,0,0,0,0,,2.9879513,1.3149046,0,0,0,25.100245,0,0,0,0.054064255,0,8.1738777,0,0,10.031139,0,0.3693867,,543.54926,0.0084649567,0,0,10.546992,,0,0.053036131,0,,3.9043586,0,33.559849,0,0,0,,1.1545646,0,0,1.14578,0.072515428,1.6481068,0,1.0083576,439.45875918,1078.295172678,2.250059303,2271.91435712988,503.5796696,319.27832,84.3019451749,824.87359947698,15.9030199,520.840152378,3.1376506
"1989-01-01 00:00:00",21.621395,138.473969,14.308743,68.96875,2.9649704,0.29130909,24.519423,0,0,0,3.0270224,0.031927928,,0,0,0,0,480.97601,,0,0,0,,0.019244529,0,0,0,,3.7774684,0.0019017331,10.151469,20.08869,,0,0.23593768,2.5871613,0.089770503,0,0,27.541471,0,,29.80876,77.387421,0,,,0.0011652529,0,0,,0,0,0,0,0,0,0,0,0,0,302.5018,0,14.030536,0.12429114,2.4382043,0,91.663475,0.10482133,0,0,0,0.009738992,,1.9235265,0,0.53853232,0,15.526193,0,0.00066838099,0.035707638,0,1.0124787,0.13388523,8.7341108,0.0049276073,0,,0,0.91370046,0,,1.1947652,0.087307654,0,,3.3947768,0.04284915,0,0.20219573,0,0,0.040114637,0.0077212634,1.0430809,,0,,0.12278232,0,0,0,0,,0.00041868395,,,0,0.066884384,,3.2884448,0.0040035518,0,0,0.038235757,0,2.2793226,2.0050135,0,0.7409054,4.4056191,92.875526,,5.0582867,0.050115258,6.0021381,0,0,0.0087277191,0,0,0,0,0,0,0,6.3156133,0,,0,0,0,0,0.0091372728,3.6429539,0,0,0,,0,0,0.88640946,0,0.0058883103,74.287735,,0,0,5.3493686,0.10583066,36.518898,,0.013293063,0.012971031,,0,0,0,0,0,,3.268307,1.775692,0,0,0,24.83321,0,0,0,0.053549372,0,8.1624088,0,0,10.039082,0,0.3981168,,537.64728,0.0076184585,0,0,11.087846,,0,0.011545159,0,,3.9728808,0,36.589031,0,0,0,,1.1128836,0,0,1.0344635,0.066735193,1.6433786,0,0.7409054,436.300458113,1087.482993278,1.843004466,2258.38193970214,509.2039968,302.5018,84.3777264133,822.85018871044,16.5325668074,519.895432971,3.020228
"1990-01-01 00:00:00",21.187031,127.249405,15.250322,69.029694,3.0564973,0.23056807,23.752714,0,0,0,2.7264204,0.025996363,,0,0,0.053158659,0,483.57053,,0.00059019303,0,0,,0.0096222647,0,0,0,,5.3684287,0.00253498,9.9834366,20.0103,,0,0.24798556,2.6811347,0.094464324,0,0.00030518527,26.875477,0,,29.313726,80.192284,0,,,0.0015133155,0,0,,0,0,0,0,0,0,0,0,0,0,333.82941,0,9.6178274,0.08883898,2.736671,0,76.984352,0.081811778,0,0,0,0.020776534,,2.3210261,0,0.52630836,0,15.377493,0,0.00066838099,0.043498386,0,1.107604,0.10607332,8.4090786,0.028744318,0,0,0,0.91062057,0,,1.2513387,0.075497545,0,,4.2541409,0.036356848,0,0.20019381,0,0,0.039038647,0.0070046075,1.1556832,,0.0015032267,,0.12278232,0,0,0,0,,0.00041868395,,,0,0.077095732,,3.0170925,0.0040035518,0,0,0.03550465,0,2.3351915,1.9640709,0,0.7409054,4.8173647,99.292679,,4.6154904,0.045880143,6.4163475,0,0,0.008741742,0,0,0,0,0,0,0,6.351512,0,,0,0,0,0,0.01370519,3.6090808,0,0,0,,0,0,0.77852005,0,0.010010153,78.271133,,0,0,5.8673902,0.10645319,36.124943,,0.01264143,0.099228367,,0,0,0,0,0,,3.245728,1.9308444,0,0,0,22.680883,0,0,0,0.063332431,0,7.6110573,0,0,9.4305782,0,0.44736835,,612.37024,0.0076184585,0,0,11.628699,,0,0.029150214,0,,4.7068467,0,36.355061,0,0,0,,0.95380098,0,0,0.71256739,0.055174775,1.448848,0,0.7409054,406.71075756,1067.583433983,1.522967539,2348.54168412694,510.5055539,333.82941,86.823995806,909.45328189891,15.98560899903,488.867736623,3.0760969
"1991-01-01 00:00:00",22.712839,127.58891,14.087635,68.634224,3.0975909,0.23242746,22.25943,0,0,0,2.9594197,0,,0,0,0.089568704,0,479.00635,,0,0,0,,0.0076978067,0.00061289273,0,0,,6.3366694,0.00253498,10.878644,21.259012,,0,0.20631997,2.624028,0.088596977,0,0.00035310694,27.189926,0,,28.629593,78.504463,0,,,0.0011299422,0,0,,0,0,0,0,0.005858927,0,0,0,0,0,256.48209,0,8.0755157,0.080080189,2.9080243,0,76.764885,0.12016106,0,0,0,0.029866263,,2.2007375,0,0.46043494,0,15.228792,0,0.00066838099,0.042199936,0,1.0880809,0.11383479,7.9698272,0.040242057,0,0.0089069204,0,1.0019907,0,,1.5868587,0.075750291,0,,4.2362614,0.038953774,0,0.162157,0,0,0.036353871,0.0070046075,1.3611134,,0.0014351275,,0.12652187,0,0,0,0,,0.00041868395,,,0,0.077095732,,3.1727343,0.0040035518,0,0,0.034821868,0,2.5486228,1.9202039,0,1.0558426,5.3613539,106.85029,,4.517066,0.042350914,6.8928828,0,0,0.018202208,0,0,0,0,0,0,0,6.3102646,0,,0,0,0,0,0.010284114,3.5585909,0,0,0,,0,0,0.73990053,0,0.011423337,79.274231,,0,0,7.9353666,0.043266065,32.536861,,0.01264143,0.068746462,,0,0,0,0,0,,3.3159738,1.5862917,0,0,0,23.43243,0,0,0,0.053034466,0,6.6266747,0,0,10.273685,0,0.43212381,,544.58453,0.0076184585,0,0,11.069654,,0,0.094032928,0,,4.8410654,0,37.72567,0,0,0,,0.84056753,0,0,0.79410493,0.049394567,0.81527251,0,1.061701527,405.6360206,1067.706057594,1.898006393,2206.19217173921,506.6750414,256.48209,85.2349658424,854.50404722208,16.47000101373,483.215701934,3.610324327
"1992-01-01 00:00:00",20.376402,113.37125,12.510626,64.529114,2.9562535,0.24172458,,0,0,0,2.7080431,0.0036614668,2.5829756,0,0,0.14928117,0,482.30539,79.708229,0,0,0,0.4337171,0.0096222647,0.00099122163,0,0,,6.7286944,0.00253498,12.648198,21.968565,0.36693481,0,0.13855064,2.4483697,0.058086772,0,0.00032788501,26.959368,0,,26.888531,77.51413,0,1.7983453,,0.0010946315,0,0,8.7618732,0,0,0,0,0.0016722135,0,0,0,0,0,177.32304,0,9.1818342,0.064230986,2.9298329,0,72.613533,0.14253147,0,0,0,0.027269188,,2.2789252,0,0.46654692,0,11.997717,0,0.00066838099,0.033759948,0,1.209727,0.10995407,8.0076828,0.017657239,0,0.0071255215,0,0.85466927,0,,1.4367429,0.067870133,0,1.4458706,4.1261015,0.03960301,0,0.10876331,0,0,0.038832631,0.0070046075,1.429224,1.169335,0.0014351275,0.43092537,0.17326643,0,0,0,0,0.40631306,0.00041868395,1.0585454,,0,0.080669701,59.696404,2.8219728,0.0040035518,0,0,0.045063581,0,3.1117055,1.7850935,0,0.92944872,5.5617404,112.94308,,4.1758766,0.035292432,7.3999319,0,0,0.018910794,0,0,0,0,0,0,0,6.7053838,0,0.24778828,0,0,0,0,0.011286105,3.1080151,0,0,0,0.11904269,0,0,0.70802414,0,0.010834506,78.384521,,0,0,6.5157986,0.025990764,28.686821,,0.0033884142,0.030481931,0.65633506,0,0,0,0,0,,3.4458029,1.371984,0,0,0,24.271614,0,0,0,0.037587527,0,6.7979155,0,0,9.8362474,0,0.55114841,0.63857001,563.43915,0.0080417078,0,0,10.13558,1.1970013,0,0.088286467,0,0.019679407,3.4911056,0,38.75605,0,0,0,0.07179983,0.83917814,0,0,0.73383802,0.0042037885,0.21344334,0,0.9311209335,379.3391609342,1039.759171522,1.7023803683,2257.15064660888,510.7031055,325.108266447,83.9348918045,876.91321031325,15.98646875443,440.4618773562,4.0428264335
"1993-01-01 00:00:00",16.062496,105.04579,10.653319,56.225529,3.0060642,0.24482359,,0,0,0,2.1915064,0.02855939,1.9984195,0,0,0.18741161,0,500.28076,71.835052,0,0,0,0.11000235,0.0089807706,0.00026987458,0,0,,6.9732676,0.02788488,13.636112,20.143158,0.18459643,0,0.11395288,2.4281294,0.032857154,0,0.00034554035,25.392826,0,,28.647827,79.895844,0,1.7233888,7.783453,0.00088781171,0,0,8.3911018,0,0,0,0,0.012528184,0,0,0,0,0,153.21199,0,9.4170027,0.066733502,3.0843627,0,73.071365,0.25630096,0,0,0,0.034411129,,2.5304379,0,0.51815909,0,14.180099,0,0.00081466814,0.0051938249,0,1.1721762,0.10995407,7.8758421,0.022174183,0,0.0053441473,0,0.88392818,0,,1.5947007,0.07399749,0,1.3348345,4.7115073,0.04025225,0,0.17938372,0,0,0.039487824,0.0075434237,1.1946819,1.1502064,0.001467916,0.38573715,0.17264314,0,0,0,0.069524206,0.36709127,0.00041868395,0.94633359,,0,0.066884384,54.421936,2.5701327,0.0048889928,0,0,0.037552997,0,3.5548897,1.7798295,0,1.1487176,5.5986991,118.50455,,4.0958643,0.037409965,8.0589008,0,0,0,0,0,0,0,0,0,0,6.7321296,0,0.13259259,0,0,0,0,0.016296666,3.83341,0,0,0,0.12016572,0,0,0.90847772,0,0.012659892,80.463509,,0,0,6.9856596,0.008715461,,26.679625,0.004040048,0.045398604,0.62367243,0,0,0,0,0,,3.7769611,1.3839189,0,0,0,22.935528,0,0,0,0.016991632,0,6.7878542,0,0,9.8423567,0,0.52534997,0.55342734,601.97137,0.0046557151,0,0,9.4526911,1.034827,0,0.32911524,0,0.0029154778,3.0990448,0,37.989407,0,0,0,0.0015284485,0.77943534,0,0,0.57076293,0.0036783149,0.13914345,0,1.161245784,390.062345278,1068.851322575,1.7657619289,2269.63081601133,527.9277953,286.0880220263,86.3572811923,927.78417774115,16.45196999858,420.235910063,4.78565969
"1994-01-01 00:00:00",15.558274,98.678314,11.342495,52.981373,2.8834057,0.23242746,,0,0,0,2.6903219,0.055654194,2.0157368,0,0,0.19963412,0,502.15491,56.816803,0,0,0,0.081483208,0.0060118223,0.00074404676,0,0,,7.7792621,0.029152382,14.533636,21.849693,0.045725733,0,0.11796884,2.4382496,0.10209189,0,0.00036067353,24.475157,0,,28.810589,81.00631,0,1.5994811,6.704175,0.00098113285,0,0,7.7398434,0,0,0,0,0.016391627,0,0,0,0,0,136.46849,0,9.1925135,0.067567669,3.2557161,0,71.257286,0.19494212,0,0,0,0.035060391,,2.2630689,0,0.59829378,0,13.707829,0,0.00081466814,0.016230738,0,1.1050532,0.10672011,8.5187283,0.046812195,0,0.005937947,0,0.96503192,0,,1.6227074,0.07175047,0,1.299423,5.4982004,0.04090146,0,0.12198094,0,0,0.040114611,0.0064657917,1.3270582,1.2034338,0.001467916,0.31566265,0.19570379,0,0,0,0.070150547,0.26045707,0.00041868395,0.8656947,,0,0.062289275,53.235268,2.3446107,0.0048889928,0,0.000014199944,0.036187433,0,3.7708321,1.6236631,0,1.154304,6.2362409,124.99818,,3.8149114,0.050115258,6.2228765,0,0,0,0,0,0,0,0,0,0,7.0619903,0,0.14904912,0,0,0,0,0.016296666,4.9671998,0,0,0,0.039868068,0,0,1.1352906,0,0.035918742,83.370361,0,0.000026987458,0,7.7115951,0.0068478785,,24.861713,0.0035187611,0.056423992,0.39441732,0.0000027744115,0,0,0,0,,3.5304739,1.6324742,0,0,0,24.03211,0,0,0,0.013387343,0,6.6558518,0,0,9.998148,0,0.50834644,0.59599864,647.32855,0.019046159,0,0,9.676589,0.77161539,0,0.27687472,0,0.00072891358,3.0750268,0,38.257992,0,0,0,0.018331874,1.1309453,0,0,0.5792712,0.0031528415,0.11415166,0,1.170695627,376.7819114991,1065.675920968,1.821851759,2285.27831284652,531.6852204,252.38433752658,87.7027665783,983.08466990897,16.9742038696295,408.4354220891,5.011692473944
"1995-01-01 00:00:00",16.669777,93.476585,12.002418,49.882442,2.7669737,0.091731384,,0,0,0,3.094625,0.0051260535,1.1564126,0,0,0.17515522,0,506.67624,56.818066,0,0,0,0,0.0010593208,0.00084493443,0,0,,8.7346573,0.027939007,14.986744,22.456936,0.023145126,0,0.12700474,2.3876486,0.089183718,0,0.00036824009,24.369579,0,,29.953287,86.271179,0,1.6028465,6.8448792,0.00093068898,0,0,6.2611098,0,0,0,0,0.012039913,0,0,0,0,0,134.492,0,9.4662142,0.068818927,3.5566752,0,70.547516,0.24032208,0,0,0,0.023373585,,2.5823808,0,0.66280901,0,17.455469,0,0.00081466814,0.0129846,0,1.1187968,0.10672011,9.319561,0.037778255,0,0.0095006954,0,1.3679841,0,,1.7453766,0.082638904,0,0.78925687,6.1257091,0.04090146,0,0.031094622,0,0,0.039487824,0.0053881598,1.4539416,1.2367007,0.0012610962,0.24362345,0.13524753,0,0,0,0.11587368,0.15443574,0.0098444447,0.33791533,,0,0.079648569,43.807457,2.3614001,0.0028024837,0,0.00075917994,0.037552997,0,4.129899,1.6043617,0,1.0795851,7.0839858,132.65971,,3.8485529,0.045880143,6.3137689,0,0,0,0,0,0,0,0,0,0,6.9469252,0,0.019747833,0,0,0,0,0.014012418,4.19451,0,0,0,0.046606332,0,0,0.94403219,0,0.04710656,86.759117,0,0.0000023229393,0,6.4470816,0.0062253256,,24.465521,0.0026064841,0.049938478,0.2039877,0.000004338171,0,0,0,0,,3.5925663,1.7596059,0,0,0,24.167004,0,0,0,0.024200184,0,6.9226737,0,0,10.45025,0,0.5171414,0.69816989,703.46332,0.022008877,0,0,9.2420874,0.72399276,0,0.3353841,0,0.004373204,3.6274436,0,39.102856,0,0,0,0.0015284485,1.0031235,0,0,0.34033069,0.0026273679,0.054036282,0,1.091625013,368.2429006581,1068.524057623,1.4500663565,2349.84286244489,536.9689531,238.6185606935,92.6971325313,1059.42538635001,17.4537911960403,399.3408817011,5.33815687294
"1996-01-01 00:00:00",17.274292,92.887505,11.277864,46.289494,2.6524096,0.11652365,,0,0,0,3.6485727,0.016110428,1.2518504,0,0,0.16961695,0,529.70856,42.236546,0.00059019303,0,0,0,0.0024667042,0.00030014091,0,0,,10.471161,0.037843,17.159576,24.248117,0.011290291,0,0.095379055,2.7020981,0.076275535,0,0.00037832887,20.972836,0,,33.954758,89.749619,0,1.5177938,6.6529107,0.00077935745,0,0,9.7540445,0,0,0,0,0.011230314,0,0,0,0,0,132.45726,0,9.5072584,0.070904352,3.4089997,0,71.422501,0.15723202,0,0,0,0.01122025,,2.4019477,0,0.65058506,0,17.623068,0,0.00067846978,0.0051938249,0,1.0916854,0.10866049,9.2190495,0.040200997,0,0.0083131213,0,1.6077021,0,,2.3508811,0.077447928,0,0.67461956,6.9821897,0.025969174,0,0,0,0,0.041994981,0.0053881598,1.4610822,1.2122494,0.0014351275,0.22135678,0.15082902,0,0,0,0.13904841,0.1464688,0.021233708,0.49577978,,0,0.073521756,39.200661,2.3319054,0.0020354092,0,0.00040607297,0.043698017,0,4.9177122,1.7757353,0,1.1326565,7.8150797,139.41113,,3.9640255,0.046586003,5.2327995,0,0,0,0,0,0,0,0,0,0,7.0852885,0,0.010344091,0,0,0,0,0.014926285,5.1020527,0,0,0,0.076367021,0,0,1.0746028,0,0.061238505,88.267303,0,0.000039093982,0,8.8169432,0.0046690069,,24.526529,0.002345639,0.00064820342,0.16392969,0.0000035562912,0,0,0,0,,3.0431445,2.4388521,0,0,0,24.593706,0,0,0,0.022140613,0,6.9268994,0,0,10.76672,0,0.4356418,0.71945554,724.88251,0.024971621,0,0,8.9713106,0.7182008,0,0.18388662,0,0.004373204,3.8252399,0,41.930256,0,0,0,0.0025461027,0.92879236,0,0,0.22546907,0.0015763702,0.076326258,0,1.143886814,364.88792325,1100.333481038,1.3906601369,2400.6264274694,561.2844557,217.5076638297,96.2230866203,1100.4545836878,17.7091106696332,401.246473465,6.20105349697
"1997-01-01 00:00:00",15.346625,88.821869,11.169691,40.892944,2.4239037,0.13449803,,0,0,0,5.3255115,0.034417737,1.0605901,0,0,0.16285931,0,540.89478,41.114693,0.00059019303,0,0,0,0.00097608846,0.00075413554,0,0,,11.114348,0.0235913,19.475525,26.512581,0.020322541,0,0.0702793,2.2813861,0.12476877,0,0.00038841763,23.379433,0,,36.429928,93.344002,0,1.6469026,6.0377388,0.00094582216,0,0,9.637599,0,0,0,0,0.014696689,0,0,0,0,0,124.07123,0,7.8985634,0.07215561,3.4526169,0,68.639313,0.17065427,0,0,0,0.017530195,0,2.2521336,0,0.64039844,0,17.673946,0,0.00064568123,0.0064923,0,1.1675049,0.073087111,9.2405872,0.041884586,0,0.0065317214,0,1.5989758,0,,2.9065337,0.08025147,0,0.36191779,6.8697224,0.029864574,0,0,0,0,0.040319111,0.0064657917,1.413295,1.131078,0.00068351417,0.17158426,0.12091254,0,0,0,0.14218014,0.12011669,0.025161039,0.52351278,,0,0.075053461,32.843597,2.2847135,0.0012913625,0,0.000051957162,0.045746364,0,5.4236708,1.6160595,0,1.1591922,9.082078,144.59515,,3.929702,0.040939219,3.9518676,0,0,0,0,0,0,0,0,0,0,7.1243963,0,0.010344091,0,0,0,0,0.014217951,4.4712467,0,0,0,0.083105281,0,0,0.99675089,0,0.062416166,90.059601,0,0.000013266732,0,6.4793844,0.0031126628,,23.811132,0.002476793,0.01037683,0.25822008,0.0000027491897,0,0,0,0,,3.171092,3.1736212,0,0,0,26.113779,0,0,0,0.022655493,0,6.9166369,0,0,11.026983,0,0.39987576,2.3214147,684.41455,0.030050585,0,0,8.2891216,0.52127481,0,0.33747372,0,0.004373204,3.8054605,0,44.037392,0,0,0,0.0025461027,0.85446119,0,0,0.38429007,0.0010517542,0.026342686,0,1.173888889,346.007225544,1104.920145999,1.599088996,2362.7573450476,573.8782814,200.9092076497,99.68101486286,1076.73232347439,18.8036742164917,386.013051658,6.739791786162
"1998-01-01 00:00:00",18.011604,84.147141,11.729605,40.941566,2.4849217,0.12768017,,0,0,0,5.3642354,0.035882324,1.1098483,0,0,0.16415185,0,546.19946,41.750515,0.00059019303,0,0,0,0.0010416654,0.00050443847,0,0,,9.2359295,0.036446184,21.307077,28.5853,0.01749998,0,0.057227436,2.2915065,0.12705338,0,0.00039850641,22.768225,0,,37.746868,95.108322,0,1.6784149,5.6298056,0.0006633366,0,0,10.181599,0,0,0,0,0.018163064,0,0,0,0,0,116.89584,0,6.598959,0.072989777,3.1772051,0,63.854221,0.26972321,0,0,0,0.018828722,0,2.3899188,0,0.70695102,0,15.486176,0,0.00064568123,0.0077907499,0,1.0684435,0.07761462,9.4677191,0.04057055,0,0.010094495,0,1.7658031,0,,3.1501918,0.091967031,0,0.32830685,7.2059703,0.046095312,0,0,0,0,0.035994105,0.0064657917,1.5083202,1.398212,0.00068351417,0.1453882,0.094735593,0,0,0,0.12057126,0.089474678,0.029088369,0.52009946,,0,0.060757574,32.89901,2.2624791,0.00064568123,0,0.00015410596,0.048477497,0,5.8360953,1.662266,0,1.3498305,10.242819,146.03343,,3.7742233,0.049409397,4.6893935,0,0,0,0,0,0,0,0,0,0,7.358211,0,0.015986336,0,0,0,0,0.012925353,3.3265922,0,0,0,0.039306551,0,0,0.90725172,0,0.088324785,86.702423,0,0.0000262308,0,5.4844537,0.0024490489,,21.809834,0.0033884142,0.012322473,0.24281316,0.0000033545159,0,0,0,0,,3.1278155,2.9868155,0,0,0,27.127773,0,0,0,0.07877934,0,6.701932,0,0,10.64453,0,0.4714078,2.9948933,683.42664,0.028780838,0,0,7.9287858,0.48716667,0,0.097167358,0,0.00072891358,3.2452729,0,47.969933,0,0,0,0.0025461027,0.86835486,0,0,0.44526598,0.0010517542,0.033097219,0,1.367993564,332.2026496962,1103.109546946,1.8569326179,2357.124345434,580.5332033,194.30171704128,101.73745348813,1078.95264702061,18.3393407148159,375.9351696392,7.32481422996
"1999-01-01 00:00:00",16.435995,80.122887,11.795596,36.126553,2.8703306,0.077475823,,0,0,0,4.9546819,0.036614593,1.1017668,0,0,0.16479896,0,545.36194,41.497704,0.00059019303,0,0,0,0.00026230802,0.00027239678,0,0,,9.123456,0.047531068,22.367418,27.763868,0.012983843,0,0.058733411,2.1881356,0.12933798,0,0.00015965478,24.90831,0,,39.933662,90.800919,0,1.5199354,5.3124027,0.00030770747,0,0,7.5414062,0,0,0,0,0.014359118,0,0,0,0,0,121.46897,0,5.810317,0.066733502,3.8171325,0,61.309818,0.26333165,0,0,0,0.024544967,0,2.2554142,0,0.68114489,0,18.950096,0,0,0.010387675,0,1.107252,0.071793526,7.8797579,0.061594989,0,0.0035627733,0,1.7088252,0,,3.5938177,0.072374888,0,0.17885822,7.319591,0.088295221,0,0,0,0,0.039365243,0.0043105278,1.6901317,1.2684706,0.0006330703,0.11657251,0.095358849,0,0,0,0.11133,0.077217855,0.0060687982,0.51924616,,0,0.059225868,30.804768,2.2765458,0,0,0.00010164436,0.049160279,0,5.7337737,1.4318181,0,1.1787449,13.194335,154.80844,,3.7958176,0.042350914,3.9538152,0,0.0095792115,0,0,0,0,0,0,0,0,7.3673639,0,0.013165214,0,0,0,0,0.011632856,3.3981731,0,0,0,0.040429585,0,0,0.85514605,0,0.029441603,90.542793,0,0.036356848,0,4.5993528,0.0017857122,,19.135262,0.0039097262,0.014916674,0.21384814,0.0000010063548,0,0,0,0,,2.5740035,3.0817752,0,0,0,27.074091,0,0,0,0.34549639,0,5.7698674,0,0,11.749734,0,0.40280741,2.8829308,712.75909,0.027934341,0,0,6.9212451,0.33400202,0,0.048061285,0,0,3.5779946,0,48.806145,0,0,0,0.0015284485,0.9218455,0,0,0.44810206,0.00052461604,0.081054434,0,1.193104018,313.7710713652,1091.992320164,1.688208346,2384.35300090683,579.755622,196.1672126555,97.62004540732,1130.89130073379,19.0237000836648,353.8568106642,7.03830936236
"2000-01-01 00:00:00",15.65649,82.317467,12.27523,38.855297,2.7626152,0.079955034,,0,0,0,5.1246729,0.13254488,1.3476729,0,0,0.16609152,0,569.49908,42.143635,0.00059019303,0,0,0,0.000077935743,0.00053470477,0,0,,9.225769,0.046006303,26.391502,29.41704,0.016370945,0,0.089857116,2.1982558,0.10487301,0,0.00052966038,26.413218,0,,44.94006,93.998444,0,1.5067797,4.8368444,0.00019446104,0,0,8.5514383,0,0,0,0,0.00034301815,0,0,0,0,0,127.8085,0,6.6353965,0.066733502,3.8308408,0,59.337093,0.32916456,0,0,0,0.030261215,0,2.2116728,0,0.67163742,0,18.886049,0,0,0.0019471325,0,1.0523729,0.16428432,8.3163986,0.072682068,0,0.0029221112,0,2.062499,0,,4.9078913,0.073011592,0,0.14524728,7.2498035,0.16425511,0,0,0,0,0.043731943,0.0053881598,2.1658072,1.2922566,0.00072639139,0.085792124,0.10720079,0,0,0,0.092067234,0.0594455,0.047560982,0.48084667,,0,0.054630764,31.481224,2.3650303,0,0.000011299422,0.000048930531,0.042673856,0,6.4337034,1.6950201,0,1.2206434,14.307723,160.61284,,3.4489455,0.071290702,4.4660583,0,0.13730213,0,0,0,0,0,0,0,0,7.8078914,0,0.0089335553,0,0,0,0,0.010986594,3.3157272,0,0,0,0.040991124,0,0,0.88579643,0,0.054761361,96.471176,0,0.087646008,0,3.8822272,0.0006633366,,22.491821,0.0063858884,0.014268143,0.43324277,5.5992672e-7,0,0,0,0,,3.216877,2.3812537,0,0,0,28.896526,0,0,0.00014174721,0.2986407,0,5.8839607,0,0,12.397948,0,0.52710897,3.1660299,765.98016,0.027934341,0,0,7.3039703,0.32434878,0,0.34478739,0,0,3.6062512,0,48.881943,0,0,0,0,0.82528448,0,0,0.28502697,0.00052461604,0.049308106,0,1.220997717572,322.3481835964,1137.318229628,1.640516700072,2512.74865743843,605.6454095,203.9430078783,101.098953001843,1208.95972097106,19.8839358127267,365.4708129924,7.746817282103
"2001-01-01 00:00:00",13.792459,83.77948,13.212048,41.396034,2.6206553,0.083054081,,0,0,0,5.888648,0.049063578,1.3915435,0,0,0,0.017865142,552.71979,40.786671,0.00059019303,0,0,0,0.0019168662,0.00071378046,0,0,,10.238032,0.049785025,27.888544,26.581032,0.016370945,0,0.099395014,2.3927085,0.11212505,0,0.00030014091,24.112198,0,,47.840027,93.048149,0,1.5906087,5.036448,0.00031275186,0,0,8.3183622,0,0,0,0,0.001795801,0,0,0,0,0,127.05836,0,7.0728559,0.064648077,3.2058678,0,59.41066,0.29976344,0,0.00076926866,0,0.015784914,0,2.4101493,0,0.59693557,0,18.076185,0,0,0.0194769,0,1.2860467,0.16782787,8.851593,0.08130537,0,0.00049939408,0,2.6184192,0,,4.5841341,0.074543297,0,0.1146373,8.3335257,0.19411966,0,0,0,0,0.041037105,0.0053881598,2.6167653,1.398711,0.00070369168,0.076623499,0.11904274,0,0,0,0.08783941,0.077830695,0.045746163,0.337062,,0,0.054630764,31.817087,2.3545935,0,0.000041616175,0.000035310695,0.036187433,0,7.2510204,1.7546792,0,1.1955043,16.379261,165.73073,,3.465539,0.069173142,5.2152705,0,0.12772292,0,0,0,0,0,0,0,0,8.1404858,0,0.0056422451,0,0,0,0,0.0096940463,3.8321319,0,0,0.0000011072425,0.03790275,0,0,0.77238995,0.00080457935,0.11953288,99.646675,0,0.079855233,0,4.0954266,0.0022901506,,21.817823,0.0069071753,0.0084311599,0.48131239,0.0000022018739,0,0,0,0,,3.1434953,1.8675381,0,0,0,28.770351,0,0,0.000033545159,0.33056435,0,6.2572293,0,0,12.142572,0,0.51362342,3.1192017,807.60266,0.02310762,0,0,6.9009542,0.27865678,0,0.36568359,0,0.0017377905,3.9276702,0,48.900631,0,0,0,0,0.64883476,0,0,0.38783517,0.013662338,0.054711752,0,1.215206859175,324.8445193493,1125.954369166,1.672387086525,2552.17112226288,589.8236667,202.0001255046,100.599939599922,1267.69729387691,18.6055405496139,364.8896847833,8.55487124853
"2002-01-01 00:00:00",13.639601,85.187347,13.616845,38.142155,2.5060911,0.084293686,,0,0,0,6.4655676,0.018307308,1.3896194,0,0,0,0.091112256,552.46051,40.461178,0.00059019303,0,0,0,0.000044138367,0.0010567986,0,0,,10.529107,0.053563751,29.685944,24.2437,0.023145126,0,0.086343147,2.3449991,0.1082526,0,0.01085196,26.512518,0,,51.300541,96.05204,0,1.7123748,4.7839441,0.00031527405,0,0,8.7673445,0,0,0,0,0.0068765557,0,0,0,0,0,123.64209,0,7.1597614,0.18351711,3.5317509,0,57.771244,0.38796678,0,0,0,0.0059004924,0,2.673691,0.000073648021,0.53106213,0,17.591942,0,0,0.027916886,0,1.2949294,0.17834009,8.7602177,0.093624361,0,0.00098869938,0,2.6836102,0,,4.4855504,0.083733559,0,0.14464708,8.9858351,0.20320888,0,0,0,0,0.041289095,0.0053881598,3.1698895,1.2120831,0.00065324781,0.13818426,0.071051702,0,0,0,0.083611608,0.062509686,0.059306782,0.52991265,,0,0.081690833,33.789688,2.511143,0,0.000073900235,0.000041616175,0.060084779,0,7.662818,1.6809826,0,1.1354498,16.895426,172.4727,,3.1945877,0.069173142,5.6599936,0,0.24905969,0,0,0,0,0,0,0,0,8.2830095,0,0.0028211225,0,0,0,0,0.010534214,4.2584214,0,0,0.000022699731,0.034814376,0,0,0.83369076,0.00071125827,0.13719784,103.77116,0,0.091541387,0,4.067235,0.0049755038,,21.129297,0.0069071753,0.016862344,0.59470737,0.0000021539522,0,0,0,0,,2.9609821,1.8825862,0,0,0,28.488634,0,0,0.000013947724,0.24921049,0,5.7487388,0,0,10.867526,0,0.53473127,3.3341868,866.99817,0.026904579,0,0,6.2684426,0.21494539,0,0.37125295,0,0.0041239108,3.8160565,0,49.698078,0,0,0,0.009165925,0.53004378,0,0,0.51971328,0.011034945,0.04187813,0,1.233512511935,322.5177036693,1129.872257921,1.800161244205,2627.36490436265,589.9349791,200.4468449263,103.825245101078,1346.21587534058,17.3939362142522,360.5679662963,8.980057384131
"2003-01-01 00:00:00",14.003415,85.853683,14.391063,40.85923,2.247699,0.089871943,,0,0,0,6.8258963,0.043205231,1.0679018,0,0,0,0.10719091,562.97668,45.262695,0.00059019303,0,0,0,0.00076674647,0.0017655346,0,0,0,10.584423,0.054900765,32.198528,23.524578,0.029919306,0,0.092869088,2.3919857,0.088068932,0,0.060643367,24.515676,0,,53.44141,101.93191,0,1.6349707,4.9355555,0.00020429758,0,0,9.2772379,0,0,0,0,0.010235939,0,0,0,0,0,125.59,0,7.7327099,0.57557642,3.3360965,0,59.953159,0.37326622,0,0.0006053262,0,0.0096169179,0,3.3161423,0.000081466816,0.51340538,0,17.286074,0,0,0.014932287,0,1.8612009,0.18636285,8.915555,0.11949426,0,0.0054249838,0,2.5101097,0,,4.5667701,0.08674594,0,0.21006836,10.947953,0.20515656,0,0,0,0,0.041541088,0.0053881598,4.6320701,1.257659,0.00093573338,0.17747839,0.053600397,0,0,0,0.04195435,0.061896872,0.071025848,0.62761801,,0,0.076585159,37.972771,2.3777356,0,0.000041616175,0.00055488234,0.058036428,0,7.9559722,1.6388704,0,1.192711,18.866011,177.78268,,3.3384738,0.05999713,6.9311876,0,0.23373294,0,0,0,0,0,0,0,0,8.4280291,0,0.0056422451,0,0,0,0,0.010663477,5.6983471,0,0,0.000002214485,0.017407188,0,0,0.8582111,0.00099374377,0.22552262,108.2925,0,0.10971981,0,5.6594768,0.0058516124,,21.611919,0.0069071753,0.016213788,0.69207913,0.0000021060307,0,0,0,0,,2.9685082,1.8000804,0,0,0,28.617563,0,0,0.000017529237,0.3897776,0,6.3711214,0,0,11.144896,0,0.49310195,2.8381073,1037.3428,0.017657036,0,0,5.8549309,0.18920344,0,0.37682232,0,0.0024994926,4.2137685,0,49.8964,0,0,0,0.013748899,0.64119321,0,0,0.42824945,0.0183916,0.04322904,0,1.310179465175,332.3474054523,1157.677471595,1.797560176945,2857.57936170501,602.542196,211.2288500027,109.144517590955,1537.4538248182,18.2029197623307,369.6977058403,9.309347690531
"2004-01-01 00:00:00",13.573893,86.398621,16.524584,39.191772,2.0627775,0.066319309,,0.000016242919,0,0,8.607192,0,1.2560835,0,0,0,0.12148301,566.64044,42.086754,0.00059019303,0,0,0,0.0016570804,0.0013064956,0,0,0,11.766962,0.049595535,33.26564,23.718529,0.055322476,0,0.091363087,2.4671645,0.086778097,0,0.060643367,26.006317,0,,55.46072,107.6931,0,1.6441491,4.7664924,0.0004893053,0,0,9.6206436,0.075411759,0,0,0,0.0084167831,0,0,0,0,0,121.59054,0,7.358911,0.54220968,3.3747289,0,59.611629,0.4352642,0,0,0,0.0071195941,0,4.3161793,0.00028752993,0.57384592,0,18.063017,0,0,0.0051938249,0,1.9488227,0.18151195,8.8391914,0.10553274,0,0.000019572213,0,2.3899939,0,,5.4148126,0.097612403,0,0.11163635,9.7321548,0.18762738,0,0,0,0,0.0384483,0.0053881598,5.777317,1.2574925,0.0010694095,0.17289408,0.078530803,0,0,0,0.049690671,0.060058344,0.077848025,0.58068532,,0,0.089349374,41.99704,2.3977015,0,0.000067090317,0.0011148091,0.045063581,0,7.982965,1.685077,0,1.2143586,20.836594,197.56276,,3.0622945,0.073408231,6.9409261,0,0.27141121,0,0,0,0,0,0,0,0,8.5145655,0,0.0065826196,0,0,0,0,0.00012913626,5.1078048,0,0,0.0000027744115,0.040429585,0,0,0.88273138,0.0012409186,0.25378653,110.81796,0,0.11296597,0,4.3379927,0.0085554784,,21.179775,0.0075587835,0.014916674,0.73275346,0.0000035562912,0,0,0,0,,2.5031304,2.3890374,0,0,0,27.236513,0,0,3.2536283e-7,0.28164905,0,6.1348858,0,0,12.115691,0,0.53062695,2.4377992,1197.6724,0.0039230939,0,0,5.4631095,0.15059049,0,0.39943358,0,0.0032704261,3.9156611,0,51.878593,0,0,0,0,0.77526718,0,0,0.42362225,0.017866127,0.04322904,0,1.344325483417,330.2508442555,1164.660591241,1.774382476917,3056.91467647063,603.6091078,208.1118871907,114.694811027124,1733.85769330932,19.4690045826212,367.7937728245,9.378399736366
"2005-01-01 00:00:00",14.881136,83.289726,16.496691,40.100056,2.2470765,0.087392733,,0.000065577005,0,0,9.7216511,0.037346885,1.2137523,0,0,0,0.14053918,574.97247,40.3531,0.00059019303,0,0,0,0.00034301815,0.002111075,0,0,0,12.404114,0.04429033,34.617966,28.272848,0.058145061,0,0.10943493,2.3536735,0.084489837,0,0.059366658,25.40481,0,,57.290253,104.75184,0,1.588467,4.5210781,0.00091303367,0,0,8.6132507,0.090256602,0,0,0,0.017082356,0,0,0,0,0,120.2516,0,7.5038238,0.55472219,3.3984067,0,58.559513,0.48128334,0,0,0,0.0046222708,0,4.217761,0.00097356626,0.48827836,0,17.739788,0,0,0.0051938249,0,2.163357,0.16839831,8.4887047,0.10379124,0,0.00015637593,0,2.5347488,0,,5.6215019,0.089644447,0,0.10923555,12.204701,0.23631959,0,0,0,0,0.036583241,0.009194375,5.9986763,1.2430215,0.0008348457,0.18795681,0.076037772,0,0,0,0.048969779,0.073540822,0.078266554,0.55764562,,0,0.074032322,43.09248,2.4802868,0,0.00033797379,0.00075413554,0.040284105,0,7.9685268,1.7576036,0,1.4454987,23.879354,208.526,,2.6340458,0.082584269,7.0272737,0,0.26119336,0,0,0,0,0,0,0,0,8.3991442,0,0.0084633678,0,0,0,0,0,2.8562038,0,0,0,0.032568287,0,0,0.87353629,0.002111075,0.28028399,115.15118,0,0.11880904,0,3.6860602,0.013967776,,20.80537,0.0069071753,0.014268143,0.70255584,0.0000035058474,0,0,0,0,,2.7239027,2.3719134,0,0,0,27.105749,0,0,0.00011198534,0.33931762,0,5.9000587,0,0,12.168843,0,0.59746838,2.0247271,1373.876,0.029088117,0,0,5.1853361,0.10811625,0,0.50255376,0,0.0035189628,3.7574241,0,52.714802,0,0,0,0,0.99478734,0,0,0.46191797,0.017340653,0.036474485,0,1.60345820979,322.6468990063,1179.578591531,2.11002796469,3260.20471913086,614.28292,206.0501230306,112.23845241198,1934.72994757671,20.0570756126774,363.2234524313,9.622748067595
"2006-01-01 00:00:00",13.806983,83.714981,16.876316,43.822018,2.0939093,0.036568586,,0.000038589544,0,0,10.502691,0.24824701,1.3007237,0,0,0,0.27214578,566.16046,43.36977,0.0011778638,0,0,0,0.001873989,0.0027198063,0,0,0,12.593598,0.037521649,36.016136,30.81333,0.061532136,0,0.11445487,2.7208929,0.085311264,0,0.05139045,22.718004,0,,59.316315,106.99107,0,1.6003989,4.5352573,0.00026230802,0,0,7.5060711,0.099163525,0,0,0,0.0092619443,0,0,0,0,0,123.08186,0,8.5194674,0.62562656,3.399653,0,60.134403,0.33427781,0,0.000061037055,0,0.0033000617,0,4.3161793,0.0000083736786,0.41900939,0,16.982,0,0,0.0051938249,0,2.127759,0.18328026,8.2583103,0.10305373,0,0.0055463766,0,2.528589,0,0.3379572,5.636065,0.082988128,0,0.11403712,13.087712,0.31487638,0,0,0,0,0.037607454,0.0081258984,6.1629109,1.1443847,0.00082223472,0.26130581,0.091619298,0,0,0,0.048248883,0.079669222,0.07868509,0.52991265,,0,0.099050149,46.382179,2.6912882,0,0.00061037054,0.00039598421,0.021849021,0,7.9503226,1.5523062,0,1.3554169,25.053734,221.86194,,2.7349708,0.076231651,7.4031782,0,0.27332705,0,0,0,0,0,0,0,0,7.733717,0,0.0075229937,0,0,0,0,0,5.0017118,0,0,0.0000060784837,0.025268484,0,0,0.86434114,0.0065945997,0.41453764,113.73834,0,0.03830456,0,5.4785805,0.013254348,,20.84568,0.0071678185,0,0.66003275,0.0000014527828,0,0,0,0,,2.5294726,2.9707294,0,0,0,26.827246,0,0,0.00022346625,0.39286697,0,6.0471525,0,0,12.254375,0,0.5740152,2.1571398,1527.7837,0.032855038,0,0,5.0139146,0.084948473,0,0.49262804,0,0.0120015,3.5250134,0,53.714725,0,0,0,0.00050948287,0.89614224,0,0,0.49118894,0.0183916,0.036474485,0,1.63743499484,329.1647949825,1181.330644409,2.38865936944,3444.67267638905,606.075418,215.31124057157,114.370201230384,2107.25501878699,20.6206826752828,371.4036046625,9.6365104623276
"2007-01-01 00:00:00",14.356855,86.322746,17.091301,40.862473,2.0995128,0.049088676,,0.0000013317176,0,0,11.270604,0.13913548,1.3753806,0,0,0,0.1310111,573.78534,44.756439,0.0011778638,0,0,0,0.00034301815,0.0040250407,0,0.055113509,0,13.592942,0.04133359,37.570351,36.23288,0.10556432,0,0.13453467,2.4577672,0.088831663,0,0.043414272,24.182394,0,,63.575092,110.20288,0,1.6104951,4.3389258,0.00026735238,0,0,7.6852121,0.12766561,0,0,0,0.0151639,0,0,0,0,0,118.86952,0,8.2815762,0.62562656,2.9416718,0,59.088448,0.5183543,0,0.00038841763,0,0.0015612371,0,5.5283618,0.00066838099,0.45839763,0,15.027673,0,0,0.016110227,0,1.6211237,0.15799668,8.7882833,0.080327667,0,0.010688749,0,2.5763273,0,0.26133814,5.7217655,0.074609652,0,0.078025386,12.110113,0.37200859,0,0,0,0,0.035397481,0.0054975473,7.7025399,1.1616836,0.00091051147,0.24820776,0.075414509,0,0,0,0.050151981,0.099280104,0.081614845,0.60543162,,0,0.090881072,49.160988,2.7588995,0,0.00049182749,0.00079196843,0.024580127,0,8.3834629,1.4762701,0,1.4434038,26.94787,241.80037,,2.7390623,0.085407667,7.960218,0,0.28609934,0,0,0,0,0,0,0,0,7.9740696,0,0.036204357,0,0,0,0,0,4.4022222,0,0,0.00039850641,0.047167849,0,0,0.78465015,0.0017176131,0.4286696,118.12697,0,0.0415507,0,4.6522121,0.016510196,,21.204468,0.0065162103,0.011673917,0.70625353,0.000001152642,0,0,0,0,,2.6624377,2.9826643,0,0,0,28.934149,0,0,0.012598906,0.34498149,0,6.7765856,0,0,12.76635,0,0.51890039,2.286124,1639.3911,0.011676187,0,0,4.5731153,0.053414587,0,0.64621514,0,0.0086625703,3.0870357,0,54.030727,0,0,0,0.0015284485,0.982283,0,0,0.38774914,0.1276902,0.036474485,0,1.59007062749,328.3908172623,1202.692133876,2.13478308759,3609.80587249941,614.829602,215.4458146018,117.55449786686,2254.13430065085,21.477907931342,376.3382138413,10.0255356072576
"2008-01-01 00:00:00",13.413426,82.022232,16.949791,37.851063,1.5397673,0.072021529,,0.031163024,0,0,13.851318,0.14133236,1.3411307,0,0,0,0.33169627,564.65448,44.470131,0.0011778638,0,0,0,0.00074909115,0.0059230411,0,0.05033822,0,14.470841,0.054900765,36.100281,36.318996,0.1157256,0,0.11947481,2.3760824,0.091295972,0,0.058409132,15.0662,0,,70.390762,118.95698,0,1.5899968,4.3765559,0.00062550372,0,0,7.949717,0.12766561,0,0,0,0.018424287,0,0,0,0,0,128.59001,0,8.2979097,0.62562656,2.580272,0,58.164146,0.45827377,0,0,0,0.024257438,0,4.5879226,0.0021161195,0.47333801,0,16.280478,0,0,0.021364331,0,2.0430279,0.15736347,8.2824593,0.11755154,0,0.0081239315,0,2.290411,0,0.39351183,6.8532357,0.085418433,0,0.11883867,10.742052,0.42329773,0,0,0,0,0.035307139,0.0071296073,8.5231628,1.2880982,0,0.21218817,0.071674958,0,0,0,0.05205505,0.099280104,0.071536466,0.83881503,1.4686487,0,0.090370506,57.322388,2.7298584,0,0.00031022966,0.0029233219,0.032773521,0,7.9547167,1.3175336,0,1.004866,30.879902,250.06429,,2.6906457,0.076937489,7.3655229,0,0.28801519,0,0,0,0,0,0,0,0,7.7413249,0,0.056422379,0,0,0,0,0,3.2607634,0,0,0.0083040912,0.072436355,0,0,0.70495909,0.0030531392,0.46517718,112.56452,0,0.067519873,0,4.1095223,0.016942877,,20.075809,0.00534329,0.015565231,0.72843951,0.000001717613,0,0,0,0,,2.6003456,3.7724373,0,0,0,26.553787,0,0,0.0073015704,0.31305781,0,6.6783891,0,0,12.615445,0,0.46730351,2.5910025,1696.9418,0.02995888,0,0,4.0182681,0.048909724,0,0.67024577,0,0.008161108,2.9196153,0,53.679768,0,0,0,0.0010189657,1.0343843,0,0,0.39540511,0.1823395,0.04728175,0,1.35529678666,304.971367887,1168.676965367,1.91645172686,3675.02431152475,601.950319,233.2954558057,125.44805584315,2328.93507994212,22.151309084713,353.845820847,9.39827100206
"2009-01-01 00:00:00",10.818997,77.525131,13.571943,31.584599,1.6001625,0.098301314,,0.058430672,0,0,14.699961,0.23799491,1.4546555,0,0,0,0.53238147,496.64987,38.791992,0.0017680569,0,0,0,0.00062802591,0.0021438636,0,0.068351842,0,14.345479,0.057978291,34.796574,36.956047,0.1157256,0,0.11194488,1.7956158,0.084196486,0,0.059366658,10.774616,0,,73.32045,109.42955,0,1.5138165,4.1409583,0.00017024799,0,0,8.0203066,0.15082355,0,0,0,0.024945064,0,0,0,0,0,114.30311,0,7.1949425,0.62562656,2.9086475,0,54.457478,0.50045794,0,0.00071378046,0,0.031740177,0,4.4495902,0.0062061823,0.3558524,0,13.479774,0,0,0.0220738,0,1.5762907,0.16395943,7.7577076,0.11498524,0,0.0052329437,0,2.1040776,0,0.2164315,6.7568927,0.090575211,0,0.10743498,10.928921,0.37274936,0,0,0,0,0.034473501,0.0077896649,9.110342,1.2441858,0,0.15848622,0.064819083,0,0,0,0.074257553,0.079669222,0.076433353,0.73854977,1.6773264,0,0.07862743,51.481617,2.9027433,0,0.00059523742,0.00112742,0.034821868,0,7.7281027,1.0691845,0,1.0781884,32.509415,261.93564,,2.4267411,0.069173142,8.0056639,0,0.18775268,0,0,0,0,0,0,0,0,7.7918439,0,0.10626213,0,0,0,0,0,3.6090808,0,0,0.023251487,0.048852421,0,0,0.62526804,0.0047666663,0.45516703,105.78895,0,0.06687066,0,4.0014544,0.014321387,,18.724907,0.0028671275,0.014916674,0.52260298,0.0000015587149,0,0,0,0,,3.6126363,3.4501975,0,0,0,22.377602,0,0,0.008109807,0.36356929,0,6.0700922,0,0,10.63781,0,0.43681443,3.2131174,1834.6704,0.041049916,0,0,3.1205776,0.050840385,0,0.80920553,0,0.0046436084,2.3502445,0,55.176361,0,0,0,0,0.84751433,0,0,0.096392162,0.26273701,0.10874803,0,1.63611017142,274.0858752535,1065.256205705,1.99733770972,3682.53579354009,529.956393,207.4418388364,115.40163902551,2475.42411328199,20.7121867745149,324.0946741425,9.50494847918
"2010-01-01 00:00:00",11.417978,79.434128,14.812189,33.274082,1.9122876,0.079335235,,0.11036905,0,0,17.161222,0.19991572,1.4150181,0,0,0,0.57406682,525.4726,41.773899,0.0023582499,0,0,0,0.0013443285,0.0028561307,0,0.086365439,0,14.654133,0.060631435,36.641174,34.874493,0.11685464,0,0.11545885,2.2618687,0.08167351,0,0.060707178,8.5066967,0,,81.886635,110.28878,0,1.5043321,3.9342649,0.00028500773,0,0,7.7317929,0.17041874,0,0,0,0.028205425,0,0,0,0,0,119.58997,0,6.6598973,0.62562656,1.6730331,0,57.92783,0.51388019,0,0.0016974355,0,0.036086898,0,4.2194014,0.0070517473,0.46179318,0,12.538224,0,0,0.024670724,0,1.3515222,0.35851449,7.7616239,0.11315163,0,0.0016747358,0,2.1708086,0,0.44165918,7.4564996,0.11145755,0,0.11163635,13.37609,0.41748649,0,0,0,0,0.039613202,0.021430893,12.87565,1.1541985,0,0.19647054,0.063572563,0,0,0,0.11941849,0.10234431,0.078539029,0.72020334,1.75894,0,0.076424673,55.712002,3.1019468,0,0.00087772298,0.0086052408,0.031407952,0,7.7199421,1.1516544,0,0.91757751,38.039982,279.39105,,2.4978883,0.074819952,6.7026582,0,0.31355977,0,0,0,0,0,0,0,0,6.9321856,0,0.025390079,0,0,0,0,0,4.4507952,0,0,0.02768033,0.033691321,0,0,0.47201607,0.010337684,0.43985742,113.79633,0,0.069467582,0,3.9162922,0.014494888,,18.809156,0.0035187611,0.014916674,0.72166044,0.0000031527404,0,0,0,0,,3.747483,4.3769612,0,0,0,23.105751,0,0,0.0086166672,0.33149117,0,6.56007,0,0,13.26366,0,0.24684414,3.3451588,1970.1826,0.055274427,0,0,3.885329,0.050840385,0,0.8452515,0,0.0054373425,2.7126355,0,50.942356,0,0,0,0.00050948287,1.0448046,0,0,0.0020076651,0.38096869,0.1195553,0,1.52072747798,281.2051878351,1115.258013445,1.75765927108,3914.66294377872,561.954441,219.85426689037,116.3074462484,2653.17418398893,24.6931827833404,329.1916113261,9.48781154158
"2011-01-01 00:00:00",9.6473198,80.959259,16.630716,33.392796,1.9068707,0.044006281,,0.11296597,0,0,18.187731,0.20577407,1.4881357,0,0,0,0.90457207,495.80722,46.093182,0.0011778638,0,0,0,0.0030801517,0.0059061171,0,0.077586927,0,15.227515,0.065106943,38.681541,37.036278,0.12927397,0,0.10792892,2.1129568,0.082377605,0,0.32875082,14.262099,0,,88.506447,106.90125,0,1.5376801,3.9315381,0.0032627082,0,0,8.6751051,0.23870498,0,0,0,0.034726202,0,0,0,0,0,124.32053,0,8.067977,0.62562656,2.316699,0,59.100368,0.55095118,0,0.0025807072,0,0.14738345,0,4.1937032,0.006780107,0.48420373,0,8.5727053,0,0,0.02077535,0,1.4152157,0.36607802,7.6369624,0.12226996,0,0.0050649913,0,2.3155634,0,0.44652018,7.9729428,0.12560034,0,0.11883867,14.875074,0.40076751,0,0,0,0,0.037406005,0.082300976,12.870707,1.3348384,0,0.21808229,0.055470172,0,0,0,0.15928215,0.10540853,0.08276625,0.78036255,1.7006446,0,0.12577473,59.907246,3.134618,0,0.013403712,0.078751728,0.038304057,0,7.9195633,1.1701055,0,0.80933964,38.113888,295.73651,,2.639956,0.074114092,8.1342115,0,0.31419837,0,0,0,0,0,0,0,0,7.1746778,0,0.069117405,0,0,0,0,0,3.4301288,0,0,0.094113141,0.040991124,0,0,0.43523562,0.0094768861,0.46753249,110.42046,0,0.073362961,0,3.26436,0.009135507,,19.037575,0.0016949133,0.014916674,0.73768365,0.0000032031844,0,0,0,0,,4.1219177,4.9602103,0,0,0,21.763241,0,0,0.0096304119,0.37052041,0,8.0762854,0,0,13.973581,0,0.21225078,3.8870308,2195.72,0.044018563,0,0,3.6362424,0.057919424,0,0.76218909,0,0.0041202786,2.7740936,0,49.13945,0,0,0,0,1.2358426,0,0,0.0014250387,0.7777006,0.14657342,0,1.762041624,291.9591263793,1097.763166114,1.9994929688,4158.43334039709,532.445535,233.3332079416,113.1843969767,2898.8948323331,26.7461654821844,343.7872370773,10.0419655862
"2012-01-01 00:00:00",11.258204,84.865211,17.134161,41.519428,2.0783434,0.064088002,,0.11556287,0,0,18.622883,0.2116324,1.503144,0,0,0,1.2350773,438.31256,46.331455,0.0017680569,0,0,0,0.0018008454,0.0016369029,0,0.11379632,0,15.489157,0.069582447,38.347019,36.359478,0.24499954,0,0.095379055,1.8939265,0.085311264,0,0.46203855,16.207579,0,0,86.68232,111.45185,0,1.5147343,3.7592027,0.022240693,0,0,7.9568992,0.20723392,0,0,0,0.041309021,0,0,0,0,0,130.22195,0,7.3337817,0.62562579,3.0307758,0,58.159622,0.57012582,0,0.0037147102,0,0.13924815,0,3.7666783,0.003493312,0.50593513,0,8.905509,0,0,0.031163024,0,1.7290528,0.36071357,8.361433,0.1277553,0,0.0052329437,0,2.3520088,0,0.40091911,9.053441,0.13116555,0,0.1146373,13.226133,0.42145196,0,0,0,0,0.037714746,0.15620694,13.837987,1.272629,0,0.20498425,0.051107362,0,0,0,0.1486526,0.085184775,0.082096584,1.0960915,1.5951201,0,0.17512475,60.799274,3.447263,0,0.14233848,0.11759036,0.03639226,0,8.8975821,1.4242146,0,0.64593542,38.691372,349.52249,,2.5926759,0.074114092,8.0186491,0,0.31739146,0,0,0,0,0,0,0,0,7.4008846,0,0.12130813,0,0,0,0,0,2.9559057,0,0,0.1240079,0.035937406,0,0,0.3800649,0.012408304,0.51581675,115.88949,0,0.071415275,0,2.5589809,0.011772207,,18.191809,0.00013039734,0.014268143,0.64832348,0.0000022018739,0,0,0,0,,3.5931933,5.6949792,0,0,0,20.006876,0,0,0.010644131,0.33344778,0,7.0840545,0,0,14.43057,0,0.14892735,3.4978621,2324.2349,0.058416575,0,0,3.6425395,0.23039059,0,0.94294125,0,0.0042886352,2.5317931,0,48.755611,0,0,0,0.0010189657,1.1233039,0,0,0.0084480839,0.65158701,0.17088977,0,2.064660221,304.44658447034,1054.871381939,2.3283120329,4311.80684967111,471.545569,240.9946640919,118.055295353,3088.045703643,27.3597779136739,354.45458349634,11.3512561732
"2013-01-01 00:00:00",11.9803,85.155273,14.338677,39.03228,2.0502341,0.092351183,,0.12010748,0,0,20.205204,0.2109001,1.5489388,0,0,0,1.4095603,454.97827,45.077511,0.000071125825,0,0,0,0.00225484,0.00071882486,0,0.057786077,0,15.368336,0.072570793,38.771763,30.955755,0.29693493,0,0.098893017,1.9835627,0.061020434,0,0.48605523,12.048965,0,0,87.660904,110.20956,0,1.3617617,3.6250429,0.23718871,0,0,8.2948666,0.20782772,0,0,0,0.057993628,0,0,0,0,0,115.54625,0,5.5523229,0.52260607,2.7647104,0,58.993923,0.50684953,0,0.002531802,0,0.15243727,0,3.5397699,0.0050706659,0.52630836,0,5.9617472,0,0,0.028651727,0,1.505695,0.33548886,8.4815254,0.13466758,0,0.0023607721,0.010075629,2.3124835,0,0.38703045,10.615093,0.11666535,0,0.15004884,13.384164,0.44355822,0,0,0,0,0.051835619,0.2530196,13.12729,1.1593549,0,0.23386525,0.046744522,0,0,0,0.10712472,0.074153669,0.33905074,0.86270809,1.6514393,0,0.15234485,60.355965,3.5795946,0,0.15773019,0.10614389,0.061040662,0,7.3589921,1.2388035,0,0.59146738,41.619213,359.09821,,2.5572159,0.084701829,8.4218216,0,0.36528754,0,0,0,0,0,0,0,0,6.5005732,0.017832203,0.2251253,0,0,0,0,0,3.720926,0,0,0.16109954,0.035375893,0,0,0.20229262,0.014826582,0.50757307,124.38263,0,0.049316127,0,3.2379303,0.0086752065,,16.526783,0.00013039734,0.0019118219,0.68653268,0.000058514863,0,0,0,0,,4.417326,6.4982705,0,0,0,19.32415,0,0,0.05526242,0.23391804,0,6.1330748,0,0,15.928,0,0.36293709,3.4235992,2395.9221,0.030703204,0,0,3.5424852,0.38041514,0,1.0228692,0,0.0039621121,2.5190778,0,44.656654,0,0,0,0.0006910807,1.2191702,0,0,0.027987104,0.70781267,0.070941001,0,2.216751498,292.37201611134,1062.351194528,2.499117011,4384.80615298709,487.686584,224.7919451048,116.9054241776,3178.019041954,30.456363938448,337.03007165634,9.9167221559
"2014-01-01 00:00:00",9.0134668,82.830887,13.619449,31.659203,2.0671985,0.098250113,,0.10322751,0,0,23.444834,0.19951306,1.7579857,0,0,0,1.4624788,453.94418,37.907917,0.000066585882,0,0,0,0.0019900098,0.0024364379,0,0.083996244,0,17.171511,0.1246104,38.982609,34.973766,0.50218701,0,0.090897821,1.8790418,0.071236931,0,0.99102962,13.126421,0,0,90.428719,110.79948,0,1.0767329,3.5207448,0.3561092,0,0,6.3683724,0.21673462,0,0,0,0.065033391,0,0,0,0,0,111.96734,0,5.5937328,0.74868262,2.8175287,0,57.697186,0.55694884,0,0.0015032267,0,0.1514152,0,4.7858944,0.0037103973,0.55630994,0,6.9525003,0,0,0.02984195,0,1.447785,0.39461535,9.5233173,0.11748117,0,0.001755446,0.011964827,3.4076762,0,0.3773084,11.04809,0.14262138,0,0.093120098,12.796029,0.46175548,0,0,0,0,0.047322709,0.22975539,13.266154,1.1404202,0,0.20352387,0.052826665,0,0,0,0.12746121,0.061396722,0.35856673,1.0788231,1.4407629,0,0.2476092,56.318024,3.5169408,0,0.21802017,0.17160068,0.064800598,0,6.9017625,1.3007452,0,0.70672357,43.700695,392.59286,,2.6905682,0.070584841,8.9510326,0,0.44910008,0,0,0,0,0,0,0,0,7.0574431,0.024939338,0.20841655,0,0,0,0,0,3.1118031,0,0,0.22421069,0.041018113,0,0,0.26604858,0.017227381,0.60486001,120.68509,0,0.059079912,0,2.5848496,0.0072613163,,16.344971,0.0018588558,0.0011778638,0.65993166,0.000060280399,0,0,0,0,,5.547246,5.9169049,0,0,0,18.791653,0,0,0.25307989,0.30450857,0,6.689013,0,0,17.341795,0,0.43445095,3.6802409,2357.0952,0.040517859,0,0,3.1708782,0.49409738,0,0.97128725,0.024238294,0.0014729603,2.279063,0,44.345375,0,0,0,0.00059271522,1.1705891,0,0,0.027219802,0.79735333,0.089744575,0,2.452255931,278.6076013858,1048.327687967,2.726058124,4366.4625177394,485.531862,210.63591521852,119.0521683701,3182.999839069,32.831903868981,325.6493077578,9.761521455
"2015-01-01 00:00:00",8.7076321,82.849037,13.173881,24.658314,2.1584601,0.10510939,,0.086347535,0,0,28.731333,0.14088094,1.5547264,0,0,0,1.1413935,392.17569,30.980587,0.00016570804,0,0,0,0.00045651683,0.0036122336,0,0.081693634,0,16.82428,0.15454055,37.979549,36.000465,0.59800249,0,0.081020087,1.931282,0.079339549,0,1.3470739,14.960511,0,0,91.56131,108.10912,0,1.1031146,3.5022748,0.36546025,0,0,7.8434968,0.23098566,0,0,0,0.064102404,0,0,0,0,0,126.08215,0,5.7174292,0.7679739,3.4274848,0,57.301205,0.63112736,0,0.001979921,0,0.153937,0,4.8969336,0.052166656,0.50644475,0,5.0524225,0,0,0.030464377,0,1.4138755,0.53481102,11.629979,0.1155543,0,0.0026432071,0.0088161724,3.5937998,0,0.39814138,11.91549,0.12429617,0,0.11006106,13.883446,0.44429901,0,0,0,0,0.054179188,0.23511255,15.001541,1.0077621,0,0.16503321,0.04545866,0,0,0,0.09843865,0.048611652,1.7386062,1.0765352,1.6520581,0,0.27311933,53.185188,3.5548196,0,0.22776875,0.083349988,0.068462417,0,6.7560277,1.4939846,0,0.81680852,49.273518,399.03946,,2.7075124,0.081878439,7.2612991,0,0.98348469,0,0,0,0,0,0,0,0,5.9066725,0.0000092060027,0.20695655,0,0,0,0,0,2.5119882,0,0,0.22753234,0.027368031,0,0,0.34286526,0.016026994,0.68904102,119.14417,0,0.073503822,0,1.8356543,0.0081677921,,16.600842,0.0027898727,0.0018689446,0.61984503,0.0000061037058,0,0,0,0,,6.62887,6.6480346,0,0,0,18.974907,0,0,0.61947387,0.21231273,0,6.8830557,0,0,17.106064,0,0.74548852,3.5927429,2290.7886,0.033811729,0,0,2.8840585,0.40153429,0,0.98974127,0.026178112,0.00010113991,2.6519001,0,45.67667,0,0,0,0.00065829221,1.1046783,0,0,0.017611107,0.71727121,0.076257356,0,2.250073174,273.3469192557,984.927583336,2.455056592,4258.3554684672,425.034043,214.43751331512,117.054287541433,3134.789387779,35.0177380329458,322.6941151747,9.328383624
"2016-01-01 00:00:00",8.1070147,81.25325,11.641328,11.898018,1.9133761,0.10317913,,0.078556783,0,0,33.240475,0.12431869,1.7261976,0,0,0,1.3598548,358.8064,33.550251,0.00026987458,0,0,0,0.0012232633,0.00014149499,0,0.086753353,0,17.174343,0.18734109,38.557095,38.103691,0.78224176,0,0.065675117,1.8873308,0.085625075,0,1.4362183,11.570989,0,0,87.492126,109.60519,0,1.1885704,3.3573933,0.37797794,0,0,7.815845,0.24167395,0,0,0,0.067755572,0,0,0,0,0,119.83708,0,5.0818343,0.59969765,2.9886026,0,57.773155,0.71460521,0,0.0023229392,0,0.19477247,0,5.2962775,0.059822392,0.50593549,0,5.7448978,0,0,0.10402301,0,1.2615532,0.67965585,10.773973,0.10276216,0,0.0029755312,0.0069269994,3.4727683,0,0.31504095,11.228452,0.1357981,0,0.08198195,11.698156,0.45525604,0,0,0,0,0.04885285,0.30504417,15.955696,0.91498327,0,0.16243444,0.050321095,0,0,0,0.075428329,0.036704585,1.7267578,0.86261141,1.7808396,0,0.27931973,54.577606,3.6228614,0,0.20881125,0.1136508,0.051218338,0,5.7493782,1.41249,0,0.93580377,53.232784,390.21487,,2.6886873,0.087525219,7.2461643,0,1.0602347,0,0,0,0,0,0,0,0,4.5911903,0.0000092060027,0.18198518,0,0,0,0,0,3.1962478,0,0,0.27084655,0.016995138,0,0,0.41409934,0.0090632206,0.72851723,121.02376,0,0.10647367,0,2.1217704,0.007384147,,17.107269,0.000094329997,0.0012283077,0.66458493,0.0000733958,0,0,0,0,,6.9261179,7.1080585,0,0,0,17.97974,0,0,0.72741467,0.22599967,0,5.8901386,0,0,19.132374,0,0.72788399,3.6787322,2190.1101,0.036778256,0,0,2.5665708,0.35906687,0,1.063333,0.050084461,0.00010113991,2.481005,0,46.673435,0,0,0,0.00068603631,0.88959312,0,0,0.017585332,0.89225382,0.059342925,0,2.572225392,250.507962817997,928.272661621,2.8272156446,4102.66424292599,388.484296,212.17594310922,118.523219717903,3035.344041666,37.64675777167,301.838599825997,8.6513848352