,"Argentina","Armenia","Aruba","Australia","Austria","Antigua and Barbuda","Azerbaijan","Bahamas","Bahrain","Bangladesh","Barbados","Belarus","Belgium","Belize","Benin","Bermuda","Angola","Bhutan","Bolivia","Bosnia and Herzegovina","Botswana","British Virgin Islands","Brazil","Brunei Darussalam","Bulgaria","Burkina Faso","Burma","Burundi","Cambodia","Cameroon","Canada","Cape Verde","Cayman Islands","Central African Republic","Chad","Chile","China","American Samoa","Colombia","Comoros","Cook Islands","Costa Rica","Croatia","Cyprus","Cuba","Czechia","Czechoslovakia","Democratic Republic of the Congo","Denmark","Dominica","Djibouti","Dominican Republic","Egypt","Ecuador","El Salvador","Equatorial Guinea","Eritrea","Estonia","Ethiopia","Congo","Faeroe Islands","Falkland Islands (Malvinas)","Algeria","Fiji","Finland","French Guiana","Gambia","Gabon","Georgia","Germany","Ghana","Gibraltar","Greece","French Polynesia","Greenland","Grenada","France","Guadeloupe","Guam","Guinea","Guyana","Honduras","Hong Kong Special Administrative Region (China)","Haiti","Hungary","Iceland","Inde","Indonesia","Iran","Iraq","Ireland","Israel","Italy","India","Ivory Coast","Jamaica","Jordan","Kazakhstan","Kenya","Kiribati","Kosovo","Kuwait","Kyrgyzstan","Laos","Lebanon","Latvia","Lesotho","Liberia","Libya","Japan","Luxembourg","Macao Special Administrative Region (China)","Lithuania","Guinea-Bissau","Macedonia","Madagascar","Malawi","Malaysia","Mali","Martinique","Mauritania","Mauritius","Mexico","Malta","Moldova","Mongolia","Montserrat","Montenegro","Morocco","Mozambique","Namibia","Nauru","Nepal","Netherlands","Maldives","Netherlands Antilles","Guatemala","New Zealand","New Caledonia","Nicaragua","Niger","Nigeria","Niue","Norway","Oman","Pakistan","Paraguay","Peru","Philippines","Poland","Papua New Guinea","Portugal","Puerto Rico","Panama","Qatar","Reunion","Romania","Russian Federation & USSR","Rwanda","Saint Helena","Palestinian Territories","Saint Kitts and Nevis","North Korea","Saint Lucia","Albania","Saint Pierre and Miquelon","Saint Vincent and the Grenadines","Afghanistan","Samoa","Saudi Arabia","Serbia","Seychelles","Senegal","Sierra Leone","Singapore","South Africa","South Korea","South Sudan","Somalia","Spain","Sri Lanka","Sudan","Solomon Islands","Suriname","Swaziland","Slovenia","Sweden","Switzerland","Syria","Taiwan","Tanzania","Thailand","Timor-Leste","Tajikistan","Togo","Trinidad and Tobago","Tonga","Tunisia","Turkey","Slovakia","Turkmenistan","Turks and Caicos Islands","Uganda","Ukraine","Uruguay","U.S. Pacific Islands","Uzbekistan","Vanuatu","United States Virgin Islands","Venezuela","United States of America","Viet Nam","Wake Island","Western Sahara","Yemen","United Arab Emirates","United Kingdom","Zimbabwe","Yugoslavia","Zambia","Sao Tome and Principe"
"1980-01-01 00:00:00",49.74349278707,,,37.72253947465,82.28698384031,0,,0,0,1.7857142777,0,,1.57452381677,0.111111109191,0,0,1.5142857782,0.017142857252,3.18206361023,,0,0,372.3011171407,0,10.4971428666,0,2.2514286726,0.0057142855956,0.13999999779,3.8571427654,720.5677216384,0,0,0.18857142512,0,21.25777790907,164.62285934,0,41.50428498494,0.0057142855956,0,5.993492342607,,0,2.77428575831,,13.714285569,11.997142818,0.085714283934,0.025714285878,0,1.83984130951,27.711426694,2.5085714616,4.408095237602,0.0057142855956,,,1.3514285622,0.28285713768,0.13999999779,0,0.70857143851,0,28.899999901,0,0,0.73428567089,,68.0129364044,15.074284976,0,9.7028574791,0,0,0,198.1625401635,0,0,0.42285713547,0.014285713989,2.2057142827,0,0.653412683814,0.31714284288,8.86571418089,,6.3828571959,15.888571056,1.9514285195,2.3799999508,0,139.3028580251,132.97143055,3.8428572875,0.4872222191,0,,3.36658720222,0,,0,,2.6285714298,2.4028570876,,0,0.94571427933,0,253.9285715915,0.32626984591,0,,0,,0.41714285127,1.10857143718,3.9942858188,0.23714285245,0,0.071428569945,0.23428571035,50.2857157301,0,,0,0,,4.2485713494,38.311428537,,0,0.50285714916,2.777777817,0,0,1.59690479811,59.77761823251,0.7885714522,1.540158810089,0,7.7828570575,0,236.33428833,0,24.648571991,2.04476186299,20.32039687364,15.5714283992,7.72627021091,0.89142859106,23.3388104165778,0.58285712796,2.83952378974,0,0.8628571468,35.731428174,525.78572905,0.31714284288,0,,0,29.982856408,0,8.3400001159,0,0.048571430819,2.0314284983,0.020000000515,0,,0,0,0,0,2.8342857773,4.3971429712,,0,84.26984248133,4.1828571974,2.8309523867,0,2.5228570558,0.35999999764,,168.1498425711,93.35841402514,7.2400001748,8.3000003591,2.8200000668,3.600000209,,,0.108571433527,0.069444441936,0,0.065714284582,32.2411898116,,,0,1.8085712982,,6.4257144437,0,,0,0,41.251428572,813.360889077,3.3942858615,0,0,0,0,11.2028571979,11.331428825,79.622858605,25.742858462,0.020000000515
"1981-01-01 00:00:00",47.08349314307,,,40.92539611765,86.61214499665,0,,0,0,1.4942856672,0,,1.84380958181,0.111111109191,0,0,1.5142857782,0.020000000515,3.329603123028,,0,0,375.3630664482,0,10.2285715092,0,2.4314286249,0.0057142855956,0.15142857782,5.1142857546,756.8283109745,0,0,0.18571428302,0,21.9716660486,185.27142425,0,41.54190320849,0.0057142855956,0,6.459206272307,,0,2.66857146572,,11.999999146,11.788571561,0.088571429523,0.028571429141,0,2.51698410351,28.882858444,2.2371428458,4.400793550279,0.0057142855956,,,1.4342857994,0.29142856398,0.13999999779,0,1.03428574258,0,38.622856677,0,0,1.1657142094,,69.1866639164,15.259999794,0,9.7085715307,0,0,0,204.4760382491,0,0,0.42285713547,0.014285713989,2.3457143619,0,0.667698417574,0.4742857049,9.19142831051,,8.3057144107,17.611427626,1.9514285195,2.442857077,0,131.679288704,141.59999504,4.9314284276,0.48484126735,0,,4.396706475203,0,,0,,3.111428561,2.4028570876,,0,0.89714282874,0,251.2057113323,0.363095244219,0,,0,,0.43428573876,1.08285711176,4.5085713968,0.23428571035,0,0.085714283934,0.16857143042,72.211427113,0,,0,0,,2.9457142029,9.4714285038,,0,0.59428573125,2.777777817,0,0,1.12142862315,59.6739275134,0.76571424562,1.491746008981,0,6.5457139467,0,262.50284666,0,25.580000083,2.15007942139,23.1124601918,18.0628572408,7.07626984818,0.87714282241,14.91658725831,0.35428571344,4.171428629,0,1.05714286775,36.014284893,528.55143609,0.29428572934,0,,0,30.434286488,0,8.6228570675,0,0.048571430819,2.0600000356,0.020000000515,0,,0,0,0,0,4.7314285969,6.4485713479,,0,62.94801805759,4.4457142706,3.5280950591,0,2.357142814,0.36857143557,,171.1052396794,101.48253746465,7.5142855838,13.628571306,2.9114287303,8.4085716426,,,0.108571433527,0.050000000706,0,0.082857142997,35.4573814126,,,0,1.4657143625,,7.2000003017,0,,0,0,42.66571333,771.10979274835,3.6771428131,0,0,0,0,12.482856975,11.634285655,71.554286756,27.645714868,0.020000000515
"1982-01-01 00:00:00",53.95492280107,,,39.8488872065,86.8113497424,0,,0,0,1.8914285354,0,,1.62023806711,0.111111109191,0,0,1.7142856089,0.022857142615,3.469603202228,,0,0,405.5554254436,0,8.6228570675,0,2.6200000035,0.0057142855956,0.15714285039,5.7942856907,734.7444379881,0,0,0.19428572095,0,24.52968276921,210.44571062,0,52.311905146,0.0057142855956,0,6.747777973307,,0,2.90063496219,,10.5714285612,11.657143257,0.08000000206,0.025714285878,0,2.36777779772,29.614286589,2.5428571668,4.746984046377,0.0057142855956,,,1.6400000306,0.49714286496,0.13999999779,0,1.3542857043,0,37.022858264,0,0,1.3771428411,,68.6735713438,14.117141791,0,10.1457145046,0,0,0,200.6118991083,0,0,0.42285713547,0.014285713989,2.4171429144,0,0.736269827974,0.45142857973,10.21428590337,,7.94857169472,18.228572413,1.7257142936,2.2628571247,0,127.3323081325,138.0285616,4.9457142544,0.5300793506,0,,4.60968267495,0,,0,,3.2514287565,1.8371428355,,0,0.9371428414,0,257.9106232318,0.331666657859,0,,0,,0.64571430068,1.15714288777,3.6857142394,0.30000000191,0,0.108571433527,0.26571427345,68.4685736369,0,,0,0,,1.6457143148,8.4542855673,,0,0.58857144705,0.83333332184,0,0,1.53777776181,55.89460105474,1.1657142094,1.297301615289,0,6.8399996993,0,261.4485639,0,26.92285687,1.925793631632,24.51674584796,20.4028569696,5.41015863004,0.86000002796,20.41627045336,0.29714285981,3.4843652124,0,1.2057143151,33.517143628,501.3142901,0.38000000397,0,,0,30.888571733,0,8.8371431902,0,0.051428570593,2.0200000462,0.034285714504,0,,0,0,0,0,2.9028570714,4.4571427227,,0,75.5432528965,4.5457141278,3.5995237279,0,3.0028571612,0.26857143881,,158.0872132517,103.89397144465,8.368571188,13.594286066,2.9371426603,10.8485713449,,,0.16285714622,0.047222221726,0,0.111428574464,39.457141705,,,0,1.5857143307,,6.9171426523,0,,0,0,45.239999874,907.22537800481,3.8199999181,0,0,0,0,12.979999933,10.1942856877,66.557143246,28.322856499,0.022857142615
"1983-01-01 00:00:00",52.86920764007,,,35.42825448465,85.9696018597,0,,0,0,1.8914285354,0,,1.52349205131,0.111111109191,0,0,1.7142856089,0.022857142615,3.419603345734,,0,0,437.065415756,0,9.4799999301,0,2.8085713821,0.065714284582,0.114285714238,5.7228571382,757.9685343173,0,0,0.18285714092,0,26.07285839781,244.38858668,0,52.27015750487,0.0057142855956,0,8.013492039907,,0,2.95492067372,,11.1428570975,12.662856811,0.17142857252,0.042857141967,0,2.45849206521,28.84014126215152,4.8914285545,4.220793597979,0.0057142855956,,,1.7799999935,0.65428570372,0.13999999779,0,0.66571430701,0.13999999779,38.414286583,0,0,1.5457143413,,63.7988869655,7.2857139832,0,6.6600000959,0.04571428523,0,0,196.4341216623,0,0,0.4371428576,0.014285713989,2.3742856666,0,0.764841225714,0.4371428576,10.77142840353,,8.96857118019,17.537143327,1.6971429889,2.2171428511,0,126.2145251073,142.48571258,3.0485714348,0.57841268857,0,,5.30287683442,0,,0,,2.9114287303,1.5828571886,,0,0.91428571623,0,268.6607195288,0.326031741431,0,,0,,0.69999998895,1.2657142992,4.8114285757,0.34857144087,0,0.111428574464,0.100000001412,62.4942840397,0,,0,0,,1.3599999885,14.314286573,,0,0.89714282874,0.55555554014,0,0,2.43849204725,60.09380911337,0.79428568988,0.99714283713,0,5.3028571332,0,299.15429157,0,32.145713094,2.256825407791,23.67150797671,19.5000001823,5.9871429569,1.08857143085,23.63230268847,0.31428571241,2.84023815086,0,1.2228571677,28.382856832,514.81716204,0.4314285734,0,,0,31.339998324,0,9.0485711241,0,0.051428570593,2.1314285881,0.034285714504,0,,0,0,0,0,1.7000000147,6.4914285957,,0,77.7520663416,3.4400001351,3.5995237279,0,2.0399999246,0.18571428302,,183.3372251127423,101.30825028465,7.9257141625,14.191428416,3.0400000085,10.34857171,,,0.054285717345,0.041666667255,0,0.085714283934,31.799999714,,,0,1.4657143625,,20.328572438,0,,0,0,52.308569662,976.3906241679873,3.9600001136,0,0,0,0,12.994285062,10.557142967,61.779999794,28.371428031,0.017142857252
"1984-01-01 00:00:00",58.72349261707,,,35.32539760165,83.2110326159,0,,0,0,2.5628571615,0,,1.60261908231,0.111111109191,0,0,1.7142856089,0.022857142615,3.468333370211,,0,0,479.6551204069,0,9.2171426243,0,2.8571429141,0.111428574464,0.085714283934,6.0171425419,815.804391624815,0,0,0.19714286305,0,27.19341214258,245.5199996,0,58.5557149923,0.0057142855956,0,8.510635114207,,0,2.97492068005,,9.142857046,13.274286616,0.191428576524,0.04571428523,0,1.81539679401,28.28585778815152,9.0371430209,4.889523928008,0.0057142855956,,,1.9514285195,0.70857143851,0.13999999779,0,1.4742857888,0.814206355187,37.471428527,0,0,1.7257142936,,63.9374631838,5.1400000335,0,8.1485717115,0.068571430171,0,0,186.9726205265,0,0,0.44285713017,0.014285713989,2.4714286143,0,0.793412681604,0.51142858709,11.20285711649,,9.71999990139,17.9085718,1.7257142936,1.9428572095,0,129.172379402,152.58570467,1.05428574891,0.37865079604,0,,5.27299593357,0,,0,,2.6857143881,1.6542857411,,0,0.63714286275,0,241.0061921446,0.348650797012,0,,0,,0.71999999528,1.3257142833,9.705714156,0.38000000397,0,0.102857142349,0.18571428302,70.8057144791,0,,0,0,,1.03428574258,1.5771429044,,0,0.95714284773,0.055555555177,0,0,1.87253969416,62.07543414866,1.13428568119,1.52285713472,0,7.340000032,0,299.70000606,0,36.280000155,2.57571434747,24.97745880788,26.999999823,5.2884125569,1.16000000661,28.4406342325023,0.38571428817,4.6171430292,0,1.15428568752,32.022858426,580.44286789,0.46000001766,0,,0,31.794284732,0,9.2599998721,0,0.062857143645,2.1628571512,0.04571428523,0,,0,0,0,0,1.6000000412,5.6514285857,,0,90.275636225,5.9114285168,3.5595237385,0,2.4171429144,0.36857143557,,196.731820707089,86.45682402065,9.4057143518,12.60000015,3.1257145041,11.5400001983,,,0.108571433527,0.033333333804,0,0.18857142512,37.740000483345,,,0,1.7485714304,,20.094286088,0,,0,0,55.599998059,951.214112555539,4.1714283964,0,0,0,0,11.4085716623978,9.7771430574,73.27143067,27.951428026,0.022857142615
"1985-01-01 00:00:00",58.67777973907,,,39.76539782065,88.9871436404,0,,0,0,2.1114284771,0,,1.63349198727,0.111111109191,0,0,1.7142856089,0.022857142615,3.377222283632,,0,0,512.9982357387,0,6.3257144702,0,2.8371429194,0.13142857149,0.100000001412,6.5571427477,863.857834929819,0,0,0.17142857252,0,30.10817537996,261.36001308,0,62.28008074586,0.0057142855956,0,7.853492082307,,0,2.92920639482,,12.285713356,14.214286018,0.248571428991,0.04000000103,0,3.06468234587,22.91157198615152,10.745714113,4.555238267418,0.0057142855956,,,2.1342856139,0.82285713414,0.13999999779,0,1.8257142671,0.831349242677,34.888571836,0,0,1.8857143675,,60.8886507754,8.5600002902,0,7.9771428366,0.091428569297,0,0,175.8546022015,0,0,0.46000001766,0.014285713989,2.4742856401,0,0.876031709655,0.4371428576,10.99428551059,,11.99142838261,17.914285619,1.7257142936,2.3542857882,0,124.7257111225,144.30856389,3.8399999128,0.35047620227,0,,6.10597208648,0,,0,,2.4485714775,1.6542857411,,0,0.74000000161,0,269.6563528966,0.294523810559,0,,0,,0.72857143321,1.3428571359,10.7885712445,0.38000000397,0,0.088571429523,0.32571429244,78.8828599641,0,,0,0,,1.3285714254,0.4257142892,,0,0.94857139817,1.1196824973923,0,0,2.07825404166,59.94059664474,1.3685714148,1.60285714841,0,8.5085716161,0,289.922148840353,0,34.611430099,11.611110736591,27.39492143098,29.168571491,6.651031854,1.1885714625,31.4818262930912,0.52285715549,5.72373022556,0,1.3799999832,33.6400010885956,585.84572395,0.4628571365,0,,0,34.791429935,0,9.4714285038,0,0.074285716697,2.1999999985,0.048571430819,0,,0,0,0,0,1.7828571356,9.008571251,,0,89.8825414109,6.7714288704,4.0280951592,0,2.7485715143,0.52857143969,,205.144124650452,91.49333290584,9.4542856512,16.974285054,3.1828572298,10.4400001409,,,0.21714286938,0.044444443909,0,0.30857142821,33.7885701531912,,,0,1.794285704,,18.240000051,0.04571428523,,0,0,62.357143196,842.847477377468,4.3142856177,0,0,0,0,11.6600003997978,8.7571427462,69.6085738,28.148571645,0.022857142615
"1986-01-01 00:00:00",59.70349107807,,0,42.17396733165,89.698095077,0,,0,0,1.2857142939,0,,2.2269047242,0.111111109191,0,0,1.8857143675,0.85714282771,3.325634768155,,0,0,525.1760064127,0,6.5771430913,0,2.9457142029,0.17428571462,0.114285714238,6.5628567993,883.938712215134,0,0,0.21714286938,0,33.04174537404,267.30001232,0,72.57016158056,0.0057142855956,0,8.187777591707,,0,3.22126977072,,11.4285714238,14.868572373,0.471428584897,0.037142857767,0,2.68182530447,22.62885812429141,12.200000256,4.603650802199,0.0057142855956,,,2.3457143619,0.7571428891,0.13999999779,0,0.70571427315,0.995555515417,35.045715233,0,0,1.8999999617,,63.9073828866,12.539999817,0,9.2057145211,0.100000001412,0,0,178.0930898242,0.085714283934,0,0.46571430186,0.014285713989,3.6342855653,0,0.952777815654,0.43428573876,11.59428547952,,16.4828574269,17.531428345,1.6971429889,2.5999998925,0,126.0503938248,152.3171370355956,3.3685715826,0.46190476743,0.0085714287423,,6.37015882921,0,,0,,2.3399999614,1.5828571886,,0,0.90000004062,0,266.8680132957978,0.328888883531,0,,0,,0.76000000794,1.4457143678,11.519999971,0.45142857973,0,0.051428570593,0.31142857031,66.3228553841,0,,0,0,,1.7857142777,0.108571433527,,0,1.2342857361,1.4003174800401,0,0,5.01825396036,66.76345337514,1.13714289307,1.32857144866,0,10.2685713823,0,272.48183382187,0,39.028571553,34.01920620393,29.26491928397,29.517142362,5.7689682274,1.2914285781,25.4973024107956,0.63714286275,6.2173807876,0,1.4199999726,30.5400005137978,609.93428004,0.4257142892,0,,0,36.771428131,0,9.6142857251,0,0.08000000206,2.0371428988,0.057142857119,0,,0,0,0,0,4.6371430239,8.7942859424,,0,76.0051593968,7.4771432017,4.0280951592,0,2.1600000091,0.4314285734,,177.195241733652,94.18539398265,8.0885716111,17.340000871,3.0542858353,15.702857401,,,0.21714286938,0.069444441936,0,0.14571428199,33.354286320123,,,0,1.8285714092,,20.619999304,0.085714283934,,0,0,71.162854683,872.786973430846,4.5257142494,0,0,0,0,13.6228571387978,8.9200001948,78.497143222,27.700000219,0.020000000515
"1987-01-01 00:00:00",62.05777756407,,0,39.57682434865,74.9520642924,0,,0,0,1.4628571041,0,,2.634206402052,0.111111109191,0,0,1.8857143675,3.3371427869,3.32198421001,,0,0,535.0767405497,0,7.1771426997,0,2.8942856451,0.26857143881,0.12857142939,6.5742857166,900.936488357234,0,0,0.20857141982,0,35.07388886148,283.4228674,0,61.63666462622,0.0057142855956,0,8.496348822207,,0,3.18126976969,,13.865713984,14.820000841,0.605714298487,0.04000000103,0,2.82460326732,23.33742750429141,12.817142717,4.464365175996,0.0057142855956,,,2.5314285984,0.78571425195,0.13999999779,0,1.40285712,1.044126966007,39.022856571,0,0,1.9085715043,,67.9385704628,13.220000102,0,7.9142855954956,0.100000001412,0,0,200.0474732276,0.085714283934,0,0.47142858606,0.014285713989,3.2314284129,0,0.947380945555,0.47714285863,11.86285719745,,14.9828564288,18.102856765,1.7257142936,1.9228570985,0.028571429141,122.1164303737,134.2742814187423,3.4742858403,0.52611111319,0.054285717345,,6.61742052598,0,,0,,1.517142804,1.7257142936,,0,0.90285715946,0,252.4255692399978,0.40523809252,0,,0,,0.81714289646,1.594285757,13.888571586,0.45714286393,0,0.071428569945,0.39714284494,64.500000934,0,,0,0,,2.357142814,0.068571430171,,0,1.5514286255,1.9530159002934,0,0,4.98912710219,67.34547491086,0.72571427948,1.70857145263,0,9.2885715257,0,292.513966709191,0,43.137143521,52.85007912779,31.35230121254,27.257142612,5.55269834071,1.2371428782,27.3480971210978,0.73428567089,6.01238117338,0,1.4971429256,31.6742856955956,621.33141255,0.4685714207,0,,0,38.468571934,0,11.3685713234,0,0.088571429523,2.1600000091,0.051428570593,0,,0,0,0,0,4.6200001713,11.2142859989,,0,78.6746827315,6.1542855953,4.0338093271,0,0.92285716579,0.52285715549,,208.070304291252,99.4688889685,8.0885716111,15.582856735,3.3199999343,11.5228573457,,,0.21714286938,0.08055555553,0,0.32000000824,52.46857407389,,,0,1.7485714304,,20.53142755,0.085714283934,,0,0,87.242856702,757.3759569327995,4.7371429974,0,0,0,0,17.8138878995,7.0857141525,74.228571529,23.865714823,0.022857142615
"1988-01-01 00:00:00",42.80063632107,,0,40.2587293369,103.1953190238,0,,0,0,1.9085715043,0,,2.600952395315,0.111111109191,0,0,1.8857143675,4.3685715502,3.69904772039,,0,0,572.6669144005,0,7.340000032,0,2.6457142824,0.29428572934,0.14285713989,7.1114285477,873.602536567419,0,0,0.21142856192,0,33.30388866762,308.59714214,0,70.8740465441,0.0057142855956,0,8.627777940307,,0,3.53904755345,,12.442856753,14.845714771,0.954285716097,0.04571428523,0,2.483492005087,22.34599907929141,13.545713371,4.935476329347,0.0057142855956,,,2.7314285454,0.81714289646,0.17714285672,0,0.51714287129,0.989841277737,37.797141796,0,0,1.9114285301,,68.6642059387956,13.745714481,0,6.739999961889,0.16571428832,0,0,215.1898452245,0.085714283934,0,0.47999997747,0.014285713989,4.9685716238,0,0.947380945555,0.47714285863,12.61142854395,,18.9999999659,18.245715033,2.0085713615,2.462857188,0.028571429141,125.6397598077,163.705717777252,3.5057142871,0.51896824631,0.077142856471,,7.93896837341,0,,0,,1.3914285516,1.6971429889,,0,0.91714283507,0,301.2810393163978,0.39936508208,0,,0,,0.85714282771,1.6085714675,16.01999936,0.4742857049,0,0.071428569945,0.28285713768,73.242854597,0,,0,0,,2.6457142824,0.13999999779,,0,1.5914286149,2.2736507081256,0,0,5.43968265271,70.75119248086,1.5057143519,1.6885714463,0,11.3371429929,0,308.4816694982,0,47.18857381,56.852222178079,29.94944409254,30.89714188,5.84642853984,1.2571428729,36.1138109453956,0.77714289543,6.57555542185,0,1.1942857467,38.5171427695956,652.89141791,0.47714285863,0,,0,42.428571815,0,10.6085716411,0,0.100000001412,2.1257141876,0.051428570593,0,,0,0,0,0,9.0342856462,5.61999979,,0,101.0892883786,7.3428574067,4.0395238439,0,1.3857142674,0.55428571859,,202.763977230089,102.6374650235,7.9657140356,13.217142611,3.5228571397,10.6857140126,,,0.21714286938,0.072222222079,0,0.13428572522,81.45428638872,,,0,1.659999909,,15.325713946,0.085714283934,,0,0,96.74571342,680.1102514441186,5.0485716026,0,0,0,0,17.6235719059956,7.5971427047,73.177145097,23.688571315,0.022857142615
"1989-01-01 00:00:00",36.94920767207,,0,43.1107935463,101.8909531174,0,,0,0,2.6028571509,0,,2.568809482725,0.111111109191,0,0,1.9057142459,4.3685715502,3.66785713035,,0,0,588.2080440911,0,7.605714131,0,3.2371428134,0.29142856398,0.15428570829,7.4342859539,831.036691216234,0,0,0.21142856192,0,28.010080442,334.90286469,0,76.8217471701,0.0057142855956,0,9.3914288739,,0,3.56476183235,,12.082858244,16.674285715,1.345714308238,0.04571428523,0,1.777539580938,22.62885812429141,13.905714206,5.332460258478,0.0057142855956,,,2.8399999452,1.12285712442,0.20285714725,0,0.75142855838,0.989841277737,36.857143557,0,0,1.9800000568,,64.2924580029956,14.794285748,0,5.3971428231978,0.18285714092,0,0,136.4030901143,0.085714283934,0,0.48571430819,0.014285713989,5.2142857281,0,0.947380945555,0.44571429553,12.78285751189,,22.4857148398,18.951429248,1.6971429889,1.9542856616,0.0085714287423,105.1575250319686,175.762852787252,3.5714284391,0.60444443158,0.048571430819,,8.36601206465,0,,0,,1.8885713933,1.4142858047,,0,0.88857139081,0,306.7845232535978,0.305714290762,0,,0,,0.89714282874,1.6171428938,14.808570877,0.47999997747,0,0.071428569945,0.42000001663,83.065715417,0,,0,0,,3.2714286349,0.14285713989,,0,1.5314285145,2.671428602005,0,0,6.15293668975,68.96547843576,1.4742857888,2.68000004575,0,11.711428608,0,335.48998987677,0,47.991429926,69.224044875157,29.85000037031,32.771428028,5.16809531067,1.2857142939,18.0901590153978,0.77714289543,6.35460340183,0,1.4057142621,35.7114273665956,631.497165566697,0.48857142703,0,,0,42.428571815,0,10.9885711915,0,0.102857142349,2.1428571565,0.057142857119,0,,0,0,0,0,7.882857031,8.3828573637,,0,56.1393621038,7.9228567878,4.0623808644,0,3.1057141605,0.62000001015,,208.717143374589,85.6088911295,7.8399997832,13.754285791,4.0885713918,15.757142752,,,0.27142858091,0.069444441936,0,0.097142861638,50.47428866712,,,0,1.937142809,,11.031428323,0.085714283934,,0,0,98.054290782,926.71360984826,10.7371426867,0,0,0,0,17.306825954078,9.6257145261,66.445715053,19.148571704,0.022857142615
"1990-01-01 00:00:00",50.84063674907,,0,42.1004770709,92.3606364575,0,,0,0,2.5000000353,0,,2.779761854295,0.111111109191,0,0,2.0514286093,4.4028570228,3.631746023381,,0,0,595.4079950816,0,5.3114285595,0.025714285878,3.3742856342,0.30571428611,0.17714285672,7.4542854834,850.707861389634,0,0,0.21714286938,0,36.537858189,357.5428424111912,0,78.61253930351,0.0057142855956,0,9.5657144257,,0,4.31928556404,,11.1971431463,15.911428658,2.46047621299,0.04571428523,0,1.189365108819,28.21457267429141,14.105714153,5.329761904257,0.0057142855956,,,3.1085715352,1.3857142674,0.21142856192,0,0.38285712281,1.144126986027,45.036508601,0,0,2.002619100751,,62.3120619464401,16.182856576,0,5.0085712656956,0.19714286305,0,0,157.0104790093,0.085714283934,0,0.49428571123,0.014285713989,5.9028570905,0,1.050158742229,0.597301591449,12.74857127171,,22.2600003813,17.205713913,1.7257142936,1.9714286305,0.0085714287423,98.9661120705268,202.774288639297,3.7399999393,0.58365080568,0.0542857133908,,8.66584746717,0,,0,,2.3342856772,0.84857147119,,0,0,0,286.8050813221978,0.294444447439,0,,0,,0.96571428566,1.9914285089,11.2800002672,0.51714287129,0,0.071428569945,0.23999999455,81.0542841235956,0,,0,0,,3.3828570605,0.80285712781,0,0,2.5057142032,3.43888890023,0,0,6.86595264906,73.4974604178,1.3028571465,2.24285713,0,12.408571513,0,343.33792582078,0,47.874283262,77.724206116034,30.00063450283,32.76000039,4.7252379479,1.3000000044,27.8310300833868,0.39058572301,6.4155558713,0,1.5542857676,31.0628558905956,659.134275046471,0.47142858606,0,,0,44.125713292,0,8.0571424665,0,0.068571430171,2.1600000091,0.057142857119,0,,0,0.12222221697,0,0.47222221726,2.8857142188,13.2514286657978,,0,73.809524618782,8.8971425928,4.1252381069,0,3.3457142132,0.43428573876,,210.666576303552,86.5133355287978,7.7171429055,19.0571428219723,4.3828571444,14.0771423837978,,,0.27142858091,0.086111108838,0,0.12571428729,65.70571681915,,,0,2.1742857196,,19.98674706004,0.085714283934,,0,0,104.608577318,1017.13872520722,15.231428373,0,0,0,0,16.534761193478,10.7199997178,56.002858933,22.088571739,0.022857142615
"1991-01-01 00:00:00",46.16063403507,,0,46.8903171102,92.3775413603,0,,0,0,2.3714285245,0,,2.910238126495,0.111111109191,0,0,2.042857183,4.4485712964,4.019920647355,,0,0,627.122543138,0,6.9057145491,0.037142857767,3.5085713129,0.31428571241,0.18285714092,7.5485714053,883.388781268634,0,0,0.21428570402,0,40.0037308873,353.8857039014736,0,78.49007852035,0.0057142855956,0,10.367778060707,,0,3.80825404841,,8.9114287685,14.874285029,3.177460350397,0.04571428523,0,1.649365126479,24.41457251829141,14.357143123,3.650158820809,0.0057142855956,,,3.1342855815,1.3542857043,0.21142856192,0,0.82857146486,1.144126986027,51.2175392427978,0,0,2.022222157736,,58.6343654963778,17.357142328,0,8.7714284580956,0.21142856192,0,0,167.4961084085,0.085714283934,0,0.50285714916,0.014285713989,5.9942856377,0,0.984444404149,0.68190476728,12.69999990253,,23.3028575967,19.957142802,0.87714282241,2.1085714513,0.017142857252,129.1969826147813,205.959997904464,3.5485715349,0.47055554522,0.0228571433128,,9.25785718416,0,,0,,2.5028571774,1.4142858047,,0,0,0,310.9647656780978,0.342698402518,0,,0,,0.94857139817,2.1228571618,12.465714355,0.51999999013,0,0.071428569945,0.21142856192,81.4986535149934,0,,0,0,,3.5257141655,0.91428571623,0,0,2.5742857299,3.75492054313,0,0,6.99095265664,73.3928596163,0.97142861638,2.26285715959,0,16.774285107,0,312.17832709077,0,51.771426482,83.907220118726,32.86372956952,31.005713745,5.2480953011,1.3000000044,27.8415882632846,0.34016285783,5.871111094691,0,1.3028571465,40.305715351,664.797135342997,0.46571430186,0,,0,42.428571815,0,9.9514286092,0,0.037142857767,1.9514285195,0.057142857119,0,,0,0.12222221697,0,1.3611111187,5.6571429862,9.8628573210978,,0,79.100954113982,8.8142854719,4.3538092423,0,3.979999992,0.57714284376,,184.238967288867,93.0399184750956,7.5914286531,12.1557142640956,4.8828571282,12.9771420937978,,,0.55142855323,0.069444441936,0,0.29714285981,64.496984328318,,,0,2.1942857143,,17.44690518008,0.085714283934,,0,0,125.96570463,1018.3927760818,17.897141836,0,0,0,0,15.141270063704,10.0771428616,54.082856418,22.042856535,0.022857142615
"1992-01-01 00:00:00",55.10634746207,8.6085715896,0,45.302255365181,102.3367513699,0,4.9428572286,0,0,2.2514286726,0,0.048571430819,3.405317411938,0.111111109191,0,0,2.377142925,4.5828569751,3.933888807434,9.640000004,0,0,645.351178353,0,5.8342855638,0.057142857119,4.294285623,0.29714285981,0.19142855559,7.4971427312,907.553117090717,0,0,0.22000001148,0,52.178807937,372.0057093397723,0,64.42158569389,0.0057142855956,0.00028571429141,11.4853969247354,12.296667366902,0,3.94246015465,,10.2914282865,17.122855978,4.14706345336,0.04571428523,0,1.583571378759,24.15742740329141,14.068571422,3.97769851967,0.0057142855956,,0.0028571427978,3.2199999608,1.202857173,0.23714285245,0,0.56285716815,1.158412673267,56.4900002093934,0,0,2.045079294536,18.397143448,67.3097597418912,18.674285185,0,6.634841364655,0.25714285878,0,0,201.9953950695,0.085714283934,0,0.50857143336,0.014285713989,6.2000002178,0,0.90857139714,0.69849207804,12.84857180345,,28.8371425422,26.957143273,1.9800000568,2.325714254389,0.082857142997,129.7911112853236,197.92857382458,2.9657144302,0.56412697807,0.0457142847648,19.420000785,9.28015863956,0,,0,26.271428006,2.4514285033,1.5571427934,7.1371428266,0,0,0,269.468031694419,0.286031752031,0,0.88000003429,0,2.3342856772,0.97714285406,2.1942857143,12.33142856,0.59428573125,0,0.074285716697,0.32000000824,96.4754763008401,0,0.72857143321,0,0,,2.7257143775,0.92000004695,0,0,2.3714285245,3.9545238729378,0,0,6.12825392207,66.2753991697978,0.97714285406,2.06285713118,0,17.137143433,0,330.734187732956,0,59.717141337,77.590159462909,28.04372956752,28.311427698,5.4406350683,1.3000000044,15.618572239378,0.38604285893,5.47634918173,0,1.3999999779,33.25261830108,491.298743927297,0.48571430819,0,,0,40.165713411,0,9.1057145476,0,0.057142857119,1.3514285622,0.071428569945,0,32.085715087,0,0.12222221697,0,1.3611111187,2.148571557,8.7657144064956,,0,55.809284659855,8.2028570625,4.4966664636,0,4.1057142444,0.57714284376,9.6542854819,216.098336073423,95.0667435878423,7.4685717754,19.9930156546956,4.6685713544,11.9942861417978,,45.054285056,0.36571428184,0.08333333451,0,0.18285714092,75.47912754206,,0.0114285711912,0,2.7800000774,22.071429119,22.58904819227,0,17.765713532,0,0,133.68286091,929.679422645,20.44571445,0,0,0,0,18.223332546738,8.2285713414,,21.894285611,0.022857142615
"1993-01-01 00:00:00",67.78634921907,12.139999923,0,48.986826632604,107.7172189827978,0,6.788571723,0,0,1.7200000094,0,0.054285717345,3.170634989495,0.111111109191,0,0,2.5171428879,4.5828569751,4.00801589442,6.6942859174,0,0,678.658259758,0,5.4942855376,0.13428572522,4.8228570278,0.30857142821,0.19714286305,7.5028567828,928.970289742654,0.0057142855956,0,0.22000001148,0,53.4953996483,426.3399764748362,0,80.29198550291,0.0057142855956,0.00028571429141,12.536904582051,12.341428338706,0,2.69531745355,4.668460307671,,15.637143249,5.059206210671,0.04571428523,0,3.291507904332,29.66314116108921,16.434285546,4.430238060965,0.0057142855956,,0.0028571427978,3.5742858138,1.01428573625,0.2097799912772,0,0.99714286039,1.158412673267,54.681428679989,0,0,2.030793584036,18.674285185,69.7139688166423,17.794284953,0,6.84698416558,0.26857143881,0,0,190.1419818404956,0.0877142839855,0,0.51428570593,0.014285713989,6.4028568417,0,0.77428568355,0.68246030912,13.36285761405,,26.0825398678354,27.785713319,1.6971429889,2.241825403625,0.085714283934,128.2720628048752,199.63429207768,3.1057141605,0.60428571697,0.0657142864428,21.57999998,9.8541680822,0,,0,25.697143258,2.4771428985,2.0371428988,8.1314288589,0,0,0,305.8926197340428,0.299682534311,0,1.11142855602,0,1.4771428146,0.98285717315,2.2028572569,13.779999721,0.62285712899,0,0.074285716697,0.29428572934,97.511510777089,0,1.05999998659,0,0,,1.2542857308,0.97428573522,0,0,2.4714286143,4.4683334350378,0,0.0028571427978,6.45936502297,74.3668281555978,0.97714285406,2.52571427931,0,15.760000243,0,338.01541121964,0,54.977141779,88.93190692051,33.66563432826,30.317143313,5.22246047836,1.3000000044,26.699920017193,0.34379713979,6.60809526634,0,1.4085714042,36.30595329084,495.42919785776,0.4371428576,0,,0,37.619998288,0,9.3742860213,0,0.065714284582,1.3428571359,0.071428569945,0,29.699999689,0,0.12499999595,0,1.3611111187,0.41714285127,11.9657140243934,,0,71.269684008818,10.7371426867,4.5023808641,0,4.1428570917,0.57714284376,8.4971428151,217.5082519167878,103.7472242818912,7.3428574067,12.9034922112978,4.8028571494,10.4685716788978,,48.420000078,0.65714285745,0.077777775387,0,0.17999999882,96.40984060168,9.8112696850177,0.014285713989,0,2.7371428296,31.225714966,20.80674579604,0,20.811429104,0,0,134.26857097,1014.8465741594,22.474286504,0,0,0,0,16.51745973559,5.0457142279,,21.902856921,0.022857142615
"1994-01-01 00:00:00",77.72476361404,9.9399998082,0,48.1725407891582,104.4611074067978,0,5.174285855,0,0,2.3971428034,0,0.054285717345,3.455634955838,0.111111109191,0,0,2.5314285984,4.7371429974,3.94222213507,9.782857109,0,0,701.475262591,0,4.151428518,0.20571428935,4.5657144714,0.32571429244,0.20285714725,7.6028574541,948.957606579654,0.014285713989,0,0.22571428405,0,52.9839674908,473.515627856427,0,92.5819033714,0.0057142855956,0.00028571429141,12.499762083651,13.962381094902,0,2.63166667289,5.297825479991,,14.974285584,5.576190415034,0.048571430819,0,1.63357137365,30.40028580743241,18.568570811,4.573888901835,0.0057142855956,0,0.0085714287423,3.8285713444,0.91142859739,0.216014275572,0,0.4685714207,1.215555561787,51.3211903443128,0,0,2.136428477453,19.154285523,80.540954536015,17.237142825,0,7.668254329233,0.27428572301,0,0,229.992854057489,0.0877142839855,0,0.51999999013,0.014285713989,5.1428570593,0,0.65999997629,0.70428569047,13.51428579645,,26.5796817791354,21.060000583,1.5828571886,2.693253978703,0.085714283934,136.920397507059,234.57142469956,3.3199999343,0.67817461923,0.0428571438278,25.96285852,9.761746333,0,,0,33.162856612,2.4371427928,2.3114285404,9.3485716261,0,0,0,228.4070606609318,0.448174596444,0,1.2771428676,0,1.9885714831,0.99142852967,2.3171428246,18.451427636,0.62857141319,0,0.08000000206,0.21428570402,79.206429714778,0,0.78571425195,0,0,,2.3742856666,1.03428574258,0,0,2.6399998819,5.0352379245978,0,0.020000000515,6.84936501266,80.9233320673978,1.07428575524,2.11142853525,0,15.731427659,0,316.299219719113,0,64.65428684,102.993018363909,36.4101595097,34.877141872,5.89452364889,1.3142857149,32.8858735449508,0.19269428338,6.840635219487,0,1.4085714042,36.902856435,499.495158088423,0.44571429553,0,,0,39.034286535,0,10.6657143668,0,0.059999998056,1.3342857096,0.071428569945,0,31.474286445,0,0.12499999595,0,1.3611111187,3.0685714295,6.6444003137934,,0,82.506587590941,11.5657144772,4.5880952434,0,4.1799998227,0.57714284376,9.5657144257,173.7159502792478,113.436744012489,7.2171431543,15.8449194792,4.2228570705,12.7714294907978,,47.211427923,0.42285713547,0.088888888981,0,0.114285714238,86.88166582725,12.317143431,0.0114285711912,0,2.8485713715,34.277143194,21.28103231504,0,20.240000684,0,0,145.03142654,957.4979286098,26.065713077,0,0,0,0,20.58015831996,4.6514285018,,21.90857074,0.022857142615
"1995-01-01 00:00:00",76.23047492304,5.4285713856,0,46.997142282945,110.1486552841956,0,4.399999997,0,0,1.7257142936,0,0.057142857119,3.877301528208,0.225396823429,0,0,2.5457141926,4.8999999808,3.75357150965,10.3057144622,0,0,733.727452987,0,6.5457139467,0.26857143881,4.5942857761,0.33428570711,0.20857141982,7.7857144322,966.173565020058,0.017142857252,0,0.22857142615,0,61.2651599302,536.541491767935,0,92.290712827,0.0057142855956,0.00028571429141,11.435793656126,14.905316538085,0,2.12523810192,6.840444310711,,17.420000152,5.984682535034,0.054285717345,0,1.822460330334,32.31199923772382,14.597143292,5.442380910402,0.0057142855956,0,0.0223809524976,4.0400000924,0.99428574155,0.2159142753659,0,0.54571428066,1.269841296577,54.9498431552018,0,0,2.262142846153,14.717142795,87.894917546015,17.245714135,0,10.368888803628,0.35714285554,0,0,214.005963795589,0.0877142839855,0,0.54571428066,0.014285713989,4.7314285969,0,0.71428571108,0.7461111363,14.07142800586,,29.582459576285,20.577142754,1.6114284933,2.104523740285,0.071428569945,117.829125757055,206.8571360725978,5.0457142279,0.61309524426,0.0542857133908,23.565713158,10.39888904456,0,,0,31.448571352,2.9771428823,2.0285714725,8.3085717854,0,0,0,276.4438042209878,0.39579366027,0,1.05428574891,0,2.2657143831,1.05428574891,2.377142925,17.58857235,0.63714286275,0,0.08000000206,0.38285712281,101.869364939204,0,0.91714283507,0,0,,1.728571552,1.07142855499,3.2000000824,0,3.2771426865,5.5988095352778,0,0.020000000515,6.607568218,84.7938906192978,1.2000000309,2.03714284065,0,15.557142805,0,344.683743180122,0,65.639997957,119.146107818838,36.67682615222,35.157142263,6.3511112391678,2.462857188,26.5130143099878,0.24835428875,6.881666366555,0,1.4199999726,47.225478564451,500.634688279734,0.45142857973,0,,0,40.165713411,0,11.891428444,0,0.059999998056,1.1771428941,0.074285716697,0,34.488571942,0,0.12777777493,0,1.3611111187,1.5114285198,8.5070158142456,,0,69.866348538777,12.591427677,4.1652380963,0,3.6542857926,0.59428573125,9.1057145476,199.6504824339778,102.519204557889,7.0999996304,15.6330161109,4.3542857234,19.7914279677678,,41.285714975,0.72857143321,0.091666663309,0,0.11714286099,101.39380940345,13.802857323,0.0114285711912,0,2.9571430039,28.151427973,16.68222224797,0,17.502856924,0,0,145.50286022,1095.0639555732,29.931428548,0,0,0,0,20.50841257084,5.1828572813,,22.262856593,0.022857142615
"1996-01-01 00:00:00",65.809365259721,4.4457142706,0,47.28333391026,101.8083346482868,0,4.3514286976,0,0,2.0914285987,0,0.04571428523,3.613888946895,0.282539681711,0.0048571429656,0,2.6171427451,5.2914286811,4.25912705141,14.582858163,0,0,770.5069783905956,0,8.2571431113,0.32571429244,4.6685713544,0.33428570711,0.22000001148,8.1114285153,1022.532100169069,0.020000000515,0,0.23142856825,0,57.9134930178,532.958965890958,0,101.7663513908,0.0057142855956,0.00028571429141,12.316269624906,20.473492227007,0,2.82968258841,6.64634933688,,17.228571515,6.823889026645,0.054285717345,0,2.551111160391,32.71199913172382,17.945713368,6.609920871634,0.0057142855956,0,0.0196031746806,4.2714287188,1.288571436,0.2004114238432,0,0.38285712281,1.272698322377,50.6467454812018,0,0,2.196587305256,16.971427563,90.246588448504,18.739999337,0,12.728016699297,0.38000000397,0,0,192.335325645515,0.0885714267318,0,0.55714283743,0.014285713989,5.7685714118,0,0.76857144587,0.8384920642,14.48571324983,,31.762460859385,20.931428607,1.6114284933,2.157857185089,0.068571430171,131.469125797764,197.625715301252,5.0400001763,0.64134921278,0.0657142864428,20.737142479,10.94746000212,0,,0,34.662856796,3.4114283652,2.2571428405,5.2628570281978,0,0,0,275.3031989613156,0.28523810106,0,0.92285716579,0,2.4057142297,1.202857173,2.4171429144,14.662857444,0.60000001545,0,0.08000000206,0.29142856398,110.092777910404,0,1.03428574258,0,0,,5.5342857596,1.2714285834,2.4142857723,0,3.3399998127,7.4688889850456,0,0.020000000515,6.5228126159,81.010701284515,1.1142857227756,2.050317484915,0,15.557142805,0,294.753717321979,0,58.997143156,128.16332544451,38.06912548844,38.554286197,6.58507943819,2.6685714192,44.6209504914438,0.38578573126,8.544285441106,0,1.70634916897,44.562858243,438.10223946696,0.4000000103,0,,0,35.357143373,0,16.197144031,0,0.059999998056,1.03142854233,0.085714283934,0,40.75999827,0,0.13055555391,0,1.3611111187,3.93523791302,7.9844727977323,,0,117.868259245164,9.1971430948,4.4538095647,0,3.6599999605,0.59428573125,10.3314288574,152.8534548221678,84.5896810821498,7.2142857796,15.8060314341,4.9457142544,23.1603182246956,,41.934285185,0.54285716182,0.047222221726,0,0.20000000515,115.21460769943,11.957142596,0.014285713989,0,3.1628572351,24.417143132,16.428174932334,0,18.457142618,0,0,152.30286307,1204.0523900771,33.965715054,0,0,0,0,17.1608730524,6.1171432132,,20.122857509,0.022857142615
"1997-01-01 00:00:00",80.535713597467,3.9314286926,0,50.588732378397,107.3107946926146,0,4.8428572551,0,0,2.034342899558282,0,0.059999998056,3.382793496735,0.305396830141,0.0048571429656,0,2.4742856401,5.199999785,4.58190462929,13.165714751,0,0,809.6003430824826,0,7.7885711091,0.32857143454,4.7685713279,0.34285713341,0.16285714622,8.7457139452,1011.423791379843,0.020000000515,0,0.23714285245,0,58.424524987,558.213155817754,0,90.9673801351,0.0057142855956,0.00028571429141,15.416190656784,14.9598421915177,0,2.78523810147,6.2724095282,,14.211428527,9.357777718945,0.057142857119,0,2.01333329989,33.93485641572382,18.482856548,5.489761861857,0.0085714287423,0.0028571427978,0.0307936512783,4.4285713017,1.2742857255,0.2160457013439,0,0.21142856192,1.284184149935282,57.4037989796168,0,0,2.308015847156,17.105713358,80.784955664593,19.377143072,0,11.397260082959,0.38000000397,0,0,189.644362060404,0.099999997923,0,0.81428569621,0.014285713989,5.8971430389,0,0.56571428699,0.87486033024,15.79980011499,,23.651032809285,19.591428148,1.6428570564,2.28562856003,0.071428569945,131.497526084477,214.162854822752,5.3142855853,0.67253968652,0.0571428595613,18.382857156,10.60174583128,0,,0,30.928571955,3.3257143348,2.548571451,8.3542858277956,0,0,0,305.7781017466078,0.3706349140223,0,0.8314285837,0,2.5457141926,1.2857142939,2.4742856401,10.9457139437,0.64857141952,0,0.085714283934,0.26285713135,94.630542888056,0,1.07999999292,0,0,,5.8914282895,2.7628571085,1.7257142936,0,3.0028571612,8.4647525686956,0,0.020000000515,6.6713902853,75.23595493003,1.028571450239,1.787460307045,0,15.819999413,0,311.304618694585,0,62.397143418,143.834440892289,37.7734914706378,37.740000117,7.2264284313956,2.0085713615,40.2061277303148,0.29122571352,8.269761822957,0,1.81777771087,49.556268578824,447.246982199997,0.45714286393,0,0,0,30.265713127,0,14.222857328,0,0.059999998056,0.92000004695,0.094285710234,0,36.102856647,0,0.13333333289,0,1.3611111187,6.3826982138,8.1876447465201,,0,106.328576872667,9.7514287785,4.3966664901,0,3.6828572136,0.60000001545,8.7028573952,203.7864404701178,100.1632967373106,7.3542856262,16.867777514,4.0999998439,21.3242060397956,,38.788571384,0.26571427345,0.050000000706,0,0.20571428935,113.67621162867,11.502618909251,0.014285713989,0,3.5428571344,27.877143727,18.431825533838,0,16.339999973,0,0,161.98572195,1234.5089830214,32.971427975,0,0,0,0,20.8999213088,6.0057144387,,22.305714306,0.022857142615
"1998-01-01 00:00:00",76.174128431334,4.3485713229,0,47.638253487775,110.5765120868856,0,5.517142907,0,0,2.44585719255152,0,0.08000000206,3.920631851844,0.29739682079382,0.0048571429656,0,2.9971427607,5.0942858762,4.41888902432,12.888571851,0,0,845.3026424102804,0,8.7655556764177,0.22285715358,2.6857143881,0.31142857031,0.14285713989,8.8142854719,959.423929722958,0.022857142615,0,0.23142856825,0,48.3564280557,585.54097149978,0,88.5463473346,0.0057142855956,0.00028571429141,14.0082534688154,15.451032191085,0,2.43817457151,5.6096827007,,13.320000657,12.216847021593,0.077142856471,0,2.163174635081,34.60057273472382,18.402857267,5.781031626328,0.0085714287423,0.0028571427978,0.047619047793,4.539999865697,0.9685714045,0.2201342898318,0,0.60857140686,1.24990406906841,69.5622233823798,0,0,2.316587389756,18.022857484,88.964445048412,10.834285867,0,11.15873027974,0.4314285734,0,0,184.908413237219,0.114285713075,0,0.87714282241,0.017142857252,5.4399998377,0,0.86571426564,0.74953967193,17.771428514,,37.508173738785,19.888572322,1.6771428779,3.31039695026,0.071428569945,132.76222143402,238.017151428052,3.8942854964,0.60619047837,0.0457142865093,17.37142862,10.71317444296,0,,0,28.125715206,5.1485715761,2.2199998769,8.5485717231956,0,0,0,313.641337495715,0.482142860794,0,1.1800000362,0,3.0628569127,1.4285713989,2.8428572036,13.722856879,0.65714285745,0,0.08000000206,0.29714285981,90.760557115982,0,1.10571431834,0,0,,5.0257142332,4.2485713494,2.80571424,0,3.2000000824,9.5988092914712,0,0.020000000515,6.338942953224,77.947936958245,1.122857175592,1.282857121562,0,16.334284991,0,328.156516373985,0,63.500000036,143.888729732289,39.3957138250878,39.848572615,8.2011903699912,2.4542857617,39.9846026780978,0.29492856596,6.118174626728,0,2.12984118614,53.430557685824,452.625144163534,0.45714286393,0,0,0,28.851428369,0,13.919999335,0,0.062857143645,0.85714282771,0.108571433527,0,36.465714973,0,0.13611111187,0,1.3611111187,5.19880969873,12.2838889388268,,0,106.108097891267,11.0742855708,4.3680951854,0,3.6971426915,0.59428573125,9.7142855823,221.5014365722978,98.8751554960573,7.6371431593,20.0150781122,5.8771428116,15.53582560986287,,40.022856306,0.49142859239,0.050000000706,0,0.21428570402,120.374339822439,12.101904122804,0.017142857252,0,3.5857142659,45.0257149167423,26.01087267262,0,16.285713459,0,0,163.93143258,1139.6339931315,31.382858363,0,0,0,0,25.9745237589,5.31714296,,21.325713519,0.020000000515
"1999-01-01 00:00:00",62.108573256812,3.3942858615,0,50.484602972198,120.1658768153856,0,4.2599999178,0,0,2.35742852829141,0,0.054285717345,4.338968116727,0.32596824179382,0.0048571429656,0,2.5285715726,5.0914285015,5.21587295561,15.648570887,0,0,852.016285413887,0,7.86626998773,0.35142857134,2.9371426603,0.27714286511,0.12571428729,9.431428747,1001.08114244389,0.022857142615,0,0.23142856825,0,41.2084122258,610.426344773619,0,96.7094427064,0.0057142855956,0.00028571429141,17.1225396371154,18.6455555005177,0,2.73893644317141,7.0653968914,,14.991428204,13.7484916338208,0.091428569297,0,3.211349316755,43.30914326275382,20.299999854,6.769603258128,0.0085714287423,0.0028571427978,0.047619047793,4.597142933319,0.71428571108,0.2000428451854,0,0.57428572492,1.34112699786841,60.4469855115878,0,0,2.370873089656,18.222857431,94.373728420934,14.619999731,0,13.99587400161,0.24857143248,0.48857142703,0,215.780645411023,0.114285713075,0,1.11714288674,0.017142857252,6.028491746017,0,0.7571428891,0.84476192513,20.351427714,,36.791031420585,14.017142399,1.7114285831,3.18134915607,0.094285710234,147.161028372599,235.314366409652,4.9600000812,0.61190476257,0.0485714297723,17.345713527,8.32174626103,0,,0,34.345714837,6.6399998686,0.93999996024,7.8028568209956,0.55714283743,0,0,297.925788129177,0.438650792933,0,1.1685714678,0,3.9285713179,1.4714285304,2.7485715143,21.271428168,0.65714285745,0,0.085714283934,0.863492061064,113.334997928234,0,1.03714286142,0,0,,2.3342856772,21.731428395,3.3057144564,0,3.9914284441,10.350317562569,0,0.020000000515,8.69072721216,75.939760334064,1.334285714252,1.494523783309,0,17.394285059,0,344.473167432146,0,54.557145263,146.97936104697,41.5003983675678,52.445714111,7.5112695786912,2.5999998925,24.6303176948878,0.45345714248,8.92055542263,0,2.13555547034,51.73428724,459.8124528825556,0.36285713974,0,0,0,29.134285088,0,14.945714163,0,0.062857143645,0.85714282771,0.12285714519,0,37.837143181,0,0.13888887922,0,1.3611111187,2.6215079493,12.063730647001,,0,79.396032333619,11.8028579717423,4.8395238645,0,3.7457143398,0.58000000912,10.611825745338,211.8141366256078,117.7135683594203,7.694285885,17.6190472531,6.1228572648,12.4121268172582,,43.637141644,0.58000000912,0.050000000706,0,0.26857143881,98.746584560826,12.740397772838,0.014285713989,0,3.5942856922,40.5142867267423,15.68769835891,0,16.074285874,0,0,171.28284862,1135.4202731705,38.95999991,0,0,0,0,28.6007138305978,8.3428567928,,21.814285167,0.025714285878
"2000-01-01 00:00:00",83.377460618712,3.5657143875,0,49.687459306347,123.3264964511623,0,4.3399998966,0,0,2.6785715331989,0,0.077142856471,5.05682530893,0.377482525511243,0.0057142855956,0,2.5800000141,5.1200001551,5.73000003997,14.408570983,0,0,882.820567558887,0,7.601666873555,0.27714286511,5.3514284326,0.27999999558,0.1342857142878,9.7371426028,1037.80424925071,0.022857142615,0,0.23714285245,0,58.4796057137,637.653587586019,0,92.1006362938,0.0057142855956,0.00028571429141,19.407221661916,16.557062826817,0,2.87679369556921,7.67357293641,,16.968572398,17.3612692551318,0.091428569297,0,2.259841274968,39.13485849532282,21.522855975,5.624127136277,0.0057142855956,0.0028571427978,0.0532539672448,4.671428616289,0.83428570254,0.2165285662672,0.00057142858282,0.15142857782,1.23869844776841,65.8692846411756,0,0,2.290872994556,16.57428516,118.94842691012,18.697142787,0,12.1870635092,0.33142857664,0.48857142703,0,204.69575925688,0.142857141053,0,1.16000000661,0,6.394206400017,0,0.80000000897,0.8361904872,21.7571436043,,42.259525989902,10.462857418423,1.728571552,3.35531741821,0.088571429523,145.439999966493,219.193093127115,4.9885715022,0.61182541108,0.1200000032063,21.302858243,5.85206347255,0,,0,38.702858284,9.362857104,1.2714285834,7.9857140330912,0.82285713414,0,0,299.92690196368,0.572698400881,0,0.95999996657,0,3.3085714822,1.5428570829,2.9228571824,20.971427666,0.66571430701,0,0.091428569297,1.41031747425,115.29873343236,0,1.12000000558,0,0,,2.21428563922,27.300000325,3.902857039,0,4.6171427966,11.691508028755,0,0.085714283934,9.33286382246,79.43341040581,1.271428589215,1.068809517369,0,16.2457144,0,402.054442796414,0,48.634288643,151.3057185,46.17331559133932,55.277142281,7.504762245489,2.6314286882,37.0538875001178,0.43428573876,9.735238441508,0,2.13841272874,41.800001716,471.3242889657156,0.31428571241,0,0,0,28.851428369,0,12.994285062,0,0.071428569945,0.89142859106,0.100000001412,0,33.942856289,0,0.1473809437956,0.042857141967,1.3611111187,4.68992070822,11.664047529778,,0,103.827789895743,9.0742856438573,4.7623807952,0,2.0285714725,0.55714283743,10.96873021379,235.6496847753978,109.0785738773463,9.1400003691,17.64536579268921,6.0599997897,18.4661744892582,,39.354284822,0.28285713768,0.055555555177,0,0.245714283402,88.265394641984,13.143175446981,0.014285713989,0,4.4314286764,31.905714325252,20.042936223432,0,16.619999201,0,0,177.70857481,1013.9952661841,41.157141836,0,0,0,0,29.4692839822978,9.219999999,,21.922858195,0.028571429141
"2001-01-01 00:00:00",106.58508294359,2.7371428296,0,51.32428633684,120.196601707429,0,3.6800001878,0,0,2.8114285248978,0,0.085714283934,5.751507900223,0.372836817341243,0.0057142855956,0,2.8771427925,5.488571486,6.17285729807,14.654284971,0,0,782.7504304117034,0,4.9142859239,0.15142857782,5.1542856277,0.32571429244,0.0885714267318,9.8257143568,967.84219706861,0.017142857252,0,0.23428571035,0,65.173016363115,793.717951562471,0,91.3206342908,0.0057142855956,0.00028571429141,19.381587793999,18.522777056817,0,2.79790470740921,8.29741625451,,16.897143264,18.2273798967578,0.077142856471,0,2.094127033168,43.42914164113282,19.999999352,6.104206254734,0.0057142855956,0.0028571427978,0.0534126981368,5.63457144739141,0.94571427933,0.2162828623973,0.00057142858282,0.19428572095,1.37869841066841,60.8376958507456,1.5142857782,0,2.502301509956,15.677143471,132.53522993174,18.694286459,0,8.59698443452,0.30000000191,0.45142857973,0,228.10000920557,0.142857141053,0,1.5600000518,0,5.410714254453,0,0.80000000897,0.8785714174178,22.7514280084,,50.222222875536,14.457143475638,1.7485714304,2.90944447785,0.057142858282,155.891907487545,219.949841646404,5.0914285015,0.40468253905,0.1314285739323,22.857142615,9.04634950335,0,,0,35.159999754,9.4199998297,0.94285716049,8.0311907949933,0.81428569621,0,0,292.44310105218,0.5694603130138,0,0.9255556024677,0,1.7714285672,1.5085713777,2.9857143086,18.20285732,0.66857142585,0,0.097142861638,1.44999996465,103.569444977608,0,1.02571430465,0,0,,3.05142863505,33.494284863,3.874285618,0,5.2314285807,12.595158568207,0,0.085714283934,8.42206362886,71.19793818294,1.057142861935,1.240158726769,0,16.714285937,0,341.765072076662,0,53.577139824,128.18285946,50.27522181320932,49.928572735,8.74492079083,2.6314286882,45.1758730083578,0.38000000397,7.132460188528,0,2.14412689664,42.211428085,500.1209591322223,0.25142857458,0,0,0,29.982856408,0,10.0542859574,0,0.054285717345,1.4228571147,0.13714285569,0,35.217143759,0,0.1723809546156,0.042857141967,2.6277776823,6.74134943382,12.099841303889,,0,141.686428731311,8.8285711906573,5.0023808479,0,2.0714284877,0.54285716182,10.88857139245,236.2029279628776,121.9746906911952,9.6457140556,20.5719685881666,7.3600003756,19.2018094378582,,40.182858357,0.142777775607,0.08055555553,0,0.220000007991,68.98746327604,14.70549722243,0.0085714287423,0,4.4171428496,34.08000098223,26.114207833555,0,16.854285551,0,0,170.98571375,851.91193142277,51.508569874,0,0,0,0,33.8065082637956,8.4799999625,,22.325714417,0.0114285711912
"2002-01-01 00:00:00",104.03095527172,4.6885713491,0,50.48031778705,119.2748035521103,0,5.7142857119,0,0,3.0200000151956,0,0.08000000206,5.79666654941,0.363891114381243,0.0057142855956,0,3.2342857876,6.2228572383,6.38142867137,14.900000122,0,0,837.7920747479114,0,6.236269824224,0.18285714092,6.3142856692,0.35999999764,0.0857142857948,8.9999998247,1018.01892582412,0.017142857252,0,0.23428571035,0,68.397143229415,823.912862422938,0,97.4438848822,0.0085714287423,0.00028571429141,20.8643644446,15.174285531,0,2.91147622799921,9.6907424978656,,17.282856866,20.9785710673948,0.085714283934,0,2.596904797111,36.95485679354282,21.28571446,6.121111014485,0.014285713989,0.0028571427978,0.0838888886778,5.7228571382,1.12000000558,0.2745371351165,0.00057142858282,0.16000000412,1.34155556336841,55.9519081835156,1.5685714781,0,2.630873020756,19.139999231,151.47244378422,14.24571493,0,10.43000006214,0.37428571977,0.51999999013,0,189.47912612794,0.171428567868,0,1.6828570458,0,4.598809712355,0,0.73428567089,0.7486507917278,23.8285710453,,45.950554550824,22.954285699934,1.4628571041,3.9163492346,0.09142857046,138.932697933856,206.35681569323,4.8914285545,0.351825382288,0.1710317535473,25.145714949,10.80349181344,0,,0,30.511428278,9.1771427512,1.9171429306,7.024920301111,0.89714282874,0,0,291.6930108742,0.5207301594438,0,1.0111110902654,0,2.1400000144,1.5285714887,3.1228570131,14.994285695,0.67428571005,0,0.097142861638,1.43730164448,92.960557932071,0,0.99428574155,0,0,,2.96028566258141,35.848571349,4.1314285233,0,5.9942856377,14.546190032529,0,0.085714283934,7.81214270006,80.04055826578,0.928571420915,1.72380950894,0,23.291430075,0,367.057782460311,0,63.220001971,136.37142616,51.56768062322932,49.157143205,9.09499964252,2.6314286882,28.1938091248856,0.32571429244,9.669999777406,0,2.18126986024,45.388571961,467.086268669582,0.27714286511,0,0,0,30.040000413,0,9.9342857566,0,0.062857143645,1.5857143307,0.17714285672,0,33.237143237,0,0.7431746092156,0.04571428523,2.6277776823,7.605158683363,9.8602046678922,,0,100.325500582004,7.6571429323322,5.0566665478,0,2.1171427613,0.57428572492,9.61190472683,201.8111451886296,104.890550753619,6.931428828,15.7072064629926,7.694285885,23.0435554788582,,42.89142837,0.245634926097,0.072222222079,0,0.265714282754,96.19476084778,15.368788380561,0.0085714287423,0,4.7657143021,27.294285825645,27.085476714211,0,17.497143105,0,0,168.40000422,1015.5333663644,51.47428696,0,0,0,0,39.2371393397243,10.8171430144,,22.917141785,0.017142857252
"2003-01-01 00:00:00",98.64349177258,5.6057143121,0,52.75428631842,100.6810577487993,0,6.9828568043,0,0,3.1942856843423,0,0.08000000206,5.45976177793,0.286493964471243,0.0057142855956,0,3.5114286876,7.1485716276,5.76999979677,12.731428454,0,0,897.6705823349114,0,8.585238383402,0.27428572301,6.3657143433,0.28571427978,0.1394444473438,9.9799996813,982.16387272722,0.014285713989,0,0.23714285245,0,66.345161032115,812.28779227992,0,103.6950003456,0.0114285711912,0.00028571429141,20.39047546226,13.791428522,0,2.36599993202921,5.9960809287012,,17.422857643,24.7376186132516,0.082857142997,0,3.53357133535,37.87771345924282,20.310334272,7.191031964434,0.020000000515,0.0028571427978,0.137619049529,6.4485713479,0.9685714045,0.2509228617076,0.00071428569945,0.74857143954,1.03869844261841,53.9111121970456,1.6314286043,0,2.565158636156,18.460000109,158.08066794585,10.9885711915,0,17.08047533923,0.44000001133,0.51428570593,0,186.71606442448,0.42857141967,0,1.13142856235,0,5.025714377412,0,0.71999999528,1.0331745919112,24.0657137233,,43.761667409255,31.468571366471,1.2257143098,3.22746023364,0.122857144027,127.126268629971,244.035008876519,5.1828572813,0.417539685478,0.1423809566343,24.397143021,12.34634921035,0,,0,38.231428093,8.091428288,3.8542857396,6.612381114398,0.92857140347,0,0,332.2004906758,0.4750000074048,0,0.942301609346,0,3.885714419,1.7257142936,3.2542857823,16.265713348,0.66857142585,0,0.11714286099,1.52873020331,81.07380824056,0,1.02285718581,0.000321428578127,0,,4.69742841991141,30.745713465,4.2771427704,0,6.4000001648,14.907142885373,0,0.085714283934,12.10650763966,76.18293396023,0.928571430219,1.97539682139,0,21.06857073,0,300.194687804131,0,76.214284707,146.43714464,52.99538181900932,50.320001319,7.13833325014,2.77142856969,50.7932548173223,0.29428572934,8.044047597057,0,2.18984128654,37.511189609451,446.556522936208,0.33142857664,0,0,0,33.151430137,0,14.619999731,0,0.059999998056,1.8000001045,0.15428570829,0,27.862856272,0,1.1100000212556,0.04571428523,2.7500000272,3.090872886063,14.666043727893,,0.028571429141,161.52766069986,9.3628573483463,4.7052380695,0,2.148571557,0.34857144087,8.68698424785,166.8667555246706,103.829202655808,7.7999999101,16.7112703562699,7.2114284049,23.8495078497582,0,46.20857186,0.3512698542877,0.033333333804,0,0.562857130934,100.68508091342,10.1829645597986,0.0085714287423,0,5.0057143548,26.219999821523,24.236985635068,0,21.55428605,0,0,171.2200001,1050.85049838549,53.702858961,0,0,0,0,37.8480180359123,15.157141748,,23.354286736,0.020000000515
"2004-01-01 00:00:00",89.64210374344351,5.6514285857,0,52.76666704655,113.4310967743086,0,7.7914284838,0,0,3.4800000109912,0,0.0971428530318,6.7140475792078,0.292382535851243,0.0028571427978,0,4.9514286549,6.6542860443,6.23277780275,16.911428393,0,0,942.2272673739114,0,9.0156349857318,0.28698286855,6.8114286272,0.25714285878,0.1189682553158,11.0885710487,991.42572524669,0.017142857252,0,0.35428571344,0,67.830236320815,1010.781080848814,0,114.80579590562,0.014285713989,0.000371428578833,22.572857257496,19.696825298631,0,2.44259234408921,8.093809061811,,20.020000626,28.7830951621666,0.097142861638,0,4.76587297019,37.26057050978282,20.964519446,6.9837302173,0.020000000515,0.0028571427978,0.16904762077,7.131428775,0.93428572256,0.288434286735,0.00071428569945,0.70857143851,1.10441269928841,72.4881728150056,1.6942857305,0,2.545158757756,17.11142834,188.66432595558283,14.937144016,0,17.1505549287278,0.50857143336,0.54857143439,0,189.7165851652,0.42857141967,0,1.5685714781,0,4.16841270251,0,0.73428567089,2.683253880172,24.4226976408177,,46.432697287177,30.19428741222,1.3942856937,3.95706356186,0.111428574464,159.117525673397,274.161196198045,5.2429364657,0.571428574679,0.1738095313643,22.788570972,11.94920669105,0,,0,39.865715235,8.5657143418,3.1685712867,9.039841490258,0.84857147119,0,0,333.3511832283,0.645317478102,0,1.22091886538,0,4.1914286237,1.8114285566,3.597142718,16.482858241,0.70857143851,0,0.12571428729,1.59685711544727,97.157538603797,0,0.99999997923,0.001178571463987,0,,5.11742865751141,33.002856887,4.5314286499,0,6.7942857746,18.572143533044,0,0.085714283934,11.79793640916,86.46007665253,0.951509690921,1.99825394656,0,22.934285568,0,309.690064024721,0,72.611430496,146.89142407,50.01887499303932,53.682856524,9.57198414707,2.67428573829,35.5220640441923,0.40285712914,10.755238054908,0,2.209841284729,46.7196845830354,503.522200434895,0.23714285245,0,0,0,35.357143373,0,15.459999741,0,0.077142856471,1.6142857517,0.14285713989,0,31.457141499,0,0.9538095642423,0.04571428523,2.6611110068,3.567777794893,13.483483409995,,0,145.79384626248,8.4171430806463,4.5480951377,0,2.1828571459,0.29142856398,11.87285734599,194.7913281559416,101.075053879642,11.808571672,17.4864766916702,6.6657141475,20.6478413046582,0,46.21714317,0.2338492040023,0.063888888628,0,0.56000002605,131.07174159776,11.7214744547642,0.0085714287423,0,5.3942856804,33.337143929234,13.622856933412,0,25.485713347,0,0,198.21143908,1041.03083637373,49.968569468,0,0,0,0,45.8938235903912,15.617143138,,23.928571484,0.017142857252
"2005-01-01 00:00:00",100.00848174755778,5.0171429238978,0,56.69603292605,116.2166092170116,0,8.511428293,0,0,3.6728571037879,0,0.1862698406768,7.7157145212278,0.307696815181243,0.0028571427978,0,6.2771425893,7.485714628,5.71261897008,16.965714907,0,0,992.5390312570328,0,12.330078671715,0.2841942853,8.4771425878,0.27142858091,0.1674603183628,10.6685710437,1053.55980621732,0.017142857252,0,0.38000000397,0,79.900791769315,1137.20503241586,0,114.148649496368,0.014285713989,0.000371428578833,22.57333380605,17.981745936416,0.0028571427978,1.36123811907921,8.871327515527,,20.911428496,30.0491269568776,0.07771428505382,0,5.465317644085,37.34342774698282,19.607575481937726,8.00436523575,0.020000000515,0.0028571427978,0.314365074367,8.0142860328,1.00285717948,0.309479988233,0.00071428569945,1.5685714781,1.02441267396841,66.3606337319323,1.7600001151,0.0028571427978,2.316587389756,26.8971434052,200.89974700478282,15.922857459,0,18.4280949375678,0.5114285535956,0.58000000912,0,169.138526665,0.42857141967,0,1.3971428358,0.00057142858282,5.30166652358,0,0.74857143954,5.405555414401,24.6025400274354,,49.266825845485,45.74285752325,16.971427563,5.3339345579902,0.111428574464,146.2715482101,329.592752147573,4.37155564546141,0.671428549342,0.1824603219473,22.220000043,12.3063495705478,0.00114285717727,,0,36.17142829,10.0285716785,2.9600000297,9.686645695225,1.3114285728,0,0,357.0292024117,0.676825377573,0,1.3298951871226,0,4.2200000447,1.8314286676,3.7342858877,14.682857555,1.2771428676,0.0057142855956,0.13999999779,1.51844450371727,107.707461087623,0,1.02571430465,0.012607142655187,0,,3.35742855404141,37.517143731,4.6885713491,0,7.119999974,25.56388872999,0.000028571429141,0.085714283934,12.23809526303,78.38579417115,1.017142823689,2.55555553349,0,21.971428564,0,386.318259571101,0,87.294286888,144.72572036,52.14291920567932,52.0685721844146,12.35274665238,3.3785714291089,24.1794442516923,0.39509798856,10.598174253628,0,2.224126999881,57.176585528556,496.947793463915,0.18571428302,0,0,0,37.1471438293989,0,15.197143133,0,0.074285716697,1.6857143042,0.14285713989,0,34.034286697,0,0.9073809066112,0.051428570593,2.5499999639,4.656110950303,11.739121369707,,0,122.88748335919,9.8112700469433,4.9823809695,0,2.3457143619,0.44857141437,10.12190461494,231.9022035404046,94.330957047891,12.234286659,19.8704762287778,5.0285713753,20.6624100379536,0,47.991429926,0.2138491976723,0.0668253940806,0,0.53142855853,112.89888659581,13.459472937725,0.0085714287423,0,5.2657144049912,35.077141387527,19.016904865211,0,24.41142815,0,0,218.44855785,1057.062824275,59.72174907322,0,0,0,0,54.915218861625,13.9057138577978,,25.1285719807978,0.0114285711912
"2006-01-01 00:00:00",115.32375041490879,5.1657141967978,0,61.27824576197,120.0591592211873,0,7.1228573487,0,0,3.9628570326366,0,0.3611904846798,10.6907141115256,0.619576815571243,0.0139682538332,0,7.5371426043,12.782857477,6.26762822586,16.565715013,0,0,1028.7431273098928,0,12.065158808675,0.22817428491,9.4057143518,0.26285713135,0.1845238085406,12.7946825121,1029.97462619545,0.020000000515,0,0.39714284494,0,86.389286348615,1253.30058854119,0,122.583653119124,0.014285713989,0.000371428578833,23.09237996173,17.056268835169,0.0028571427978,1.39520638342921,10.1215054275178,,21.271428168,28.3339690979776,0.07771428505382,0,5.08055550983,38.32057325268282,22.052019193317726,9.24579351309,0.020000000515,0.0057142855956,0.368253979601,9.2171426243,1.05142854866,0.328319996266,0.0008571428626,0.61714285642,1.03012700468841,63.363651914034,1.8257142671,0.0028571427978,2.693730146956,25.8342860788,237.81621012127727,15.894286038,0,22.3351312984778,0.5714285725856,0.56000000279,0,186.8937665679,0.42857141967,0,1.3028571465,0.0008571428626,6.24873022018,0.0028571427978,0.76571424562,4.52634906132,28.1512702910177,,46.376595019656,52.02285961554,17.242971781,7.061123228093,0.071428571108,152.8937924414,370.976083590375,4.58311125358282,0.728492052645,0.1680952355343,21.9742857067978,13.0434922323478,0.00114285717727,,0,35.277141766,10.2857142349,1.9657143463,7.894473329697,1.4999999514,0,0,392.413827038575,0.792777781296,0,1.379020558098,0,4.6685713544,1.8028571303,3.8257143186,18.292622587631,1.3685714148,0.0057142855956,0.14571428199,1.38458098238727,111.746351359361,0,1.0428570991,0.012607142655187,0,4.9514286549,3.34599996238141,41.628572027,4.542857102,0,7.7371431328,27.19219279523,0.000085714287423,0.085714283934,13.06690454976,79.82753678928,0.899999980144,2.28777773751,0,17.714285672,0,340.789293506501,0,90.380000356,152.13142524,56.77609538776932,58.1686240966178,13.81318178572,3.2985714503089,46.107745031879,0.40571428287,10.32571416615,0,2.2269841426788,51.9311108430354,499.288266996589,0.108571433527,0,0,0,35.6988560567252,0,14.145714375,0,0.065602857552,1.8199999829,0.14571428199,0,31.014285055,0,0.8131745920612,0.0114285711912,2.6500000537,9.093016042513,11.977429620263,,0,151.27431373188,11.0512696008803,5.2909522,0,2.462857188,0.44000001133,10.502075499663,203.8987199100356,94.240209912858,11.1600000664,20.9682542816378,4.0628569966,27.0766783311359,0,47.239998181,0.2649206369002,0.0807936508213,0,0.368571434407,126.65070504742,14.211397444662,0.0085714287423,0,3.560957153445,36.548570028412,10.31031766272,0,25.908572006,0,0,230.8114223,1143.7546021495,57.90627105529,0,0,0,0,58.977652797204,15.0228579307978,,27.3542861425956,0.022857142615
"2007-01-01 00:00:00",93.7355230903114,5.2485000275423,0,59.78702198302,127.3945650555666,0,6.6857143748,0,0,2.1828571624146,0,0.3473015781498,12.633888869802,0.618633971471243,0.0111904762488,0,7.0628572483,18.554285682,6.73252809045,11.3171426493,0,0,1113.0207604025827,0,8.279523876322,0.31515142635,10.2371429355,0.33142857664,0.1844444547246,11.09396826421,1072.8384038334,0.020000000515,0,0.3885714419,0,72.940318296778,1399.20392608995,0,127.369211794894,0.014285713989,0.000371428578833,23.56873020097,12.134978104119,0.0084920634126,1.50518222482041,9.9441934364056,,22.120000651,31.4048410647556,0.0608571409186,0,4.965555425168,46.24628508918282,28.201938771015527,9.30563502681,0.020000000515,0.0057142855956,0.411666662245,9.574285852,0.94857139817,0.340474280155,0.0008571428626,0.64000001648,1.53584123430941,68.930772547964,1.8942857938,0.0057142855956,2.285158826656,26.1142865861,295.7203181942773,10.5428567913,0,14.0580657645778,0.6371428419323,0.58285712796,0.00028571429141,205.1050079549,0.4342857052656,0,1.5228572045,0.00114285717727,6.66563479601,0.0028571427978,0.43428573876,5.675726482953,33.9741263560177,,52.272277279400285,51.28571256923,16.224686197,8.15375692374,0.068571430171,144.5878290324,401.131409724548,5.40287284225282,0.702777797005,0.2050000016153,23.1142862187978,13.6892063550888,0.00114285717727,,0,36.025714857,9.628571203,1.6542857411,8.019456534253,1.5828571886,0,0,358.088845944605,1.348752931836,0,2.1027424953,0,2.8571429141,2.0342857567,3.9057144137,18.723842935185,1.345714278,0.0057142855956,0.15428570829,1.46056514544727,105.643886298218,0,1.011428536,0.012607142655187,0,3.6314285395,3.38600004482141,45.434284839,4.4571427227,0,7.897143097378,28.73054454406,0.005799999883023,0.085714283934,13.34515885908,81.40944273692,1.217142832328,2.22666664647,0,17.614285117,0,382.227289324329,0,81.199998253,151.96570937,56.55014118844932,53.5771448721178,16.67142529324,3.5842857533489,48.185064723991,0.4685714207,10.57968233731,0,2.45841265557,46.1428396071843,507.747226081715,0.12057142004282,0,0,0,37.5645708947252,0,7.8857144057,0,0.064247545035,2.1371428723,0.14914286430282,0,28.391428142,0,0.6226984227536,0.051428570593,2.705555517,3.358492118623,13.9895127754,,0,171.4842293969,11.2199204666426,5.5195238006,0,2.462857188,0.48857142703,9.614752888244,221.9248785008023,106.338280451555,9.8371431578,23.2130157317956,7.1400002013,28.8119634314734,0,48.408570114,0.286388888397,0.0613492037763,0,0.26285714298,103.89969196253,14.648685713315,0.0085714287423,0,4.247936604934,28.82000007339,23.20341293244,0,18.102856765,0,0,234.93714154,1050.8645288989,63.91087311938,0,0,0,0,63.43448593163,15.2314276765956,,27.2485706055956,0.028571429141
"2008-01-01 00:00:00",90.70961594365141,5.0886573064956,0,56.16067018275,131.6766640679296,0,6.3142856692,0,0.0028571427978,2.7514285566146,0,0.2856839889798,15.30277748097,0.584797129610243,0.0111904762488,0,8.865714146,19.688572375,6.8038096520778,13.765713429,0,0,1112.2743294412828,0,8.401520424772,0.38449428954,11.5142859194,0.31714284288,0.1757936525116,12.18531777642,1099.41455537744,0.017142857252,0,0.3885714419,0,77.103888794127,1743.83388571403,0,134.119134935657,0.014285713989,0.000371428578833,24.91920635921,14.966770379181,0.1963847616163,1.98746037973041,11.305105807477,,21.165714957,30.9865369567063,0.0579999999816,0,4.03484115233,44.18914289348282,32.532176633440024,10.63190486358,0.020000000515,0.0057142855956,0.560000007442,9.36314306252141,1.05999998659,0.30825713909,0.0057142855956,0.80000000897,1.47171437611041,78.803586233443,1.9685713721,0.0057142855956,2.550793795136,26.5714289732,304.191369721593,17.522858198,0,17.139321188879,0.6057142788323,0.57714284376,0.00028571429141,235.549529195289,0.4371428484123,0,1.4971429256,0.00114285717727,7.0272219979,0.0028571427978,0.51142858709,8.2119831939778,46.6935544931401,,56.67959974801727,14.71142819679,9.8575711365,10.62984413225,0.090873014664,179.174878232,396.43804721552,5.69692049386282,0.73293652111,0.2078571437153,21.1028579477978,11.8099999960288,0.0014285713989,0.21428570402,0,28.637143293,10.6285712869,1.05428574891,9.105012492183,1.6685714516,0,0,348.273207355768,1.288514836279,0,2.20640106909,0,2.3871093760802,1.9771427984,4.3457142971,21.599850607121,1.6342857464,0.0057142855956,0.17142857252,1.65685719258727,133.738090263448,0,1.09999999925,0.02114285676187,0,4.3542857234,3.48028573412141,42.751429919,4.2171430189,0,7.960000109604,33.3076708134,0.005799999883023,0.085714283934,13.62873006713,79.94666995032,1.380000004134,3.37166041756,0,16.182856576,0,398.108859155219,0,78.58857363,156.88285011,55.44363472754932,58.6745277138108,22.058190463215,3.5614286165489,43.767081725517,0.44571429553,11.281587463309,0,1.83142856293,50.143298726397,474.452372805289,0.19485714953282,0,0,0,39.79457146722877,0,10.7400000614,0,0.066960000631,1.548599938529141,0.15200000640282,0,27.051430009,0,0.7681745944496,0.27142858091,2.9111112313,4.323730306973,13.96967812441,,0,185.1590299529,11.7565087955083,4.1371430401,0,2.4657142138,0.44857141437,12.2594137899068,233.6558635123912,108.828600854137,8.11428589,23.5992063977912,7.4942860543,30.6803241420401,0,47.548573482,0.2626984142977,0.0641269839193,0,0.197142858398,97.882281937608,13.686821069303,0.0085714287423,0,4.708571358919,33.42476150221,15.0649201535423,0,32.131427965,0,0,245.63714859,1129.7755114823,73.6584898055478,0,0,0,0,74.070179201419,16.3708737399756,,26.9400011195956,0.022857142615
"2009-01-01 00:00:00",99.92820632036042,5.7228572572912,0.085714283934,53.35596171678,140.2696796160856,0,6.5285717919,0,0.0057142855956,1.2714286057296,0,0.5244664690678,20.27050755797,0.537800020490243,0.0056349206148,0,8.7514286946,19.794285586,6.8305558034256,17.64857152,0,0,1186.1214969810828,0,10.5820207803633,0.3742114157,14.865714882,0.34285713341,0.1650634856152,11.55722211164,1085.04046968207,0.020000000515,0,0.38571428817,0,83.64936737405,1882.37013560008,0,119.002410245139,0.014285713989,0.000371428578833,25.09880986807,19.320671207731,0.2558582501502,1.97011105974041,14.59680548702,,22.062856646,30.7378495444002,0.06828571315817,0,4.2620635441859,39.62057244298282,26.697176662000025,9.28444436434,0.020000000515,0.0057142855956,1.52107933694841,10.03828586544827,0.93428572256,0.304248583959,0.0057142855956,0.86571426564,1.37171428631041,62.93602392229,2.0285713575956,0.00885714303371,2.696428445353,24.1371436714,307.706654340345,19.451428534,0,24.13897008149,0.6028571599923,0.7571428891,0.00028571429141,226.395942315941,0.442857133659,0.00028571429141,1.4797142430715,0.0014285713989,8.37809535553,0.0028571427978,0.58571428169,9.7658174966078,47.739999793,,59.44570094009141,21.1084134328377,9.1277999176,12.3073022071078,0.27952381686,214.2444875326,404.54237694164,6.2299999194489,0.91293649667,0.1937301606183,19.4599994957978,10.651031651131,0.0014285713989,0.33999999131,0,28.899999901,9.628571203,1.7600001151,10.076044211553,1.851428546,0,0,353.672758643109,1.212266253539,0,2.36331935581,0,3.611361568793,2.0971428829,4.2514283752,23.309682193511,3.111428561,0.0057142855956,0.31428571241,1.6957936653678,98.307064887104,0.0028571427978,1.011428536,0.06399999989187,0,5.857142468,8.38028568003141,47.945717048,3.98600010679141,0,8.808571313304,37.65478116407,0.005799999883023,0.18571428302,12.52301603954,88.4597278452002,1.234285733774,3.01119050977,0,12.811428898,0,359.034870579789,0,79.491427983141,155.45429069,57.53742903106932,58.4938967630678,29.549119868078,3.5585714744489,55.15675924386,0.4994285793378,11.092460534728,0,1.619999948675,45.8052597368828,501.3673610491912,0.28057142416282,0,0,0,35.36085765864877,0,14.8599999,0,0.065714284582,2.21742856539141,0.15485713687282,0,29.817141701,0,0.8246031717423,0.24857143248,2.9555555089,4.891984202173,15.5592510914,,0,223.9967337838,11.1638889884893,9.1371431120956,0,2.4657142138,0.57714284376,14.1851501958912,229.133422645815,107.925687531081,5.2771428543,22.357697854378,7.4685717754,34.0232756539736,0,44.974286938,0.3225396813454,0.0642063462252,0,0.50000001869,108.3972707826502,14.700114797954,0.0085714287423,0,4.045714275419,34.27182470196,17.19992033546,0,26.391428672,0,0,243.14856119,1236.9798230414,85.003651923491,0,0,0,0.028571429141,85.257830056856,15.6011909196756,,27.9542859835956,0.020000000515
"2010-01-01 00:00:00",106.30950201663642,7.248571374315,0.30314285830141,62.74688477872,129.3848985329778,0.00057142858282,9.7514285465978,0.0014285713989,0.0057142855956,2.2771427784456,0.0057142855956,0.7684870709178,25.49149846953,0.754085701138923,0.0056349206148,0,10.502857391541,20.7300009033989,6.5022222150623,22.702856709,0,0.00314285708921,1255.798540150398,0,16.563063108999,0.348571433892,14.4417141807252,0.4193174466965,0.1564126960789,12.2153178738378,1050.92400152065,0.0114285711912,0,0.38314283710141,0,69.02166793177,2241.1138847607,0,124.28196421592,0.014285713989,0.000371428578833,25.33134965956,26.33299413242,0.367382950751,1.5713174120466,18.88841210463,,22.11714316,37.2318709043882,0.06828571315817,0,4.6005749199189,41.77714207875,25.092813207620026,11.08325413834,0.111428574464,0.0114285711912,2.92441277290241,14.00114218377027,1.2171427672,0.23074285182,0.014285713989,0.49171430668141,1.2008571784146,69.85387880742,2.1142857379423,0.0094285716049,2.590714303953,33.1228583671,338.19395072306,19.788571767,0,31.74845734502,0.7922857283238,0.84571425931,0.00599999988701,249.398317114541,0.448571424837,0.00057142858282,1.3797142695715,0.0017142857252,9.60309553681,0.2982784974438,0.4999999838,10.1262564802278,47.840000348,,78.275388665689,27.439205387867,13.480971487,11.30701653623,0.480873025288,238.8089040295,422.23664416213,4.7745238889356,0.93277777676,0.2050000016153,22.6942862137978,14.509127276387,0.0020000000515,0.4485714400723,0,31.419999931,24.285714828,2.3742856666,10.50332624685,1.9828570826,0,0.017142857252,381.058753404787,1.331075773776,0,2.95064674176,0,6.902059023782,2.0142857626978,4.9571427065,21.463750904281,3.2673014643523,0.0028571427978,0.33142857664,1.8220634497223,128.875550890623,0.0156807366758,1.15142856868,0.1200000014618,0,7.7799996828,11.69171432759141,47.088569766,3.52885725449141,0,9.085713977215,37.2570174981,0.00599999988701,0.19428572095,15.9929203129278,91.5240906103002,0.89428572153,3.815158698,0,18.0342867515956,0,337.205015529319,0,90.045715911908,152.92570772,59.44590582064932,51.7663943712668,38.477783132415,3.5728570686489,84.44300183045,0.4594285557456,11.923969294485,0,1.805714240999,58.2007349459956,480.0684149055912,0.31485714099282,0,0,0.017142857252,37.90685849597507,0,21.9242867663989,0.0057142855956,0.074285716697,2.14657144147423,0.15200000640282,0,33.634286803,0,0.9284127029323,0.35142857134,3.275396678089,6.82293668665,21.2212728626,,0,289.413789758,16.228809259948,17.5542845541912,0,3.42342871108282,0.6940000143815,13.845011338427,238.816470514478,109.20654345412,7.3314286057,25.001588446945,7.709999837421,30.6915685053124,0,46.388571696,0.274825385248,0.0114285711912,0,0.5428571276278,158.201576847396,17.734165766052,0.0085714287423,0,4.659999825756,37.8707919350578,27.290429299037,0,30.680001639,0.014285713989,0,217.1828689055956,1267.442300882,78.22420838164,0,0,0.0057142855956,0.057142857119,86.92109068989,16.6725391705623,,29.5228578105956,0.014285713989
"2011-01-01 00:00:00",102.8328699809926,7.0485716565423,0.3242857217389,76.06270903294,118.0750000245978,0.0014285713989,7.5685716326,0.0017142857252,0.0071428572271,2.6479999276956,0.0085714287423,0.7234837973678,30.24688033073,0.702942846035223,0.0056349206148,0,11.365714190604,19.9305713810515,6.9791268447723,12.408571513,0,0.00314285708921,1331.8272240140957,0,11.33920367771,0.257142854128,21.2714286345956,0.3852380915398,0.2192698372816,12.6151576477423,1125.0536530961,0.071428571108,0,0.4179999941326,0,73.76627184166,2267.60703241324,0,148.386590181698,0.014285713989,0.000371428578833,25.4003963538678,14.991248156481,0.683840578454,1.6068254266413,23.49680246561,,22.094285558,43.183164235796,0.10257142998817,0,4.957910201601,41.56571344705,32.272335812370024,10.90039681134,0.111428574464,0.0114285711912,3.30715876067682,17.8222853219268,2.23742856009141,0.305714273317,0.017142857252,1.71142853658,1.31742857478041,69.22217021336,1.962857112323,0.0102857144675,2.404920702007,28.9457147561,390.856634922345,21.385715015,0,24.70705642328,0.6580000061276,0.96571428566,0.00885714303371,212.347041643341,0.508571419404,0.00057142858282,1.1825714646715,0.0022857143778,8.97515891228,0.5114080382756,0.34285713341,9.2322672539178,48.14000085,,65.5946497418368,34.786824623635,9.6085716735,15.8235666138178,0.854206350402,256.091771944,491.97800798794,5.2006348658056,1.07190475697,0.1850793595683,22.2999989757978,14.736667015704,0.0020000000515,0.3057142885523,0,39.994284885,37.142856604,2.2771428352,8.89331319449282,1.3999999779,0,0.017142857252,391.465132155391,1.314714302497,0,3.55835735417,0,4.0920252908318,1.9742857732978,5.1142857546,26.013021976867,3.5615872169523,0.0028571427978,0.37142855441,1.5351586417323,127.15912758189,0.048107505467,0.99428574155,0.1685714357698,0,3.4057143136,7.64600018359141,47.548573482,3.97171427999141,0,9.897142567378,41.8014161566,0.00628571417842,0.25428571668,16.6671435815078,94.184216202083,1.19142855808,3.67047627613,0,16.6457135975956,0,348.311298719119,0,80.791427663064,162.99713653,64.70206350294931,57.4758079819278,45.356668784578,3.8871428159489,72.3717860887,0.4337142652156,11.655317761028,0.0028571427978,1.582857128124,47.7369257179056,478.322480113189,0.37199998299282,0,0,0.014285713989,37.34685585491957,0,11.5337144863778,0.0057142855956,0.071428569945,1.70085715757423,0.15771427897282,0,24.514285033,0,0.9481745966423,0.42857140804,3.369999985015,6.710872865304,25.6489573768,,0,264.082059937,13.46603164715,18.308571931252,0.0028571427978,3.34685707037727,0.8028571517678,11.27668286785,244.251339198504,99.413222186329,9.285714151,25.86666688304,5.732301486714,40.7931646739946,0,45.822858258,0.3156031767202,0.0114285711912,0,0.4742857062956,162.76646724956,13.780681358789,0.0085714287423,0,4.894285712882,31.677937732844,21.19390765868,0,28.965715216,0.01171428548261,0.0020000000515,236.6714227255956,1540.847648011,116.16126649758,0,0,0.0085714287423,0.097142861638,112.67880964025,15.0867464540112,,32.4857142845956,0.017142857252
"2012-01-01 00:00:00",99.154548065925,6.5800001198912,0.3914285737656,76.1584573698878,147.1627310715878,0.0014285713989,5.1514286019,0.0025714284715,0.0051428571756,2.1999999985,0.0085714287423,0.895956398942,36.46721200986,0.6057142788323,0.0056349206148,0,10.70857104473,19.2734275350515,6.9655556582123,11.922857356,0,0.00314285708921,1310.496289792515,0.0057142855956,16.04875105763,0.302857150988,21.9771433161912,0.4195237974376,1.5392698026546,10.0806348533012,1142.3624468392,0.197142857235,0,0.42685714637727,0,71.7290503008,2855.26742434004,0,145.038276911217,0.0085714287423,0.00028571429141,26.4800804069056,15.2833568477456,0.924663252455,1.916269850218,25.4749552481,,21.50464975901741,46.533045467529,0.07828571667207,0.0014285713989,6.085519527775,41.39142825578,35.4450781300356,10.69023812912,0.18571428302,0.0114285711912,4.1414126808226,21.45171480127701,2.79171424379141,0.314285710084,0.020000000515,2.31142866833,1.5257142375106,82.533246244449,1.73714279222,0.00885714303371,2.6049205351493,26.1457138699,448.125475411945,22.828572357,0,28.01860283622,0.6465714260976,0.98571429199,0.00885714303371,268.34846845,0.40571427124,0.0017142857252,1.4025714063715,0.0028571427978,9.56801575847,0.3027687667096,0.6314285799456,8.666628404225,49.408572175,,69.6400721722913,35.863887577518,12.422856642,15.4496990506978,1.376825414206,281.456112285,472.66763781662,5.2490476715656,1.17865080501,0.1966666681643,21.6114290107423,17.376111070829,0.0022857143778,0.2800000096523,0,40.105713078,37.42971483417727,2.8514285142978,11.80355589739282,1.3885714095,0,0.020000000515,375.103068211591,1.555999737687,0,3.9243406276756,0,3.0041178882063,2.1599998934978,4.371428576,29.63544346632,3.758730024062,0.0057142855956,0.3885714309678,1.611746042309,119.958434995136,0.112042211643,0.76000000794,0.1657142820398,0,4.1771427969,6.6942856848,42.8499681240802,4.54599984209141,0,10.031428714767,42.81613371475,0.0057142855956,0.66571430701,18.2526191722656,88.572365240236,1.29142858973,4.88396817699,0,16.0714285146516,0,412.4932264649,0,84.63999785312,170.386378457667,65.0360685025178,60.1815949010378,54.818589763378,2.7814286487989,58.50807087139,0.35142857134,15.312223068079,0.0028571427978,1.985714284013,44.126966779215,479.0678590253868,0.38571428817,0,0,0.022857142615,38.19828664336847,0.00028571429141,13.5025707584715,0.0057142855956,0.071428569945,2.10857147456,0.105714282123,0.0028571427978,26.285159793556,0,0.9564285824412,0.33142857664,3.509365070867,4.387814488887,24.6712857299,0.0057142855956,0.0114285711912,266.568207363,9.83825384606,18.759999574767,0.0028571427978,3.5311429686715,0.7800000382278,12.7037651034,284.554854975745,118.649285586,9.1571425239,30.33833310322,5.0970300123812,46.4546651960378,0,47.802856454,0.2673174637165,0.0114285711912,0,0.885714287089,183.30208304168,15.473405623392,0.0085714287423,0,5.014285798545,31.77793820876,18.67404012927,0,31.708571632,0.01485714257182,0.0020000000515,232.1199971410812,1492.877511452,149.74118707456,0,0,0.0114285711912,0.100000001412,128.0368659766,15.726665886919,,34.9399989995956,0.017142857252
"2013-01-01 00:00:00",109.538823450267,6.1571427401912,0.4371428589956,95.1637353437978,144.93677843697728,0.0017142857252,4.5893651361256,0.0025714284715,0.0051428571756,2.9400001540912,0.0114285711912,1.098492791955,39.39694398764,0.7485714303523,0.0084920634126,0,13.525713851967,21.5191433190515,7.7106349816101,20.4714280317978,0.0057142855956,0.00314285708921,1261.293740273989,0.0057142855956,20.71196630857,0.3317063509327,24.977141477515,0.4223015983983,2.9314127502646,11.751746227819,1195.6739144322,0.222857147765,0,0.44114286850727,0.00028571429141,73.828493719815,3174.83430404954,0,150.32523074164,0.0057142855956,0.0022857143778,25.6140479338823,26.598905402951,1.10554078711,2.331746032937,29.0036597192,,23.3342850111049,49.822981416867,0.10685714232407,0.0014285713989,7.486476482551,42.25714383561,32.5796201627512,10.7821426457,0.37142855441,0.0114285711912,3.6024603256948,24.62028469563341,2.7465713987626,0.317142857999,0.020000000515,1.48571427579,1.5257143514846,75.171776878897,1.52571426519,0.00885714303371,2.6706349187026,28.4514299869,471.03584204159,23.2971428497423,0,42.76011301656,0.6665714428946,1.06857143615,0.00885714303371,307.490889562,0.4457142839,0.0057142855956,1.3771428417978,0.0028571427978,9.40372995979,0.4136237432934,0.4057142958956,9.46700781287,51.4641178393063,,84.2822462759368,42.389762399167,13.58571502349,16.7131298808078,1.628015855232,336.377796409,553.85408553794,4.7374602768256,1.0793650647,0.1795238039343,21.8857145377868,17.5343651526,0.0022857143778,0.4142857116123,0.00057142858282,37.131430129,43.72931866926227,3.5999998628912,10.01301668159282,1.4714285304,0,0.022857142615,415.008733774728,1.807239198,0,4.94911939047,0,4.555546518242,2.3171429415978,3.6857142394,35.3085536982,3.487301643188,0.0057142855956,0.57428573655,1.6580158013435,111.597067688485,0.142246755622,0.8855555207255,0.354285707625,0,7.0828574756,11.7514284811,41.160665038667,3.59742843229141,0,9.96000027973,41.55321402314,0.0057142855956,0.67714286378,19.8452371421412,89.58652393967,1.43428572962,6.1760317182,0.0114285711912,15.1342862582406,0,372.8135309865,0,91.70856868782,170.852628446631,69.0795997885578,57.8787455325178,54.690989008678,2.8157142376989,87.16717217426,0.837142851618,14.6745241299046,0.0114285711912,2.271428514947,58.76446506055,521.7964308771868,0.67999998262,0,0,0.022857142615,39.33257182516627,0.00028571429141,19.8857144827978,0.0057142855956,0.06885714446241,2.382857230134,0.114285714238,0.0028571427978,28.9324599960214,0.020000000515,1.0467460459612,0.29714285981,3.818015855219,4.212864728016,29.6377748859,0.0057142855956,0.0114285711912,323.2629188303,20.369365379408,23.557143137767,0.0028571427978,3.7057142347978,0.6885714096178,14.9952435794812,241.108752374212,119.33326535462,8.4857140141,30.90325417769,4.973283003091,48.4124336123278,0,48.28571312,0.2164603227065,0.0114285711912,0,1.225714283051,195.12124658499,17.754934945692,0.0085714287423,0,5.645714323597,42.77484001578,26.87276163355,0,32.7000008717978,0.01485714257182,0.0114285711912,236.5828445299712,1594.232939355,147.36682774354,0,0,0.025714285878,0.2914285653756,162.7500481086,14.612540336225,,37.5742866917423,0.017142857252
"2014-01-01 00:00:00",108.75502611423,5.6457143042912,0.457142858115,107.3261945412978,144.34987246407727,0.0017142857252,4.1747618606179,0.0057142855956,0.0257142854128,2.0885714710212,0.028571429141,1.0867590449118,42.07320816338,0.7428571232412,0.0084920634126,0,14.408571491231,20.4305718300515,6.925158779827,16.7914285417978,0.0057142855956,0.00314285708921,1246.40530235723,0.0057142855956,21.98422565776,0.28912698673577,25.017142401967,0.4280952483932,5.3252223468186,13.125714127765,1191.3196053325,0.231428562435,0,0.44685715270727,0.00028571429141,85.4686499604,3680.68480703254,0,144.53758101264,0.0057142855956,0.0057142855956,26.0056356046523,28.455066867002,0.994154750534,2.178015816478,28.9808566619,,25.0039205335055,55.803427703467,0.08971428390907,0.0014285713989,6.007274706707,43.90857173681,34.18486590103,10.5651587119,0.37142855441,0.0114285711912,4.1197617947133,26.96885605542141,2.6922856988626,0.445714300182,0.020000000515,1.2857143062278,1.1657142495235,79.86820778316,1.57714283462,0.00885714303371,2.2819841125196,29.3485715596,503.14435541759,23.7342851261912,0,36.74165691268,0.5665714531126,1.12000000558,0.04285714313,295.519802596,0.45142857973,0.0085714287423,1.2342857374956,0.025714285878,9.08063527833,1.3411599023134,0.2600000022756,10.49966969344,50.912690115179,,87.9997047771128,40.3676983664,8.45428596272,19.1134248212578,2.626507992169,359.260302891,560.68881999897,5.6144444089323,1.13134922249,0.1852380987176,23.4114281935648,21.540635167702,0.0028571427978,0.4342857179423,0.0085714287423,37.614286795,45.1596028418828,0.562857137912,8.03537672395282,1.4857142409,0,0.022857142615,461.205443849991,2.03457636714,0,5.02913945428,0.0085714287423,3.709101226207,2.5171427722978,4.0285712914,42.37154602895,2.990158801488,0.0057142855956,0.60285713429,1.6621429424673,149.230622001014,0.26927670527,0.9389682247936,0.574285719105,0,4.9542856807,10.1171427347,45.771360863393,4.20028588059141,0,10.851428759142,40.72023632344,0.0057142855956,0.68857143218,20.994763003977,96.22307439679,0.97714284243,6.79809527414,0.0114285711912,15.1942862433873,0,394.2454488514,0,94.82000085412,156.436143727787,70.38276937431,57.733303569769,62.119146653867,2.5728571591989,92.90680525019,0.98857141083,14.6718253330458,0.020000000515,1.93428573668,78.3402085835,506.41660273471,0.85714282771,0,0,0.022857142615,36.79257098869227,0.00057142858282,13.7947410607078,0,0.0702857158962,2.648571446597,0.1199999998336,0.0028571427978,31.2150791421288,0.020000000515,1.1003175010412,0.51428570593,4.033412770849,9.783562233574,29.174929612,0.0057142855956,0.014285713989,320.4923274229,13.816745870163,25.248570795767,0.0028571427978,3.868571573378,0.8657142895978,19.0747013311212,253.11619834412,119.48522687719,6.6200002228,28.4592074331,7.458187135571,50.5448650553278,0,45.257143657,0.3596031659906,0.0114285711912,0,1.685714240235,148.43207160409,17.891234765942,0.0085714287423,0,7.32285685376,28.79825562521,33.6304563141012,0,33.4685725625956,0.01485714257182,0.042857141967,246.905721732769,1649.260321571,169.6896070537112,0,0,0.31428571241,0.8628571133056,197.6845376269,15.782856687815,,39.7314268841912,0.017142857252
"2015-01-01 00:00:00",113.011747882767,6.2514286624401,0.499999990778,97.7006142253978,137.4100188521914,0.014285713989,5.165555616398,0.0057142855956,0.0257142854128,2.0514286237212,0.04000000103,0.916666695892,46.55772357972,0.688571424039,0.057063492836,0,14.853810287233,22.0962860246471,7.564761581798,15.7028570527978,0.0057142855956,0.0037142856604,1246.96733854042,0.0057142855956,25.94761364851,0.3013888768625,26.651429084582,0.6852380955432,5.8206985362496,12.365475831592,1203.5956527629,0.220000004502,0,0.42971426521727,0.0008571428626,92.034364367,3993.35307882074,0,146.5175409692,0.0057142855956,0.0085714287423,30.3372216614523,21.53369730981,1.239869029284,2.235634974432,29.4570204955,,25.2809051736285,58.597107105493,0.06971428455707,0.0014285713989,5.329206269377,44.36000079337,39.003286947939,9.8376190574,0.37142855441,0.0114285711912,4.603809607523,29.58599984838441,2.6188570308252,0.54000000809,0.025714285878,0.928571420915,1.1885714350532,91.719749629097,1.55428568619,0.01171428548261,2.6334127071196,29.111429812,570.44740676335,16.5428563667423,0,43.6174365861,0.5837143126906,1.16285712545,0.0057142855956,289.495491671,0.4399999997,0.088571429523,1.0942857407523,0.02885714343241,10.72809541895,0.2891269890734,0.2399999959456,10.84131009625,53.285507301221,,78.1437112498802,40.5246027152628,7.36571412482,23.3060940061256,3.460317432253,326.916263407,567.46432366084,4.1259521916912,1.19230159892,0.5223809595576,26.72857005583,24.118888718658,0.0114285711912,0.4057142736823,0.014285713989,31.397143492,42.016827059631,1.371428561552,8.00318780308282,1.5142857782,0,0.022857142615,518.967732215154,2.23549850336,0,5.5576148418,0.0114285711912,5.853026985486,2.3171429415978,3.2000000824,45.06874343711,3.033015816688,0.0057142855956,0.862857136333,1.9007937221093,133.276261995832,0.33752886901827,0.9245238231762,0.625714300165,0,4.2171430189,12.545714569889,48.701327239171,4.24885706369141,0,9.905714258842,45.95717911745,0.0057142855956,0.68571426682,19.08301644106,98.89843286302,1.1485714731,6.50968267154,0.0114285711912,16.2514281249133,0,400.5251479473,0,101.15142599159,157.773959383128,74.56633539695,61.07381381968,69.40741962202,2.5165713438778,73.22926018533,1.12285715931,19.037301810419,0.020000000515,2.17428567308,75.9123796762,485.71053761607,0.92857140347,0,1.5444443453,0.022857142615,28.31828636058127,0.0028571427978,17.0867667861378,0,0.0742857127428,2.919999944934,0.1199999998336,0.0028571427978,28.6234934615888,0.020000000515,1.1570635041812,0.54285716182,4.31341260012,17.56580176366,35.0462056701,0.0057142855956,0.0199999995846,282.234790794,18.081190275036,23.871429008345,0.0028571427978,3.860000030778,0.6628571190878,12.547268711212,302.43731213991,120.52553992542,1.1685714678,29.8793648759,6.111089877284,52.5202602368878,0,48.085715499,0.1824603106662,0.0114285711912,0,1.594285729088,235.59244026324,18.187787403252,0.0085714287423,0,7.559999881823,20.12563541591,34.57888440462,0,33.4342861595956,0.01485714257182,0.085714283934,212.134270279295,1677.85966969,159.2695219736212,0,0,1.5685714781,0.8485714260656,251.6169694152,14.501191380741,,36.8885722391912,0.017142857252
"2016-01-01 00:00:00",99.63758678213,6.6571427232934,0.397142840288,106.8716866748378,145.8824653622914,0.017142857252,6.189047430374,0.0057142855956,0.0257142854128,2.085714341249,0.085714283934,1.1860317031,47.70558808838,0.760000034689,0.0574206337377,0,16.930555976043,22.5191435206471,5.813809520636,16.0285712719688,0.0057142855956,0.0037142856604,1344.98585918728,0.0028571427978,21.28962165154,0.4455555424247,27.668571215123,0.802301603415,7.5975240584476,13.085475641955,1229.8792189999,0.214285720302,0,0.48685716536727,0.0265714287406,96.1015087631,4396.45664789334,0,147.89726774044,0.0057142855956,0.0114285711912,30.3034913934223,23.6643311914002,1.304108948528,2.259841213329,29.5553008572,,25.8068260172273,56.975504111345,0.10400000138707,0.0014285713989,7.560317492471,44.43714258337,46.991592508584,9.8776193957,0.37142855441,0.0628571427146,4.642381095653,31.83742956884741,2.7131428364252,0.45142857973,0.025714285878,1.337142827277,1.4400000898802,87.922354009271,1.41142858119,0.01171428548261,2.7305556548196,31.814284384778,573.87587630006,15.814285614934,0,44.9933261784,0.6494285868056,1.09714288041,0.00599999988701,312.7635708021912,0.42000001663,0.18857142512,1.1371428722523,0.02885714343241,12.6390476424,0.2891269890734,0.2028571479478,11.17902865372,52.190488243728,,116.136708538408,47.2409529788792,9.69714312512,22.5087384861012,4.833809397709,323.380231687,637.11041701547,4.820555675259,1.508809547307,2.6482538973554,33.91142855163,22.090238330793,0.014285713989,0.7028571334923,0.191428568383,32.511430074,51.159684105631,1.097142850172,9.8991200353512,1.4571428199,0,0.022857142615,548.112196343191,2.66251934165,0,6.91389220686,0.0114285711912,5.965311680303,2.6885715308978,3.9999998704,62.69220755487,3.287301696188,0.0028571427978,0.911428567152,1.853333294607,134.985295756081,0.45027309188427,0.6960317379329,0.625714300165,0,5.2142857281,13.26571417789,44.196277415675,3.84314300179141,0,12.125714019442,49.41575667728,0.0057142855956,0.67142859121,20.96277806284,103.21553005648,0.78571428684,6.7890475063,0.014285713989,15.8828564474393,0,419.2937966263,0,107.6457094848,180.491762273817,76.59897924188,64.3817861708,67.42732179181,2.5171427722978,94.85716030906,1.08857140759,20.531665724259,0.022857142615,2.125714263195,78.4512818289,532.06158591954,0.92857140347,0,1.6333333657,0.022857142615,36.2485706738278,0.0028571427978,21.2713335826056,0,0.0771428555406,3.031428376349,0.1199999998336,0.0028571427978,30.742618168412,0,1.209285706672,0.62857141319,4.3941269633,23.49619743812,51.0077649779,0.0057142855956,0.0257142851802,304.8955869102,13.191428557722,22.831428350056,0.0085714287423,3.280000068178,0.3742856972078,14.446493149622,266.11027275193,111.36212591239,2.6285714298,35.7660323086,6.866039361177,92.0003881716878,0,47.045713216,0.6024603040362,0.0114285711912,0,1.66285713251,255.96378679454,20.268275544652,0.0085714287423,0,9.280000133127,26.20349241933,36.39020188309,0,33.871428902989,0.028571427978,0.085714283934,191.582862389295,1895.848985589,182.080956214455,0,0,2.0857141982,1.0228571406856,254.8353175671,8.818968335594,,31.200000457989,0.017142857252